#
# A fatal error has been detected by the Java Runtime Environment:
#
#  SIGSEGV (0xb) at pc=0x00005b942f3ec635, pid=581615, tid=669145
#
# JRE version: OpenJDK Runtime Environment (11.0.30+7) (build 11.0.30+7-post-Ubuntu-1ubuntu122.04)
# Java VM: OpenJDK 64-Bit Server VM (11.0.30+7-post-Ubuntu-1ubuntu122.04, mixed mode, sharing, tiered, compressed oops, g1 gc, linux-amd64)
# Problematic frame:
# C  [python3+0x190635]  PyObject_RichCompare+0x35
#
# Core dump will be written. Default location: Core dumps may be processed with "/wsl-capture-crash %t %E %p %s" (or dumping to /home/jovyan/d/git/01_mdls_ds8_open/08_dl/260318_dl_DKTC/core.581615)
#
# If you would like to submit a bug report, please visit:
#   https://bugs.launchpad.net/ubuntu/+source/openjdk-lts
# The crash happened outside the Java Virtual Machine in native code.
# See problematic frame for where to report the bug.
#

---------------  S U M M A R Y ------------

Command Line: -Dfile.encoding=UTF8 -ea -Xmx1024m 

Host: 13th Gen Intel(R) Core(TM) i5-13500T, 20 cores, 31G, Ubuntu 22.04.3 LTS
Time: Wed Mar 18 07:26:59 2026 UTC elapsed time: 14355.377819 seconds (0d 3h 59m 15s)

---------------  T H R E A D  ---------------

Current thread (0x0000776fd0001000):  JavaThread "SIGTERM handler" daemon [_thread_in_native, id=669145, stack(0x0000776f7f900000,0x0000776f7fa00000)]

Stack: [0x0000776f7f900000,0x0000776f7fa00000],  sp=0x0000776f7f9fe630,  free space=1017k
Native frames: (J=compiled Java code, A=aot compiled Java code, j=interpreted, Vv=VM code, C=native code)
C  [python3+0x190635]  PyObject_RichCompare+0x35

Java frames: (J=compiled Java code, j=interpreted, Vv=VM code)
j  org.jpype.JPypeSignal.interruptPy(I)V+0
j  org.jpype.JPypeSignal.lambda$getSignalHandler$0(ILjava/lang/Object;Ljava/lang/reflect/Method;[Ljava/lang/Object;)Ljava/lang/Object;+7
j  org.jpype.JPypeSignal$$Lambda$11.invoke(Ljava/lang/Object;Ljava/lang/reflect/Method;[Ljava/lang/Object;)Ljava/lang/Object;+7
j  com.sun.proxy.$Proxy2.handle(Lsun/misc/Signal;)V+16
j  sun.misc.Signal$InternalMiscHandler.handle(Ljdk/internal/misc/Signal;)V+8 jdk.unsupported@11.0.30
j  jdk.internal.misc.Signal$1.run()V+8 java.base@11.0.30
j  java.lang.Thread.run()V+11 java.base@11.0.30
v  ~StubRoutines::call_stub

siginfo: si_signo: 11 (SIGSEGV), si_code: 1 (SEGV_MAPERR), si_addr: 0x0000000000000020

Register to memory mapping:

RAX=0x00005b942f805ae0: _PyRuntime+0x0000000000000000 in /usr/bin/python3 at 0x00005b942f25c000
RBX=0x00007770feffc0f0 points into unknown readable memory: 0x000000000001248d | 8d 24 01 00 00 00 00 00
RCX=0x00005b942f8472b8: <offset 0x00000000005eb2b8> in /usr/bin/python3 at 0x00005b942f25c000
RDX=0x0000000000000002 is an unknown value
RSP=0x0000776f7f9fe630 is pointing into the stack for thread: 0x0000776fd0001000
RBP=0x000000000000000f is an unknown value
RSI=0x00007770feffc0f0 points into unknown readable memory: 0x000000000001248d | 8d 24 01 00 00 00 00 00
RDI=0x00007770feffc0d0 points into unknown readable memory: 0x0000000000008b97 | 97 8b 00 00 00 00 00 00
R8 ={method} {0x0000776fedc24028} 'interruptPy' '(I)V' in 'org/jpype/JPypeSignal'
R9 =0x0000000000000004 is an unknown value
R10=0x0000776fff0999e1 is at code_begin+897 in an Interpreter codelet
method entry point (kind = native)  [0x0000776fff099660, 0x0000776fff099fe0]  2432 bytes
R11=0x00000000c03ca888 points into unknown readable memory: 0x0000003b22cdd001 | 01 d0 cd 22 3b 00 00 00
R12=0x0 is NULL
R13={method} {0x0000776fedc24028} 'interruptPy' '(I)V' in 'org/jpype/JPypeSignal'
R14=0x0000776f7f9fe740 is pointing into the stack for thread: 0x0000776fd0001000
R15=0x0000776fd0001000 is a thread


Registers:
RAX=0x00005b942f805ae0, RBX=0x00007770feffc0f0, RCX=0x00005b942f8472b8, RDX=0x0000000000000002
RSP=0x0000776f7f9fe630, RBP=0x000000000000000f, RSI=0x00007770feffc0f0, RDI=0x00007770feffc0d0
R8 =0x0000776fedc24028, R9 =0x0000000000000004, R10=0x0000776fff0999e1, R11=0x00000000c03ca888
R12=0x0000000000000000, R13=0x0000776fedc24028, R14=0x0000776f7f9fe740, R15=0x0000776fd0001000
RIP=0x00005b942f3ec635, EFLAGS=0x0000000000010206, CSGSFS=0x002b000000000033, ERR=0x0000000000000004
  TRAPNO=0x000000000000000e

Top of Stack: (sp=0x0000776f7f9fe630)
0x0000776f7f9fe630:   0000776f7f9fe690 0000776fd0000c40
0x0000776f7f9fe640:   0000776fd0001000 0000776fedc24028
0x0000776f7f9fe650:   000000000000000f 00007770feffc0d0
0x0000776f7f9fe660:   0000776fedc24028 0000776f7f9fe740 

Instructions: (pc=0x00005b942f3ec635)
0x00005b942f3ec535:   48 89 7c 24 08 e8 e1 58 00 00 48 8b 7c 24 08 89
0x00005b942f3ec545:   c5 48 83 2f 01 0f 85 cf fd ff ff e9 55 4c ef ff
0x00005b942f3ec555:   e9 50 4c ef ff 66 0f 1f 44 00 00 f3 0f 1e fa 41
0x00005b942f3ec565:   54 55 48 83 ec 08 48 39 f7 74 40 e8 8b 00 00 00
0x00005b942f3ec575:   48 89 c5 48 85 c0 74 53 48 8d 05 3c cf 3e 00 48
0x00005b942f3ec585:   39 45 08 75 4c 45 31 e4 48 3b 2d b4 a8 3d 00 41
0x00005b942f3ec595:   0f 94 c4 48 83 6d 00 01 74 4e 48 83 c4 08 44 89
0x00005b942f3ec5a5:   e0 5d 41 5c c3 66 0f 1f 44 00 00 83 fa 02 75 11
0x00005b942f3ec5b5:   41 bc 01 00 00 00 48 83 c4 08 44 89 e0 5d 41 5c
0x00005b942f3ec5c5:   c3 83 fa 03 75 a5 45 31 e4 eb cf 41 83 cc ff eb
0x00005b942f3ec5d5:   c9 48 89 ef e8 42 58 00 00 48 83 6d 00 01 41 89
0x00005b942f3ec5e5:   c4 75 b7 e9 3d 4c ef ff e9 38 4c ef ff 66 66 2e
0x00005b942f3ec5f5:   0f 1f 84 00 00 00 00 00 0f 1f 00 f3 0f 1e fa 41
0x00005b942f3ec605:   57 41 56 41 55 41 54 55 53 48 83 ec 18 48 8d 05
0x00005b942f3ec615:   c7 94 41 00 4c 8b a0 38 02 00 00 48 85 ff 0f 84
0x00005b942f3ec625:   44 4c ef ff 48 89 f3 48 85 f6 0f 84 38 4c ef ff
0x00005b942f3ec635:   41 8b 4c 24 20 4c 63 ea 49 8b 54 24 10 48 89 fd
0x00005b942f3ec645:   83 c1 01 41 89 4c 24 20 3b 4a 40 0f 8f 37 04 00
0x00005b942f3ec655:   00 4c 8b 76 08 4c 8b 7f 08 4d 39 f7 0f 85 21 03
0x00005b942f3ec665:   00 00 49 8b 87 c8 00 00 00 48 85 c0 0f 84 34 04
0x00005b942f3ec675:   00 00 4c 8d 1d b2 9a 00 00 45 31 f6 4c 39 d8 0f
0x00005b942f3ec685:   85 f6 00 00 00 41 f6 87 ab 00 00 00 01 0f 84 82
0x00005b942f3ec695:   03 00 00 4c 8b 4b 08 41 f6 81 ab 00 00 00 01 0f
0x00005b942f3ec6a5:   84 70 03 00 00 48 39 dd 0f 84 fd 00 00 00 4c 8b
0x00005b942f3ec6b5:   7d 10 4c 89 fe 48 2b 73 10 0f 85 fc 01 00 00 4c
0x00005b942f3ec6c5:   89 fa 48 f7 da 49 0f 48 d7 4d 85 ff 0f 84 19 02
0x00005b942f3ec6d5:   00 00 8b 4c 95 14 2b 4c 93 14 0f 84 63 01 00 00
0x00005b942f3ec6e5:   4d 85 ff 0f 88 12 03 00 00 48 8d 15 7b c3 1c 00
0x00005b942f3ec6f5:   45 89 e8 48 63 f1 4a 63 04 82 48 01 d0 3e ff e0
0x00005b942f3ec705:   4c 89 fe 4c 89 f7 e8 00 77 0c 00 85 c0 0f 84 4f
0x00005b942f3ec715:   ff ff ff 49 8b 8e c8 00 00 00 48 85 c9 0f 84 2d
0x00005b942f3ec725:   4b ef ff 48 8d 15 d1 7f 3f 00 49 63 f5 48 89 df 


Stack slot to memory mapping:
stack at sp + 0 slots: 0x0000776f7f9fe690 is pointing into the stack for thread: 0x0000776fd0001000
stack at sp + 1 slots: 0x0000776fd0000c40 points into unknown readable memory: 0x0000001e00000003 | 03 00 00 00 1e 00 00 00
stack at sp + 2 slots: 0x0000776fd0001000 is a thread
stack at sp + 3 slots: {method} {0x0000776fedc24028} 'interruptPy' '(I)V' in 'org/jpype/JPypeSignal'
stack at sp + 4 slots: 0x000000000000000f is an unknown value
stack at sp + 5 slots: 0x00007770feffc0d0 points into unknown readable memory: 0x0000000000008b97 | 97 8b 00 00 00 00 00 00
stack at sp + 6 slots: {method} {0x0000776fedc24028} 'interruptPy' '(I)V' in 'org/jpype/JPypeSignal'
stack at sp + 7 slots: 0x0000776f7f9fe740 is pointing into the stack for thread: 0x0000776fd0001000


---------------  P R O C E S S  ---------------

Threads class SMR info:
_java_thread_list=0x0000776fd00024d0, length=11, elements={
0x00005b944a0a0000, 0x00005b944c288000, 0x00005b944c289000, 0x00005b944c28a800,
0x00005b944c28c000, 0x00005b944c28d000, 0x00005b944c28e800, 0x00005b944c290000,
0x00005b944c2be800, 0x00005b944c38e800, 0x0000776fd0001000
}

Java Threads: ( => current thread )
  0x00005b944a0a0000 JavaThread "main" [_thread_in_native, id=581615, stack(0x00007ffe7ba89000,0x00007ffe7bb89000)]
  0x00005b944c288000 JavaThread "Reference Handler" daemon [_thread_blocked, id=582464, stack(0x0000776ffc120000,0x0000776ffc220000)]
  0x00005b944c289000 JavaThread "Finalizer" daemon [_thread_blocked, id=582465, stack(0x0000776ffc020000,0x0000776ffc120000)]
  0x00005b944c28a800 JavaThread "Signal Dispatcher" daemon [_thread_blocked, id=582466, stack(0x0000776fed700000,0x0000776fed800000)]
  0x00005b944c28c000 JavaThread "Service Thread" daemon [_thread_blocked, id=582467, stack(0x0000776fed600000,0x0000776fed700000)]
  0x00005b944c28d000 JavaThread "C2 CompilerThread0" daemon [_thread_blocked, id=582468, stack(0x0000776fed500000,0x0000776fed600000)]
  0x00005b944c28e800 JavaThread "C1 CompilerThread0" daemon [_thread_blocked, id=582469, stack(0x0000776fed400000,0x0000776fed500000)]
  0x00005b944c290000 JavaThread "Sweeper thread" daemon [_thread_blocked, id=582470, stack(0x0000776fed300000,0x0000776fed400000)]
  0x00005b944c2be800 JavaThread "Common-Cleaner" daemon [_thread_blocked, id=582473, stack(0x0000776fecfff000,0x0000776fed0ff000)]
  0x00005b944c38e800 JavaThread "Python Reference Queue" daemon [_thread_blocked, id=582474, stack(0x0000776fecee7000,0x0000776fecfe7000)]
=>0x0000776fd0001000 JavaThread "SIGTERM handler" daemon [_thread_in_native, id=669145, stack(0x0000776f7f900000,0x0000776f7fa00000)]

Other Threads:
  0x00005b944c287000 VMThread "VM Thread" [stack: 0x0000776ffc221000,0x0000776ffc321000] [id=582463]
  0x00005b944c2bc800 WatcherThread [stack: 0x0000776fed100000,0x0000776fed200000] [id=582472]
  0x00005b944a1ce800 GCTaskThread "GC Thread#0" [stack: 0x0000776ffeda9000,0x0000776ffeea9000] [id=582458]
  0x0000776fe4001800 GCTaskThread "GC Thread#1" [stack: 0x0000776fecde7000,0x0000776fecee7000] [id=582475]
  0x0000776fe4003000 GCTaskThread "GC Thread#2" [stack: 0x0000776fecce6000,0x0000776fecde6000] [id=582476]
  0x0000776fe4004800 GCTaskThread "GC Thread#3" [stack: 0x0000776fecbe5000,0x0000776fecce5000] [id=582477]
  0x0000776fe4006800 GCTaskThread "GC Thread#4" [stack: 0x0000776fecae4000,0x0000776fecbe4000] [id=582478]
  0x0000776fe4008000 GCTaskThread "GC Thread#5" [stack: 0x0000776fec9e3000,0x0000776fecae3000] [id=582479]
  0x0000776fe4009800 GCTaskThread "GC Thread#6" [stack: 0x0000776fec8e2000,0x0000776fec9e2000] [id=582480]
  0x0000776fe400b800 GCTaskThread "GC Thread#7" [stack: 0x0000776fec7e1000,0x0000776fec8e1000] [id=582481]
  0x0000776fe400d000 GCTaskThread "GC Thread#8" [stack: 0x0000776fec6e0000,0x0000776fec7e0000] [id=582482]
  0x0000776fe400e800 GCTaskThread "GC Thread#9" [stack: 0x0000776fec5df000,0x0000776fec6df000] [id=582483]
  0x0000776fe4010800 GCTaskThread "GC Thread#10" [stack: 0x0000776fec4de000,0x0000776fec5de000] [id=582484]
  0x0000776fe4012800 GCTaskThread "GC Thread#11" [stack: 0x0000776fec3dd000,0x0000776fec4dd000] [id=582485]
  0x00005b944b0e8000 ConcurrentGCThread "G1 Main Marker" [stack: 0x0000776ffc625000,0x0000776ffc725000] [id=582459]
  0x00005b944b0e9800 ConcurrentGCThread "G1 Conc#0" [stack: 0x0000776ffc524000,0x0000776ffc624000] [id=582460]
  0x00005b944c122800 ConcurrentGCThread "G1 Refine#0" [stack: 0x0000776ffc423000,0x0000776ffc523000] [id=582461]
  0x0000776fe8004000 ConcurrentGCThread "G1 Refine#1" [stack: 0x0000776f7f800000,0x0000776f7f900000] [id=582502]
  0x0000776f74117000 ConcurrentGCThread "G1 Refine#2" [stack: 0x0000776f7f6ff000,0x0000776f7f7ff000] [id=582510]
  0x0000776f68001000 ConcurrentGCThread "G1 Refine#3" [stack: 0x0000776f7f5fe000,0x0000776f7f6fe000] [id=582511]
  0x00005b944c123800 ConcurrentGCThread "G1 Young RemSet Sampling" [stack: 0x0000776ffc322000,0x0000776ffc422000] [id=582462]

Threads with active compile tasks:

VM state:not at safepoint (normal execution)

VM Mutex/Monitor currently owned by a thread: None

Heap address: 0x00000000c0000000, size: 1024 MB, Compressed Oops mode: 32-bit
Narrow klass base: 0x0000000800000000, Narrow klass shift: 3
Compressed class space size: 1073741824 Address: 0x0000000840000000

Heap:
 garbage-first heap   total 273408K, used 81405K [0x00000000c0000000, 0x0000000100000000)
  region size 1024K, 3 young (3072K), 0 survivors (0K)
 Metaspace       used 11481K, capacity 13048K, committed 13312K, reserved 1060864K
  class space    used 1698K, capacity 2016K, committed 2048K, reserved 1048576K
Heap Regions: E=young(eden), S=young(survivor), O=old, HS=humongous(starts), HC=humongous(continues), CS=collection set, F=free, A=archive, TAMS=top-at-mark-start (previous, next)
|   0|0x00000000c0000000, 0x00000000c00fffe8, 0x00000000c0100000| 99%| O|  |TAMS 0x00000000c0000000, 0x00000000c0000000| Untracked 
|   1|0x00000000c0100000, 0x00000000c0200000, 0x00000000c0200000|100%| O|  |TAMS 0x00000000c0100000, 0x00000000c0100000| Untracked 
|   2|0x00000000c0200000, 0x00000000c0300000, 0x00000000c0300000|100%| O|  |TAMS 0x00000000c0200000, 0x00000000c0200000| Untracked 
|   3|0x00000000c0300000, 0x00000000c03ffff8, 0x00000000c0400000| 99%| O|  |TAMS 0x00000000c0300000, 0x00000000c0300000| Untracked 
|   4|0x00000000c0400000, 0x00000000c0500000, 0x00000000c0500000|100%| O|  |TAMS 0x00000000c0400000, 0x00000000c0400000| Untracked 
|   5|0x00000000c0500000, 0x00000000c05ffff0, 0x00000000c0600000| 99%| O|  |TAMS 0x00000000c0500000, 0x00000000c0500000| Untracked 
|   6|0x00000000c0600000, 0x00000000c06ffff0, 0x00000000c0700000| 99%| O|  |TAMS 0x00000000c0600000, 0x00000000c0600000| Untracked 
|   7|0x00000000c0700000, 0x00000000c0800000, 0x00000000c0800000|100%|HS|  |TAMS 0x00000000c0700000, 0x00000000c0700000| Untracked 
|   8|0x00000000c0800000, 0x00000000c0900000, 0x00000000c0900000|100%|HC|  |TAMS 0x00000000c0800000, 0x00000000c0800000| Untracked 
|   9|0x00000000c0900000, 0x00000000c09ffff8, 0x00000000c0a00000| 99%| O|  |TAMS 0x00000000c0900000, 0x00000000c0900000| Untracked 
|  10|0x00000000c0a00000, 0x00000000c0b00000, 0x00000000c0b00000|100%|HS|  |TAMS 0x00000000c0a00000, 0x00000000c0a00000| Untracked 
|  11|0x00000000c0b00000, 0x00000000c0c00000, 0x00000000c0c00000|100%|HC|  |TAMS 0x00000000c0b00000, 0x00000000c0b00000| Untracked 
|  12|0x00000000c0c00000, 0x00000000c0cffff8, 0x00000000c0d00000| 99%| O|  |TAMS 0x00000000c0c00000, 0x00000000c0c00000| Untracked 
|  13|0x00000000c0d00000, 0x00000000c0e00000, 0x00000000c0e00000|100%|HS|  |TAMS 0x00000000c0d00000, 0x00000000c0d00000| Untracked 
|  14|0x00000000c0e00000, 0x00000000c0f00000, 0x00000000c0f00000|100%| O|  |TAMS 0x00000000c0e00000, 0x00000000c0e00000| Untracked 
|  15|0x00000000c0f00000, 0x00000000c1000000, 0x00000000c1000000|100%|HS|  |TAMS 0x00000000c0f00000, 0x00000000c0f00000| Untracked 
|  16|0x00000000c1000000, 0x00000000c10ffff0, 0x00000000c1100000| 99%| O|  |TAMS 0x00000000c1000000, 0x00000000c1000000| Untracked 
|  17|0x00000000c1100000, 0x00000000c11ffff0, 0x00000000c1200000| 99%| O|  |TAMS 0x00000000c1100000, 0x00000000c1100000| Untracked 
|  18|0x00000000c1200000, 0x00000000c12ffff8, 0x00000000c1300000| 99%| O|  |TAMS 0x00000000c1200000, 0x00000000c1200000| Untracked 
|  19|0x00000000c1300000, 0x00000000c1400000, 0x00000000c1400000|100%| O|  |TAMS 0x00000000c1300000, 0x00000000c1300000| Untracked 
|  20|0x00000000c1400000, 0x00000000c14ffff0, 0x00000000c1500000| 99%| O|  |TAMS 0x00000000c1400000, 0x00000000c1400000| Untracked 
|  21|0x00000000c1500000, 0x00000000c15ffff0, 0x00000000c1600000| 99%| O|  |TAMS 0x00000000c1500000, 0x00000000c1500000| Untracked 
|  22|0x00000000c1600000, 0x00000000c1700000, 0x00000000c1700000|100%| O|  |TAMS 0x00000000c1600000, 0x00000000c1600000| Untracked 
|  23|0x00000000c1700000, 0x00000000c1800000, 0x00000000c1800000|100%| O|  |TAMS 0x00000000c1700000, 0x00000000c1700000| Untracked 
|  24|0x00000000c1800000, 0x00000000c18ffff0, 0x00000000c1900000| 99%| O|  |TAMS 0x00000000c1800000, 0x00000000c1800000| Untracked 
|  25|0x00000000c1900000, 0x00000000c1a00000, 0x00000000c1a00000|100%|HS|  |TAMS 0x00000000c1900000, 0x00000000c1900000| Untracked 
|  26|0x00000000c1a00000, 0x00000000c1b00000, 0x00000000c1b00000|100%|HC|  |TAMS 0x00000000c1a00000, 0x00000000c1a00000| Untracked 
|  27|0x00000000c1b00000, 0x00000000c1c00000, 0x00000000c1c00000|100%|HS|  |TAMS 0x00000000c1b00000, 0x00000000c1b00000| Untracked 
|  28|0x00000000c1c00000, 0x00000000c1d00000, 0x00000000c1d00000|100%|HC|  |TAMS 0x00000000c1c00000, 0x00000000c1c00000| Untracked 
|  29|0x00000000c1d00000, 0x00000000c1e00000, 0x00000000c1e00000|100%| O|  |TAMS 0x00000000c1d00000, 0x00000000c1d00000| Untracked 
|  30|0x00000000c1e00000, 0x00000000c1f00000, 0x00000000c1f00000|100%| O|  |TAMS 0x00000000c1e00000, 0x00000000c1e00000| Untracked 
|  31|0x00000000c1f00000, 0x00000000c2000000, 0x00000000c2000000|100%|HS|  |TAMS 0x00000000c1f00000, 0x00000000c1f00000| Untracked 
|  32|0x00000000c2000000, 0x00000000c2100000, 0x00000000c2100000|100%|HC|  |TAMS 0x00000000c2000000, 0x00000000c2000000| Untracked 
|  33|0x00000000c2100000, 0x00000000c2200000, 0x00000000c2200000|100%|HS|  |TAMS 0x00000000c2100000, 0x00000000c2100000| Untracked 
|  34|0x00000000c2200000, 0x00000000c2300000, 0x00000000c2300000|100%|HC|  |TAMS 0x00000000c2200000, 0x00000000c2200000| Untracked 
|  35|0x00000000c2300000, 0x00000000c2400000, 0x00000000c2400000|100%|HS|  |TAMS 0x00000000c2300000, 0x00000000c2300000| Untracked 
|  36|0x00000000c2400000, 0x00000000c2500000, 0x00000000c2500000|100%| O|  |TAMS 0x00000000c2400000, 0x00000000c2400000| Untracked 
|  37|0x00000000c2500000, 0x00000000c2600000, 0x00000000c2600000|100%| O|  |TAMS 0x00000000c2500000, 0x00000000c2500000| Untracked 
|  38|0x00000000c2600000, 0x00000000c26ffff0, 0x00000000c2700000| 99%| O|  |TAMS 0x00000000c2600000, 0x00000000c2600000| Untracked 
|  39|0x00000000c2700000, 0x00000000c2800000, 0x00000000c2800000|100%| O|  |TAMS 0x00000000c2700000, 0x00000000c2700000| Untracked 
|  40|0x00000000c2800000, 0x00000000c28ffff0, 0x00000000c2900000| 99%| O|  |TAMS 0x00000000c2800000, 0x00000000c2800000| Untracked 
|  41|0x00000000c2900000, 0x00000000c29ffff0, 0x00000000c2a00000| 99%| O|  |TAMS 0x00000000c2900000, 0x00000000c2900000| Untracked 
|  42|0x00000000c2a00000, 0x00000000c2affff8, 0x00000000c2b00000| 99%| O|  |TAMS 0x00000000c2a00000, 0x00000000c2a00000| Untracked 
|  43|0x00000000c2b00000, 0x00000000c2c00000, 0x00000000c2c00000|100%| O|  |TAMS 0x00000000c2b00000, 0x00000000c2b00000| Untracked 
|  44|0x00000000c2c00000, 0x00000000c2cffff0, 0x00000000c2d00000| 99%| O|  |TAMS 0x00000000c2c00000, 0x00000000c2c00000| Untracked 
|  45|0x00000000c2d00000, 0x00000000c2dffff8, 0x00000000c2e00000| 99%| O|  |TAMS 0x00000000c2d00000, 0x00000000c2d00000| Untracked 
|  46|0x00000000c2e00000, 0x00000000c2effff8, 0x00000000c2f00000| 99%| O|  |TAMS 0x00000000c2e00000, 0x00000000c2e00000| Untracked 
|  47|0x00000000c2f00000, 0x00000000c2fffff0, 0x00000000c3000000| 99%| O|  |TAMS 0x00000000c2f00000, 0x00000000c2f00000| Untracked 
|  48|0x00000000c3000000, 0x00000000c3100000, 0x00000000c3100000|100%| O|  |TAMS 0x00000000c3000000, 0x00000000c3000000| Untracked 
|  49|0x00000000c3100000, 0x00000000c31ffff0, 0x00000000c3200000| 99%| O|  |TAMS 0x00000000c3100000, 0x00000000c3100000| Untracked 
|  50|0x00000000c3200000, 0x00000000c32ffff8, 0x00000000c3300000| 99%| O|  |TAMS 0x00000000c3200000, 0x00000000c3200000| Untracked 
|  51|0x00000000c3300000, 0x00000000c33ffff0, 0x00000000c3400000| 99%| O|  |TAMS 0x00000000c3300000, 0x00000000c3300000| Untracked 
|  52|0x00000000c3400000, 0x00000000c3500000, 0x00000000c3500000|100%| O|  |TAMS 0x00000000c3400000, 0x00000000c3400000| Untracked 
|  53|0x00000000c3500000, 0x00000000c3600000, 0x00000000c3600000|100%| O|  |TAMS 0x00000000c3500000, 0x00000000c3500000| Untracked 
|  54|0x00000000c3600000, 0x00000000c36ffff8, 0x00000000c3700000| 99%| O|  |TAMS 0x00000000c3600000, 0x00000000c3600000| Untracked 
|  55|0x00000000c3700000, 0x00000000c3800000, 0x00000000c3800000|100%| O|  |TAMS 0x00000000c3700000, 0x00000000c3700000| Untracked 
|  56|0x00000000c3800000, 0x00000000c38ffff8, 0x00000000c3900000| 99%| O|  |TAMS 0x00000000c3800000, 0x00000000c3800000| Untracked 
|  57|0x00000000c3900000, 0x00000000c39ffff0, 0x00000000c3a00000| 99%| O|  |TAMS 0x00000000c3900000, 0x00000000c3900000| Untracked 
|  58|0x00000000c3a00000, 0x00000000c3b00000, 0x00000000c3b00000|100%| O|  |TAMS 0x00000000c3a00000, 0x00000000c3a00000| Untracked 
|  59|0x00000000c3b00000, 0x00000000c3c00000, 0x00000000c3c00000|100%| O|  |TAMS 0x00000000c3b00000, 0x00000000c3b00000| Untracked 
|  60|0x00000000c3c00000, 0x00000000c3d00000, 0x00000000c3d00000|100%| O|  |TAMS 0x00000000c3c00000, 0x00000000c3c00000| Untracked 
|  61|0x00000000c3d00000, 0x00000000c3e00000, 0x00000000c3e00000|100%| O|  |TAMS 0x00000000c3d00000, 0x00000000c3d00000| Untracked 
|  62|0x00000000c3e00000, 0x00000000c3f00000, 0x00000000c3f00000|100%| O|  |TAMS 0x00000000c3e00000, 0x00000000c3e00000| Untracked 
|  63|0x00000000c3f00000, 0x00000000c3fffff8, 0x00000000c4000000| 99%| O|  |TAMS 0x00000000c3f00000, 0x00000000c3f00000| Untracked 
|  64|0x00000000c4000000, 0x00000000c40ffff0, 0x00000000c4100000| 99%| O|  |TAMS 0x00000000c4000000, 0x00000000c4000000| Untracked 
|  65|0x00000000c4100000, 0x00000000c4200000, 0x00000000c4200000|100%| O|  |TAMS 0x00000000c4100000, 0x00000000c4100000| Untracked 
|  66|0x00000000c4200000, 0x00000000c42ffff8, 0x00000000c4300000| 99%| O|  |TAMS 0x00000000c4200000, 0x00000000c4200000| Untracked 
|  67|0x00000000c4300000, 0x00000000c43ffff0, 0x00000000c4400000| 99%| O|  |TAMS 0x00000000c4300000, 0x00000000c4300000| Untracked 
|  68|0x00000000c4400000, 0x00000000c4500000, 0x00000000c4500000|100%| O|  |TAMS 0x00000000c4400000, 0x00000000c4400000| Untracked 
|  69|0x00000000c4500000, 0x00000000c4600000, 0x00000000c4600000|100%| O|  |TAMS 0x00000000c4500000, 0x00000000c4500000| Untracked 
|  70|0x00000000c4600000, 0x00000000c4700000, 0x00000000c4700000|100%| O|  |TAMS 0x00000000c4600000, 0x00000000c4600000| Untracked 
|  71|0x00000000c4700000, 0x00000000c4800000, 0x00000000c4800000|100%| O|  |TAMS 0x00000000c4700000, 0x00000000c4700000| Untracked 
|  72|0x00000000c4800000, 0x00000000c48ffff8, 0x00000000c4900000| 99%| O|  |TAMS 0x00000000c4800000, 0x00000000c4800000| Untracked 
|  73|0x00000000c4900000, 0x00000000c4a00000, 0x00000000c4a00000|100%| O|  |TAMS 0x00000000c4900000, 0x00000000c4900000| Untracked 
|  74|0x00000000c4a00000, 0x00000000c4afffe0, 0x00000000c4b00000| 99%| O|  |TAMS 0x00000000c4a00000, 0x00000000c4a00000| Untracked 
|  75|0x00000000c4b00000, 0x00000000c4bcb988, 0x00000000c4c00000| 79%| O|  |TAMS 0x00000000c4b00000, 0x00000000c4b00000| Untracked 
|  76|0x00000000c4c00000, 0x00000000c4cfffe8, 0x00000000c4d00000| 99%| O|  |TAMS 0x00000000c4c00000, 0x00000000c4c00000| Untracked 
|  77|0x00000000c4d00000, 0x00000000c4d00000, 0x00000000c4e00000|  0%| F|  |TAMS 0x00000000c4d00000, 0x00000000c4d00000| Untracked 
|  78|0x00000000c4e00000, 0x00000000c4e00000, 0x00000000c4f00000|  0%| F|  |TAMS 0x00000000c4e00000, 0x00000000c4e00000| Untracked 
|  79|0x00000000c4f00000, 0x00000000c4f00000, 0x00000000c5000000|  0%| F|  |TAMS 0x00000000c4f00000, 0x00000000c4f00000| Untracked 
|  80|0x00000000c5000000, 0x00000000c5000000, 0x00000000c5100000|  0%| F|  |TAMS 0x00000000c5000000, 0x00000000c5000000| Untracked 
|  81|0x00000000c5100000, 0x00000000c5100000, 0x00000000c5200000|  0%| F|  |TAMS 0x00000000c5100000, 0x00000000c5100000| Untracked 
|  82|0x00000000c5200000, 0x00000000c5200000, 0x00000000c5300000|  0%| F|  |TAMS 0x00000000c5200000, 0x00000000c5200000| Untracked 
|  83|0x00000000c5300000, 0x00000000c5300000, 0x00000000c5400000|  0%| F|  |TAMS 0x00000000c5300000, 0x00000000c5300000| Untracked 
|  84|0x00000000c5400000, 0x00000000c5400000, 0x00000000c5500000|  0%| F|  |TAMS 0x00000000c5400000, 0x00000000c5400000| Untracked 
|  85|0x00000000c5500000, 0x00000000c5500000, 0x00000000c5600000|  0%| F|  |TAMS 0x00000000c5500000, 0x00000000c5500000| Untracked 
|  86|0x00000000c5600000, 0x00000000c5600000, 0x00000000c5700000|  0%| F|  |TAMS 0x00000000c5600000, 0x00000000c5600000| Untracked 
|  87|0x00000000c5700000, 0x00000000c5700000, 0x00000000c5800000|  0%| F|  |TAMS 0x00000000c5700000, 0x00000000c5700000| Untracked 
|  88|0x00000000c5800000, 0x00000000c5800000, 0x00000000c5900000|  0%| F|  |TAMS 0x00000000c5800000, 0x00000000c5800000| Untracked 
|  89|0x00000000c5900000, 0x00000000c5900000, 0x00000000c5a00000|  0%| F|  |TAMS 0x00000000c5900000, 0x00000000c5900000| Untracked 
|  90|0x00000000c5a00000, 0x00000000c5a00000, 0x00000000c5b00000|  0%| F|  |TAMS 0x00000000c5a00000, 0x00000000c5a00000| Untracked 
|  91|0x00000000c5b00000, 0x00000000c5b00000, 0x00000000c5c00000|  0%| F|  |TAMS 0x00000000c5b00000, 0x00000000c5b00000| Untracked 
|  92|0x00000000c5c00000, 0x00000000c5c00000, 0x00000000c5d00000|  0%| F|  |TAMS 0x00000000c5c00000, 0x00000000c5c00000| Untracked 
|  93|0x00000000c5d00000, 0x00000000c5d00000, 0x00000000c5e00000|  0%| F|  |TAMS 0x00000000c5d00000, 0x00000000c5d00000| Untracked 
|  94|0x00000000c5e00000, 0x00000000c5e00000, 0x00000000c5f00000|  0%| F|  |TAMS 0x00000000c5e00000, 0x00000000c5e00000| Untracked 
|  95|0x00000000c5f00000, 0x00000000c5f00000, 0x00000000c6000000|  0%| F|  |TAMS 0x00000000c5f00000, 0x00000000c5f00000| Untracked 
|  96|0x00000000c6000000, 0x00000000c6000000, 0x00000000c6100000|  0%| F|  |TAMS 0x00000000c6000000, 0x00000000c6000000| Untracked 
|  97|0x00000000c6100000, 0x00000000c6100000, 0x00000000c6200000|  0%| F|  |TAMS 0x00000000c6100000, 0x00000000c6100000| Untracked 
|  98|0x00000000c6200000, 0x00000000c6200000, 0x00000000c6300000|  0%| F|  |TAMS 0x00000000c6200000, 0x00000000c6200000| Untracked 
|  99|0x00000000c6300000, 0x00000000c6300000, 0x00000000c6400000|  0%| F|  |TAMS 0x00000000c6300000, 0x00000000c6300000| Untracked 
| 100|0x00000000c6400000, 0x00000000c6400000, 0x00000000c6500000|  0%| F|  |TAMS 0x00000000c6400000, 0x00000000c6400000| Untracked 
| 101|0x00000000c6500000, 0x00000000c6500000, 0x00000000c6600000|  0%| F|  |TAMS 0x00000000c6500000, 0x00000000c6500000| Untracked 
| 102|0x00000000c6600000, 0x00000000c6600000, 0x00000000c6700000|  0%| F|  |TAMS 0x00000000c6600000, 0x00000000c6600000| Untracked 
| 103|0x00000000c6700000, 0x00000000c6700000, 0x00000000c6800000|  0%| F|  |TAMS 0x00000000c6700000, 0x00000000c6700000| Untracked 
| 104|0x00000000c6800000, 0x00000000c6800000, 0x00000000c6900000|  0%| F|  |TAMS 0x00000000c6800000, 0x00000000c6800000| Untracked 
| 105|0x00000000c6900000, 0x00000000c6900000, 0x00000000c6a00000|  0%| F|  |TAMS 0x00000000c6900000, 0x00000000c6900000| Untracked 
| 106|0x00000000c6a00000, 0x00000000c6a00000, 0x00000000c6b00000|  0%| F|  |TAMS 0x00000000c6a00000, 0x00000000c6a00000| Untracked 
| 107|0x00000000c6b00000, 0x00000000c6b00000, 0x00000000c6c00000|  0%| F|  |TAMS 0x00000000c6b00000, 0x00000000c6b00000| Untracked 
| 108|0x00000000c6c00000, 0x00000000c6c00000, 0x00000000c6d00000|  0%| F|  |TAMS 0x00000000c6c00000, 0x00000000c6c00000| Untracked 
| 109|0x00000000c6d00000, 0x00000000c6d00000, 0x00000000c6e00000|  0%| F|  |TAMS 0x00000000c6d00000, 0x00000000c6d00000| Untracked 
| 110|0x00000000c6e00000, 0x00000000c6e00000, 0x00000000c6f00000|  0%| F|  |TAMS 0x00000000c6e00000, 0x00000000c6e00000| Untracked 
| 111|0x00000000c6f00000, 0x00000000c6f00000, 0x00000000c7000000|  0%| F|  |TAMS 0x00000000c6f00000, 0x00000000c6f00000| Untracked 
| 112|0x00000000c7000000, 0x00000000c7000000, 0x00000000c7100000|  0%| F|  |TAMS 0x00000000c7000000, 0x00000000c7000000| Untracked 
| 113|0x00000000c7100000, 0x00000000c7100000, 0x00000000c7200000|  0%| F|  |TAMS 0x00000000c7100000, 0x00000000c7100000| Untracked 
| 114|0x00000000c7200000, 0x00000000c7200000, 0x00000000c7300000|  0%| F|  |TAMS 0x00000000c7200000, 0x00000000c7200000| Untracked 
| 115|0x00000000c7300000, 0x00000000c7300000, 0x00000000c7400000|  0%| F|  |TAMS 0x00000000c7300000, 0x00000000c7300000| Untracked 
| 116|0x00000000c7400000, 0x00000000c7400000, 0x00000000c7500000|  0%| F|  |TAMS 0x00000000c7400000, 0x00000000c7400000| Untracked 
| 117|0x00000000c7500000, 0x00000000c7500000, 0x00000000c7600000|  0%| F|  |TAMS 0x00000000c7500000, 0x00000000c7500000| Untracked 
| 118|0x00000000c7600000, 0x00000000c7600000, 0x00000000c7700000|  0%| F|  |TAMS 0x00000000c7600000, 0x00000000c7600000| Untracked 
| 119|0x00000000c7700000, 0x00000000c7700000, 0x00000000c7800000|  0%| F|  |TAMS 0x00000000c7700000, 0x00000000c7700000| Untracked 
| 120|0x00000000c7800000, 0x00000000c7800000, 0x00000000c7900000|  0%| F|  |TAMS 0x00000000c7800000, 0x00000000c7800000| Untracked 
| 121|0x00000000c7900000, 0x00000000c7900000, 0x00000000c7a00000|  0%| F|  |TAMS 0x00000000c7900000, 0x00000000c7900000| Untracked 
| 122|0x00000000c7a00000, 0x00000000c7a00000, 0x00000000c7b00000|  0%| F|  |TAMS 0x00000000c7a00000, 0x00000000c7a00000| Untracked 
| 123|0x00000000c7b00000, 0x00000000c7b00000, 0x00000000c7c00000|  0%| F|  |TAMS 0x00000000c7b00000, 0x00000000c7b00000| Untracked 
| 124|0x00000000c7c00000, 0x00000000c7c00000, 0x00000000c7d00000|  0%| F|  |TAMS 0x00000000c7c00000, 0x00000000c7c00000| Untracked 
| 125|0x00000000c7d00000, 0x00000000c7d00000, 0x00000000c7e00000|  0%| F|  |TAMS 0x00000000c7d00000, 0x00000000c7d00000| Untracked 
| 126|0x00000000c7e00000, 0x00000000c7e00000, 0x00000000c7f00000|  0%| F|  |TAMS 0x00000000c7e00000, 0x00000000c7e00000| Untracked 
| 127|0x00000000c7f00000, 0x00000000c7f00000, 0x00000000c8000000|  0%| F|  |TAMS 0x00000000c7f00000, 0x00000000c7f00000| Untracked 
| 128|0x00000000c8000000, 0x00000000c8000000, 0x00000000c8100000|  0%| F|  |TAMS 0x00000000c8000000, 0x00000000c8000000| Untracked 
| 129|0x00000000c8100000, 0x00000000c8100000, 0x00000000c8200000|  0%| F|  |TAMS 0x00000000c8100000, 0x00000000c8100000| Untracked 
| 130|0x00000000c8200000, 0x00000000c8200000, 0x00000000c8300000|  0%| F|  |TAMS 0x00000000c8200000, 0x00000000c8200000| Untracked 
| 131|0x00000000c8300000, 0x00000000c8300000, 0x00000000c8400000|  0%| F|  |TAMS 0x00000000c8300000, 0x00000000c8300000| Untracked 
| 132|0x00000000c8400000, 0x00000000c8400000, 0x00000000c8500000|  0%| F|  |TAMS 0x00000000c8400000, 0x00000000c8400000| Untracked 
| 133|0x00000000c8500000, 0x00000000c8500000, 0x00000000c8600000|  0%| F|  |TAMS 0x00000000c8500000, 0x00000000c8500000| Untracked 
| 134|0x00000000c8600000, 0x00000000c8600000, 0x00000000c8700000|  0%| F|  |TAMS 0x00000000c8600000, 0x00000000c8600000| Untracked 
| 135|0x00000000c8700000, 0x00000000c8700000, 0x00000000c8800000|  0%| F|  |TAMS 0x00000000c8700000, 0x00000000c8700000| Untracked 
| 136|0x00000000c8800000, 0x00000000c8800000, 0x00000000c8900000|  0%| F|  |TAMS 0x00000000c8800000, 0x00000000c8800000| Untracked 
| 137|0x00000000c8900000, 0x00000000c8900000, 0x00000000c8a00000|  0%| F|  |TAMS 0x00000000c8900000, 0x00000000c8900000| Untracked 
| 138|0x00000000c8a00000, 0x00000000c8a00000, 0x00000000c8b00000|  0%| F|  |TAMS 0x00000000c8a00000, 0x00000000c8a00000| Untracked 
| 139|0x00000000c8b00000, 0x00000000c8b00000, 0x00000000c8c00000|  0%| F|  |TAMS 0x00000000c8b00000, 0x00000000c8b00000| Untracked 
| 140|0x00000000c8c00000, 0x00000000c8c00000, 0x00000000c8d00000|  0%| F|  |TAMS 0x00000000c8c00000, 0x00000000c8c00000| Untracked 
| 141|0x00000000c8d00000, 0x00000000c8d00000, 0x00000000c8e00000|  0%| F|  |TAMS 0x00000000c8d00000, 0x00000000c8d00000| Untracked 
| 142|0x00000000c8e00000, 0x00000000c8e00000, 0x00000000c8f00000|  0%| F|  |TAMS 0x00000000c8e00000, 0x00000000c8e00000| Untracked 
| 143|0x00000000c8f00000, 0x00000000c8f00000, 0x00000000c9000000|  0%| F|  |TAMS 0x00000000c8f00000, 0x00000000c8f00000| Untracked 
| 144|0x00000000c9000000, 0x00000000c9000000, 0x00000000c9100000|  0%| F|  |TAMS 0x00000000c9000000, 0x00000000c9000000| Untracked 
| 145|0x00000000c9100000, 0x00000000c9100000, 0x00000000c9200000|  0%| F|  |TAMS 0x00000000c9100000, 0x00000000c9100000| Untracked 
| 146|0x00000000c9200000, 0x00000000c9200000, 0x00000000c9300000|  0%| F|  |TAMS 0x00000000c9200000, 0x00000000c9200000| Untracked 
| 147|0x00000000c9300000, 0x00000000c9300000, 0x00000000c9400000|  0%| F|  |TAMS 0x00000000c9300000, 0x00000000c9300000| Untracked 
| 148|0x00000000c9400000, 0x00000000c9400000, 0x00000000c9500000|  0%| F|  |TAMS 0x00000000c9400000, 0x00000000c9400000| Untracked 
| 149|0x00000000c9500000, 0x00000000c9500000, 0x00000000c9600000|  0%| F|  |TAMS 0x00000000c9500000, 0x00000000c9500000| Untracked 
| 150|0x00000000c9600000, 0x00000000c9600000, 0x00000000c9700000|  0%| F|  |TAMS 0x00000000c9600000, 0x00000000c9600000| Untracked 
| 151|0x00000000c9700000, 0x00000000c9700000, 0x00000000c9800000|  0%| F|  |TAMS 0x00000000c9700000, 0x00000000c9700000| Untracked 
| 152|0x00000000c9800000, 0x00000000c9800000, 0x00000000c9900000|  0%| F|  |TAMS 0x00000000c9800000, 0x00000000c9800000| Untracked 
| 153|0x00000000c9900000, 0x00000000c9900000, 0x00000000c9a00000|  0%| F|  |TAMS 0x00000000c9900000, 0x00000000c9900000| Untracked 
| 154|0x00000000c9a00000, 0x00000000c9a00000, 0x00000000c9b00000|  0%| F|  |TAMS 0x00000000c9a00000, 0x00000000c9a00000| Untracked 
| 155|0x00000000c9b00000, 0x00000000c9b00000, 0x00000000c9c00000|  0%| F|  |TAMS 0x00000000c9b00000, 0x00000000c9b00000| Untracked 
| 156|0x00000000c9c00000, 0x00000000c9c00000, 0x00000000c9d00000|  0%| F|  |TAMS 0x00000000c9c00000, 0x00000000c9c00000| Untracked 
| 157|0x00000000c9d00000, 0x00000000c9d00000, 0x00000000c9e00000|  0%| F|  |TAMS 0x00000000c9d00000, 0x00000000c9d00000| Untracked 
| 158|0x00000000c9e00000, 0x00000000c9e00000, 0x00000000c9f00000|  0%| F|  |TAMS 0x00000000c9e00000, 0x00000000c9e00000| Untracked 
| 159|0x00000000c9f00000, 0x00000000c9f00000, 0x00000000ca000000|  0%| F|  |TAMS 0x00000000c9f00000, 0x00000000c9f00000| Untracked 
| 160|0x00000000ca000000, 0x00000000ca000000, 0x00000000ca100000|  0%| F|  |TAMS 0x00000000ca000000, 0x00000000ca000000| Untracked 
| 161|0x00000000ca100000, 0x00000000ca100000, 0x00000000ca200000|  0%| F|  |TAMS 0x00000000ca100000, 0x00000000ca100000| Untracked 
| 162|0x00000000ca200000, 0x00000000ca200000, 0x00000000ca300000|  0%| F|  |TAMS 0x00000000ca200000, 0x00000000ca200000| Untracked 
| 163|0x00000000ca300000, 0x00000000ca300000, 0x00000000ca400000|  0%| F|  |TAMS 0x00000000ca300000, 0x00000000ca300000| Untracked 
| 164|0x00000000ca400000, 0x00000000ca400038, 0x00000000ca500000|  0%| O|  |TAMS 0x00000000ca400000, 0x00000000ca400000| Untracked 
| 165|0x00000000ca500000, 0x00000000ca500000, 0x00000000ca600000|  0%| F|  |TAMS 0x00000000ca500000, 0x00000000ca500000| Untracked 
| 166|0x00000000ca600000, 0x00000000ca600000, 0x00000000ca700000|  0%| F|  |TAMS 0x00000000ca600000, 0x00000000ca600000| Untracked 
| 167|0x00000000ca700000, 0x00000000ca700000, 0x00000000ca800000|  0%| F|  |TAMS 0x00000000ca700000, 0x00000000ca700000| Untracked 
| 168|0x00000000ca800000, 0x00000000ca800000, 0x00000000ca900000|  0%| F|  |TAMS 0x00000000ca800000, 0x00000000ca800000| Untracked 
| 169|0x00000000ca900000, 0x00000000ca900000, 0x00000000caa00000|  0%| F|  |TAMS 0x00000000ca900000, 0x00000000ca900000| Untracked 
| 170|0x00000000caa00000, 0x00000000caa00000, 0x00000000cab00000|  0%| F|  |TAMS 0x00000000caa00000, 0x00000000caa00000| Untracked 
| 171|0x00000000cab00000, 0x00000000cab00000, 0x00000000cac00000|  0%| F|  |TAMS 0x00000000cab00000, 0x00000000cab00000| Untracked 
| 172|0x00000000cac00000, 0x00000000cac00000, 0x00000000cad00000|  0%| F|  |TAMS 0x00000000cac00000, 0x00000000cac00000| Untracked 
| 173|0x00000000cad00000, 0x00000000cad00000, 0x00000000cae00000|  0%| F|  |TAMS 0x00000000cad00000, 0x00000000cad00000| Untracked 
| 174|0x00000000cae00000, 0x00000000cae00000, 0x00000000caf00000|  0%| F|  |TAMS 0x00000000cae00000, 0x00000000cae00000| Untracked 
| 175|0x00000000caf00000, 0x00000000caf00000, 0x00000000cb000000|  0%| F|  |TAMS 0x00000000caf00000, 0x00000000caf00000| Untracked 
| 176|0x00000000cb000000, 0x00000000cb000000, 0x00000000cb100000|  0%| F|  |TAMS 0x00000000cb000000, 0x00000000cb000000| Untracked 
| 177|0x00000000cb100000, 0x00000000cb100000, 0x00000000cb200000|  0%| F|  |TAMS 0x00000000cb100000, 0x00000000cb100000| Untracked 
| 178|0x00000000cb200000, 0x00000000cb200000, 0x00000000cb300000|  0%| F|  |TAMS 0x00000000cb200000, 0x00000000cb200000| Untracked 
| 179|0x00000000cb300000, 0x00000000cb300000, 0x00000000cb400000|  0%| F|  |TAMS 0x00000000cb300000, 0x00000000cb300000| Untracked 
| 180|0x00000000cb400000, 0x00000000cb400000, 0x00000000cb500000|  0%| F|  |TAMS 0x00000000cb400000, 0x00000000cb400000| Untracked 
| 181|0x00000000cb500000, 0x00000000cb500000, 0x00000000cb600000|  0%| F|  |TAMS 0x00000000cb500000, 0x00000000cb500000| Untracked 
| 182|0x00000000cb600000, 0x00000000cb600000, 0x00000000cb700000|  0%| F|  |TAMS 0x00000000cb600000, 0x00000000cb600000| Untracked 
| 183|0x00000000cb700000, 0x00000000cb700000, 0x00000000cb800000|  0%| F|  |TAMS 0x00000000cb700000, 0x00000000cb700000| Untracked 
| 184|0x00000000cb800000, 0x00000000cb800000, 0x00000000cb900000|  0%| F|  |TAMS 0x00000000cb800000, 0x00000000cb800000| Untracked 
| 185|0x00000000cb900000, 0x00000000cb900000, 0x00000000cba00000|  0%| F|  |TAMS 0x00000000cb900000, 0x00000000cb900000| Untracked 
| 186|0x00000000cba00000, 0x00000000cba00000, 0x00000000cbb00000|  0%| F|  |TAMS 0x00000000cba00000, 0x00000000cba00000| Untracked 
| 187|0x00000000cbb00000, 0x00000000cbb00000, 0x00000000cbc00000|  0%| F|  |TAMS 0x00000000cbb00000, 0x00000000cbb00000| Untracked 
| 188|0x00000000cbc00000, 0x00000000cbc00000, 0x00000000cbd00000|  0%| F|  |TAMS 0x00000000cbc00000, 0x00000000cbc00000| Untracked 
| 189|0x00000000cbd00000, 0x00000000cbd00000, 0x00000000cbe00000|  0%| F|  |TAMS 0x00000000cbd00000, 0x00000000cbd00000| Untracked 
| 190|0x00000000cbe00000, 0x00000000cbe00000, 0x00000000cbf00000|  0%| F|  |TAMS 0x00000000cbe00000, 0x00000000cbe00000| Untracked 
| 191|0x00000000cbf00000, 0x00000000cbf00000, 0x00000000cc000000|  0%| F|  |TAMS 0x00000000cbf00000, 0x00000000cbf00000| Untracked 
| 192|0x00000000cc000000, 0x00000000cc000000, 0x00000000cc100000|  0%| F|  |TAMS 0x00000000cc000000, 0x00000000cc000000| Untracked 
| 193|0x00000000cc100000, 0x00000000cc100000, 0x00000000cc200000|  0%| F|  |TAMS 0x00000000cc100000, 0x00000000cc100000| Untracked 
| 194|0x00000000cc200000, 0x00000000cc200000, 0x00000000cc300000|  0%| F|  |TAMS 0x00000000cc200000, 0x00000000cc200000| Untracked 
| 195|0x00000000cc300000, 0x00000000cc300000, 0x00000000cc400000|  0%| F|  |TAMS 0x00000000cc300000, 0x00000000cc300000| Untracked 
| 196|0x00000000cc400000, 0x00000000cc400000, 0x00000000cc500000|  0%| F|  |TAMS 0x00000000cc400000, 0x00000000cc400000| Untracked 
| 197|0x00000000cc500000, 0x00000000cc500000, 0x00000000cc600000|  0%| F|  |TAMS 0x00000000cc500000, 0x00000000cc500000| Untracked 
| 198|0x00000000cc600000, 0x00000000cc600000, 0x00000000cc700000|  0%| F|  |TAMS 0x00000000cc600000, 0x00000000cc600000| Untracked 
| 199|0x00000000cc700000, 0x00000000cc700000, 0x00000000cc800000|  0%| F|  |TAMS 0x00000000cc700000, 0x00000000cc700000| Untracked 
| 200|0x00000000cc800000, 0x00000000cc800000, 0x00000000cc900000|  0%| F|  |TAMS 0x00000000cc800000, 0x00000000cc800000| Untracked 
| 201|0x00000000cc900000, 0x00000000cc900000, 0x00000000cca00000|  0%| F|  |TAMS 0x00000000cc900000, 0x00000000cc900000| Untracked 
| 202|0x00000000cca00000, 0x00000000cca00000, 0x00000000ccb00000|  0%| F|  |TAMS 0x00000000cca00000, 0x00000000cca00000| Untracked 
| 203|0x00000000ccb00000, 0x00000000ccb00000, 0x00000000ccc00000|  0%| F|  |TAMS 0x00000000ccb00000, 0x00000000ccb00000| Untracked 
| 204|0x00000000ccc00000, 0x00000000ccc00000, 0x00000000ccd00000|  0%| F|  |TAMS 0x00000000ccc00000, 0x00000000ccc00000| Untracked 
| 205|0x00000000ccd00000, 0x00000000ccd00000, 0x00000000cce00000|  0%| F|  |TAMS 0x00000000ccd00000, 0x00000000ccd00000| Untracked 
| 206|0x00000000cce00000, 0x00000000cce00000, 0x00000000ccf00000|  0%| F|  |TAMS 0x00000000cce00000, 0x00000000cce00000| Untracked 
| 207|0x00000000ccf00000, 0x00000000ccf00000, 0x00000000cd000000|  0%| F|  |TAMS 0x00000000ccf00000, 0x00000000ccf00000| Untracked 
| 208|0x00000000cd000000, 0x00000000cd000000, 0x00000000cd100000|  0%| F|  |TAMS 0x00000000cd000000, 0x00000000cd000000| Untracked 
| 209|0x00000000cd100000, 0x00000000cd100000, 0x00000000cd200000|  0%| F|  |TAMS 0x00000000cd100000, 0x00000000cd100000| Untracked 
| 210|0x00000000cd200000, 0x00000000cd200000, 0x00000000cd300000|  0%| F|  |TAMS 0x00000000cd200000, 0x00000000cd200000| Untracked 
| 211|0x00000000cd300000, 0x00000000cd300000, 0x00000000cd400000|  0%| F|  |TAMS 0x00000000cd300000, 0x00000000cd300000| Untracked 
| 212|0x00000000cd400000, 0x00000000cd400000, 0x00000000cd500000|  0%| F|  |TAMS 0x00000000cd400000, 0x00000000cd400000| Untracked 
| 213|0x00000000cd500000, 0x00000000cd500000, 0x00000000cd600000|  0%| F|  |TAMS 0x00000000cd500000, 0x00000000cd500000| Untracked 
| 214|0x00000000cd600000, 0x00000000cd600000, 0x00000000cd700000|  0%| F|  |TAMS 0x00000000cd600000, 0x00000000cd600000| Untracked 
| 215|0x00000000cd700000, 0x00000000cd700000, 0x00000000cd800000|  0%| F|  |TAMS 0x00000000cd700000, 0x00000000cd700000| Untracked 
| 216|0x00000000cd800000, 0x00000000cd800000, 0x00000000cd900000|  0%| F|  |TAMS 0x00000000cd800000, 0x00000000cd800000| Untracked 
| 217|0x00000000cd900000, 0x00000000cd900000, 0x00000000cda00000|  0%| F|  |TAMS 0x00000000cd900000, 0x00000000cd900000| Untracked 
| 218|0x00000000cda00000, 0x00000000cda00000, 0x00000000cdb00000|  0%| F|  |TAMS 0x00000000cda00000, 0x00000000cda00000| Untracked 
| 219|0x00000000cdb00000, 0x00000000cdb00000, 0x00000000cdc00000|  0%| F|  |TAMS 0x00000000cdb00000, 0x00000000cdb00000| Untracked 
| 220|0x00000000cdc00000, 0x00000000cdc00000, 0x00000000cdd00000|  0%| F|  |TAMS 0x00000000cdc00000, 0x00000000cdc00000| Untracked 
| 221|0x00000000cdd00000, 0x00000000cdd00000, 0x00000000cde00000|  0%| F|  |TAMS 0x00000000cdd00000, 0x00000000cdd00000| Untracked 
| 222|0x00000000cde00000, 0x00000000cde00000, 0x00000000cdf00000|  0%| F|  |TAMS 0x00000000cde00000, 0x00000000cde00000| Untracked 
| 223|0x00000000cdf00000, 0x00000000cdf00000, 0x00000000ce000000|  0%| F|  |TAMS 0x00000000cdf00000, 0x00000000cdf00000| Untracked 
| 224|0x00000000ce000000, 0x00000000ce000000, 0x00000000ce100000|  0%| F|  |TAMS 0x00000000ce000000, 0x00000000ce000000| Untracked 
| 225|0x00000000ce100000, 0x00000000ce100000, 0x00000000ce200000|  0%| F|  |TAMS 0x00000000ce100000, 0x00000000ce100000| Untracked 
| 226|0x00000000ce200000, 0x00000000ce200000, 0x00000000ce300000|  0%| F|  |TAMS 0x00000000ce200000, 0x00000000ce200000| Untracked 
| 227|0x00000000ce300000, 0x00000000ce300000, 0x00000000ce400000|  0%| F|  |TAMS 0x00000000ce300000, 0x00000000ce300000| Untracked 
| 228|0x00000000ce400000, 0x00000000ce400000, 0x00000000ce500000|  0%| F|  |TAMS 0x00000000ce400000, 0x00000000ce400000| Untracked 
| 229|0x00000000ce500000, 0x00000000ce500000, 0x00000000ce600000|  0%| F|  |TAMS 0x00000000ce500000, 0x00000000ce500000| Untracked 
| 230|0x00000000ce600000, 0x00000000ce600000, 0x00000000ce700000|  0%| F|  |TAMS 0x00000000ce600000, 0x00000000ce600000| Untracked 
| 231|0x00000000ce700000, 0x00000000ce700000, 0x00000000ce800000|  0%| F|  |TAMS 0x00000000ce700000, 0x00000000ce700000| Untracked 
| 232|0x00000000ce800000, 0x00000000ce800000, 0x00000000ce900000|  0%| F|  |TAMS 0x00000000ce800000, 0x00000000ce800000| Untracked 
| 233|0x00000000ce900000, 0x00000000ce900000, 0x00000000cea00000|  0%| F|  |TAMS 0x00000000ce900000, 0x00000000ce900000| Untracked 
| 234|0x00000000cea00000, 0x00000000cea00000, 0x00000000ceb00000|  0%| F|  |TAMS 0x00000000cea00000, 0x00000000cea00000| Untracked 
| 235|0x00000000ceb00000, 0x00000000ceb00000, 0x00000000cec00000|  0%| F|  |TAMS 0x00000000ceb00000, 0x00000000ceb00000| Untracked 
| 236|0x00000000cec00000, 0x00000000cec00000, 0x00000000ced00000|  0%| F|  |TAMS 0x00000000cec00000, 0x00000000cec00000| Untracked 
| 237|0x00000000ced00000, 0x00000000ced00000, 0x00000000cee00000|  0%| F|  |TAMS 0x00000000ced00000, 0x00000000ced00000| Untracked 
| 238|0x00000000cee00000, 0x00000000cee00000, 0x00000000cef00000|  0%| F|  |TAMS 0x00000000cee00000, 0x00000000cee00000| Untracked 
| 239|0x00000000cef00000, 0x00000000cef00000, 0x00000000cf000000|  0%| F|  |TAMS 0x00000000cef00000, 0x00000000cef00000| Untracked 
| 240|0x00000000cf000000, 0x00000000cf000000, 0x00000000cf100000|  0%| F|  |TAMS 0x00000000cf000000, 0x00000000cf000000| Untracked 
| 241|0x00000000cf100000, 0x00000000cf100000, 0x00000000cf200000|  0%| F|  |TAMS 0x00000000cf100000, 0x00000000cf100000| Untracked 
| 242|0x00000000cf200000, 0x00000000cf200000, 0x00000000cf300000|  0%| F|  |TAMS 0x00000000cf200000, 0x00000000cf200000| Untracked 
| 243|0x00000000cf300000, 0x00000000cf300000, 0x00000000cf400000|  0%| F|  |TAMS 0x00000000cf300000, 0x00000000cf300000| Untracked 
| 244|0x00000000cf400000, 0x00000000cf400000, 0x00000000cf500000|  0%| F|  |TAMS 0x00000000cf400000, 0x00000000cf400000| Untracked 
| 245|0x00000000cf500000, 0x00000000cf500000, 0x00000000cf600000|  0%| F|  |TAMS 0x00000000cf500000, 0x00000000cf500000| Untracked 
| 246|0x00000000cf600000, 0x00000000cf600000, 0x00000000cf700000|  0%| F|  |TAMS 0x00000000cf600000, 0x00000000cf600000| Untracked 
| 247|0x00000000cf700000, 0x00000000cf700000, 0x00000000cf800000|  0%| F|  |TAMS 0x00000000cf700000, 0x00000000cf700000| Untracked 
| 248|0x00000000cf800000, 0x00000000cf800000, 0x00000000cf900000|  0%| F|  |TAMS 0x00000000cf800000, 0x00000000cf800000| Untracked 
| 249|0x00000000cf900000, 0x00000000cf900000, 0x00000000cfa00000|  0%| F|  |TAMS 0x00000000cf900000, 0x00000000cf900000| Untracked 
| 250|0x00000000cfa00000, 0x00000000cfa00000, 0x00000000cfb00000|  0%| F|  |TAMS 0x00000000cfa00000, 0x00000000cfa00000| Untracked 
| 251|0x00000000cfb00000, 0x00000000cfb00000, 0x00000000cfc00000|  0%| F|  |TAMS 0x00000000cfb00000, 0x00000000cfb00000| Untracked 
| 252|0x00000000cfc00000, 0x00000000cfc00000, 0x00000000cfd00000|  0%| F|  |TAMS 0x00000000cfc00000, 0x00000000cfc00000| Untracked 
| 253|0x00000000cfd00000, 0x00000000cfd00000, 0x00000000cfe00000|  0%| F|  |TAMS 0x00000000cfd00000, 0x00000000cfd00000| Untracked 
| 254|0x00000000cfe00000, 0x00000000cfe00000, 0x00000000cff00000|  0%| F|  |TAMS 0x00000000cfe00000, 0x00000000cfe00000| Untracked 
| 255|0x00000000cff00000, 0x00000000cff00000, 0x00000000d0000000|  0%| F|  |TAMS 0x00000000cff00000, 0x00000000cff00000| Untracked 
| 256|0x00000000d0000000, 0x00000000d0000000, 0x00000000d0100000|  0%| F|  |TAMS 0x00000000d0000000, 0x00000000d0000000| Untracked 
| 257|0x00000000d0100000, 0x00000000d0100000, 0x00000000d0200000|  0%| F|  |TAMS 0x00000000d0100000, 0x00000000d0100000| Untracked 
| 258|0x00000000d0200000, 0x00000000d0200000, 0x00000000d0300000|  0%| F|  |TAMS 0x00000000d0200000, 0x00000000d0200000| Untracked 
| 259|0x00000000d0300000, 0x00000000d0300000, 0x00000000d0400000|  0%| F|  |TAMS 0x00000000d0300000, 0x00000000d0300000| Untracked 
| 260|0x00000000d0400000, 0x00000000d0400000, 0x00000000d0500000|  0%| F|  |TAMS 0x00000000d0400000, 0x00000000d0400000| Untracked 
| 261|0x00000000d0500000, 0x00000000d0500000, 0x00000000d0600000|  0%| F|  |TAMS 0x00000000d0500000, 0x00000000d0500000| Untracked 
| 262|0x00000000d0600000, 0x00000000d0680800, 0x00000000d0700000| 50%| E|  |TAMS 0x00000000d0600000, 0x00000000d0600000| Complete 
| 263|0x00000000d0700000, 0x00000000d0800000, 0x00000000d0800000|100%| E|CS|TAMS 0x00000000d0700000, 0x00000000d0700000| Complete 
| 264|0x00000000d0800000, 0x00000000d0900000, 0x00000000d0900000|100%| E|CS|TAMS 0x00000000d0800000, 0x00000000d0800000| Complete 
|1020|0x00000000ffc00000, 0x00000000ffc48000, 0x00000000ffd00000| 28%|OA|  |TAMS 0x00000000ffc00000, 0x00000000ffc00000| Untracked 
|1022|0x00000000ffe00000, 0x00000000ffe6c000, 0x00000000fff00000| 42%|CA|  |TAMS 0x00000000ffe00000, 0x00000000ffe00000| Untracked 

Card table byte_map: [0x0000776ffe9a8000,0x0000776ffeba8000] _byte_map_base: 0x0000776ffe3a8000

Marking Bits (Prev, Next): (CMBitMap*) 0x00005b944b0e36e8, (CMBitMap*) 0x00005b944b0e3720
 Prev Bits: [0x0000776ffd7a8000, 0x0000776ffe7a8000)
 Next Bits: [0x0000776ffc7a8000, 0x0000776ffd7a8000)

Polling page: 0x00007770f8001000

Metaspace:

Usage:
  Non-class:     10.77 MB capacity,     9.55 MB ( 89%) used,     1.17 MB ( 11%) free+waste,    46.19 KB ( <1%) overhead. 
      Class:      1.97 MB capacity,     1.66 MB ( 84%) used,   293.59 KB ( 15%) free+waste,    23.88 KB (  1%) overhead. 
       Both:     12.74 MB capacity,    11.21 MB ( 88%) used,     1.46 MB ( 11%) free+waste,    70.06 KB ( <1%) overhead. 

Virtual space:
  Non-class space:       12.00 MB reserved,      11.00 MB ( 92%) committed 
      Class space:        1.00 GB reserved,       2.00 MB ( <1%) committed 
             Both:        1.01 GB reserved,      13.00 MB (  1%) committed 

Chunk freelists:
   Non-Class:  0 bytes
       Class:  0 bytes
        Both:  0 bytes

MaxMetaspaceSize: unlimited
CompressedClassSpaceSize: 1.00 GB
Initial GC threshold: 20.80 MB
Current GC threshold: 21.67 MB
CDS: on

CodeHeap 'non-profiled nmethods': size=119172Kb used=3785Kb max_used=3785Kb free=115386Kb
 bounds [0x0000777006c29000, 0x0000777006fe9000, 0x000077700e08a000]
CodeHeap 'profiled nmethods': size=119168Kb used=7498Kb max_used=7498Kb free=111669Kb
 bounds [0x0000776fff7c9000, 0x0000776ffff29000, 0x0000777006c29000]
CodeHeap 'non-nmethods': size=7420Kb used=1148Kb max_used=2931Kb free=6271Kb
 bounds [0x0000776fff08a000, 0x0000776fff37a000, 0x0000776fff7c9000]
 total_blobs=4542 nmethods=4141 adapters=314
 compilation: enabled
              stopped_count=0, restarted_count=0
 full_count=0

Compilation events (20 events):
Event: 32.507 Thread 0x00005b944c28e800 4136       2       scala.collection.immutable.StringOps::isEmpty (5 bytes)
Event: 32.507 Thread 0x00005b944c28e800 nmethod 4136 0x0000776ffff17210 code [0x0000776ffff173c0, 0x0000776ffff17530]
Event: 32.513 Thread 0x00005b944c28d000 4137       4       org.openkoreantext.processor.tokenizer.ParsedChunk::$anonfun$josaMismatched$1 (410 bytes)
Event: 32.551 Thread 0x00005b944c28d000 nmethod 4137 0x0000777006fd2e10 code [0x0000777006fd32c0, 0x0000777006fd5ea0]
Event: 33.634 Thread 0x00005b944c28e800 4138       3       java.util.TimSort::mergeLo (659 bytes)
Event: 33.636 Thread 0x00005b944c28e800 nmethod 4138 0x0000776ffff17690 code [0x0000776ffff17a20, 0x0000776ffff19f30]
Event: 34.360 Thread 0x00005b944c28e800 4139       3       java.util.regex.Pattern$SliceI::match (96 bytes)
Event: 34.360 Thread 0x00005b944c28e800 nmethod 4139 0x0000776ffff1a690 code [0x0000776ffff1a8a0, 0x0000776ffff1aef0]
Event: 34.561 Thread 0x00005b944c28d000 4140       4       java.util.regex.Pattern$SliceI::match (96 bytes)
Event: 34.565 Thread 0x00005b944c28d000 nmethod 4140 0x0000777006fd8090 code [0x0000777006fd8240, 0x0000777006fd87b8]
Event: 37.314 Thread 0x00005b944c28d000 4141       4       java.util.regex.Pattern::curly (115 bytes)
Event: 37.319 Thread 0x00005b944c28d000 nmethod 4141 0x0000777006fd8b10 code [0x0000777006fd8d00, 0x0000777006fd97f8]
Event: 566.127 Thread 0x00005b944c28d000 4143       4       java.lang.ref.ReferenceQueue::reallyPoll (65 bytes)
Event: 566.129 Thread 0x00005b944c28d000 nmethod 4143 0x0000777006fd9f10 code [0x0000777006fda0a0, 0x0000777006fda3d8]
Event: 1277.376 Thread 0x00005b944c28d000 4144   !   4       java.lang.ref.ReferenceQueue::remove (125 bytes)
Event: 1277.381 Thread 0x00005b944c28d000 nmethod 4144 0x0000777006fda490 code [0x0000777006fda660, 0x0000777006fdb188]
Event: 2609.218 Thread 0x00005b944c28e800 4145   !   3       jdk.internal.ref.PhantomCleanable::isListEmpty (34 bytes)
Event: 2609.218 Thread 0x00005b944c28e800 nmethod 4145 0x0000776ffff1b110 code [0x0000776ffff1b2c0, 0x0000776ffff1b610]
Event: 2609.218 Thread 0x00005b944c28e800 4146       3       jdk.internal.misc.InnocuousThread::eraseThreadLocals (23 bytes)
Event: 2609.218 Thread 0x00005b944c28e800 nmethod 4146 0x0000776ffff1b710 code [0x0000776ffff1b8c0, 0x0000776ffff1bab0]

GC Heap History (20 events):
Event: 36.985 GC heap before
{Heap before GC invocations=185 (full 3):
 garbage-first heap   total 280576K, used 244282K [0x00000000c0000000, 0x0000000100000000)
  region size 1024K, 162 young (165888K), 1 survivors (1024K)
 Metaspace       used 11478K, capacity 13048K, committed 13312K, reserved 1060864K
  class space    used 1697K, capacity 2016K, committed 2048K, reserved 1048576K
}
Event: 36.986 GC heap after
{Heap after GC invocations=186 (full 3):
 garbage-first heap   total 280576K, used 79440K [0x00000000c0000000, 0x0000000100000000)
  region size 1024K, 1 young (1024K), 1 survivors (1024K)
 Metaspace       used 11478K, capacity 13048K, committed 13312K, reserved 1060864K
  class space    used 1697K, capacity 2016K, committed 2048K, reserved 1048576K
}
Event: 37.195 GC heap before
{Heap before GC invocations=186 (full 3):
 garbage-first heap   total 280576K, used 244304K [0x00000000c0000000, 0x0000000100000000)
  region size 1024K, 162 young (165888K), 1 survivors (1024K)
 Metaspace       used 11478K, capacity 13048K, committed 13312K, reserved 1060864K
  class space    used 1697K, capacity 2016K, committed 2048K, reserved 1048576K
}
Event: 37.196 GC heap after
{Heap after GC invocations=187 (full 3):
 garbage-first heap   total 280576K, used 79424K [0x00000000c0000000, 0x0000000100000000)
  region size 1024K, 1 young (1024K), 1 survivors (1024K)
 Metaspace       used 11478K, capacity 13048K, committed 13312K, reserved 1060864K
  class space    used 1697K, capacity 2016K, committed 2048K, reserved 1048576K
}
Event: 37.432 GC heap before
{Heap before GC invocations=187 (full 3):
 garbage-first heap   total 280576K, used 244288K [0x00000000c0000000, 0x0000000100000000)
  region size 1024K, 162 young (165888K), 1 survivors (1024K)
 Metaspace       used 11478K, capacity 13048K, committed 13312K, reserved 1060864K
  class space    used 1697K, capacity 2016K, committed 2048K, reserved 1048576K
}
Event: 37.433 GC heap after
{Heap after GC invocations=188 (full 3):
 garbage-first heap   total 280576K, used 79424K [0x00000000c0000000, 0x0000000100000000)
  region size 1024K, 1 young (1024K), 1 survivors (1024K)
 Metaspace       used 11478K, capacity 13048K, committed 13312K, reserved 1060864K
  class space    used 1697K, capacity 2016K, committed 2048K, reserved 1048576K
}
Event: 37.649 GC heap before
{Heap before GC invocations=188 (full 3):
 garbage-first heap   total 280576K, used 244288K [0x00000000c0000000, 0x0000000100000000)
  region size 1024K, 162 young (165888K), 1 survivors (1024K)
 Metaspace       used 11478K, capacity 13048K, committed 13312K, reserved 1060864K
  class space    used 1697K, capacity 2016K, committed 2048K, reserved 1048576K
}
Event: 37.650 GC heap after
{Heap after GC invocations=189 (full 3):
 garbage-first heap   total 280576K, used 79444K [0x00000000c0000000, 0x0000000100000000)
  region size 1024K, 1 young (1024K), 1 survivors (1024K)
 Metaspace       used 11478K, capacity 13048K, committed 13312K, reserved 1060864K
  class space    used 1697K, capacity 2016K, committed 2048K, reserved 1048576K
}
Event: 37.874 GC heap before
{Heap before GC invocations=189 (full 3):
 garbage-first heap   total 280576K, used 244308K [0x00000000c0000000, 0x0000000100000000)
  region size 1024K, 162 young (165888K), 1 survivors (1024K)
 Metaspace       used 11478K, capacity 13048K, committed 13312K, reserved 1060864K
  class space    used 1697K, capacity 2016K, committed 2048K, reserved 1048576K
}
Event: 37.874 GC heap after
{Heap after GC invocations=190 (full 3):
 garbage-first heap   total 280576K, used 79424K [0x00000000c0000000, 0x0000000100000000)
  region size 1024K, 1 young (1024K), 1 survivors (1024K)
 Metaspace       used 11478K, capacity 13048K, committed 13312K, reserved 1060864K
  class space    used 1697K, capacity 2016K, committed 2048K, reserved 1048576K
}
Event: 93.165 GC heap before
{Heap before GC invocations=190 (full 3):
 garbage-first heap   total 280576K, used 167488K [0x00000000c0000000, 0x0000000100000000)
  region size 1024K, 88 young (90112K), 1 survivors (1024K)
 Metaspace       used 11478K, capacity 13048K, committed 13312K, reserved 1060864K
  class space    used 1697K, capacity 2016K, committed 2048K, reserved 1048576K
}
Event: 93.189 GC heap after
{Heap after GC invocations=191 (full 4):
 garbage-first heap   total 280576K, used 79357K [0x00000000c0000000, 0x0000000100000000)
  region size 1024K, 0 young (0K), 0 survivors (0K)
 Metaspace       used 11478K, capacity 13048K, committed 13312K, reserved 1060864K
  class space    used 1697K, capacity 2016K, committed 2048K, reserved 1048576K
}
Event: 97.720 GC heap before
{Heap before GC invocations=191 (full 4):
 garbage-first heap   total 280576K, used 79357K [0x00000000c0000000, 0x0000000100000000)
  region size 1024K, 1 young (1024K), 0 survivors (0K)
 Metaspace       used 11478K, capacity 13048K, committed 13312K, reserved 1060864K
  class space    used 1697K, capacity 2016K, committed 2048K, reserved 1048576K
}
Event: 97.749 GC heap after
{Heap after GC invocations=192 (full 5):
 garbage-first heap   total 276480K, used 79357K [0x00000000c0000000, 0x0000000100000000)
  region size 1024K, 0 young (0K), 0 survivors (0K)
 Metaspace       used 11478K, capacity 13048K, committed 13312K, reserved 1060864K
  class space    used 1697K, capacity 2016K, committed 2048K, reserved 1048576K
}
Event: 98.370 GC heap before
{Heap before GC invocations=192 (full 5):
 garbage-first heap   total 276480K, used 79357K [0x00000000c0000000, 0x0000000100000000)
  region size 1024K, 1 young (1024K), 0 survivors (0K)
 Metaspace       used 11478K, capacity 13048K, committed 13312K, reserved 1060864K
  class space    used 1697K, capacity 2016K, committed 2048K, reserved 1048576K
}
Event: 98.395 GC heap after
{Heap after GC invocations=193 (full 6):
 garbage-first heap   total 276480K, used 79357K [0x00000000c0000000, 0x0000000100000000)
  region size 1024K, 0 young (0K), 0 survivors (0K)
 Metaspace       used 11478K, capacity 13048K, committed 13312K, reserved 1060864K
  class space    used 1697K, capacity 2016K, committed 2048K, reserved 1048576K
}
Event: 105.366 GC heap before
{Heap before GC invocations=193 (full 6):
 garbage-first heap   total 276480K, used 79357K [0x00000000c0000000, 0x0000000100000000)
  region size 1024K, 1 young (1024K), 0 survivors (0K)
 Metaspace       used 11478K, capacity 13048K, committed 13312K, reserved 1060864K
  class space    used 1697K, capacity 2016K, committed 2048K, reserved 1048576K
}
Event: 105.398 GC heap after
{Heap after GC invocations=194 (full 7):
 garbage-first heap   total 276480K, used 79357K [0x00000000c0000000, 0x0000000100000000)
  region size 1024K, 0 young (0K), 0 survivors (0K)
 Metaspace       used 11478K, capacity 13048K, committed 13312K, reserved 1060864K
  class space    used 1697K, capacity 2016K, committed 2048K, reserved 1048576K
}
Event: 117.321 GC heap before
{Heap before GC invocations=194 (full 7):
 garbage-first heap   total 276480K, used 79357K [0x00000000c0000000, 0x0000000100000000)
  region size 1024K, 1 young (1024K), 0 survivors (0K)
 Metaspace       used 11478K, capacity 13048K, committed 13312K, reserved 1060864K
  class space    used 1697K, capacity 2016K, committed 2048K, reserved 1048576K
}
Event: 117.348 GC heap after
{Heap after GC invocations=195 (full 8):
 garbage-first heap   total 273408K, used 79357K [0x00000000c0000000, 0x0000000100000000)
  region size 1024K, 0 young (0K), 0 survivors (0K)
 Metaspace       used 11478K, capacity 13048K, committed 13312K, reserved 1060864K
  class space    used 1697K, capacity 2016K, committed 2048K, reserved 1048576K
}

Deoptimization events (20 events):
Event: 31.562 Thread 0x00005b944a0a0000 Uncommon trap: trap_request=0xffffff4d fr.pc=0x0000777006ed23a0 relative=0x00000000000001e0
Event: 31.562 Thread 0x00005b944a0a0000 Uncommon trap: reason=unstable_if action=reinterpret pc=0x0000777006ed23a0 method=java.util.regex.Pattern$GroupTail.match(Ljava/util/regex/Matcher;ILjava/lang/CharSequence;)Z @ 13 c2
Event: 31.562 Thread 0x00005b944a0a0000 DEOPT PACKING pc=0x0000777006ed23a0 sp=0x00007ffe7bb81af0
Event: 31.562 Thread 0x00005b944a0a0000 DEOPT UNPACKING pc=0x0000776fff0d3ea5 sp=0x00007ffe7bb81ab8 mode 2
Event: 31.568 Thread 0x00005b944a0a0000 Uncommon trap: trap_request=0xffffffde fr.pc=0x0000777006f97830 relative=0x0000000000000150
Event: 31.568 Thread 0x00005b944a0a0000 Uncommon trap: reason=class_check action=maybe_recompile pc=0x0000777006f97830 method=java.util.regex.Pattern$Curly.match(Ljava/util/regex/Matcher;ILjava/lang/CharSequence;)Z @ 19 c2
Event: 31.568 Thread 0x00005b944a0a0000 DEOPT PACKING pc=0x0000777006f97830 sp=0x00007ffe7bb81c30
Event: 31.568 Thread 0x00005b944a0a0000 DEOPT UNPACKING pc=0x0000776fff0d3ea5 sp=0x00007ffe7bb81bd0 mode 2
Event: 32.351 Thread 0x00005b944a0a0000 Uncommon trap: trap_request=0xffffff4d fr.pc=0x0000777006facf8c relative=0x0000000000001b0c
Event: 32.352 Thread 0x00005b944a0a0000 Uncommon trap: reason=unstable_if action=reinterpret pc=0x0000777006facf8c method=java.util.TimSort.mergeLo(IIII)V @ 487 c2
Event: 32.352 Thread 0x00005b944a0a0000 DEOPT PACKING pc=0x0000777006facf8c sp=0x00007ffe7bb81d80
Event: 32.352 Thread 0x00005b944a0a0000 DEOPT UNPACKING pc=0x0000776fff0d3ea5 sp=0x00007ffe7bb81d58 mode 2
Event: 32.505 Thread 0x00005b944a0a0000 Uncommon trap: trap_request=0xffffff4d fr.pc=0x0000777006f4449c relative=0x000000000000235c
Event: 32.505 Thread 0x00005b944a0a0000 Uncommon trap: reason=unstable_if action=reinterpret pc=0x0000777006f4449c method=org.openkoreantext.processor.tokenizer.ParsedChunk.$anonfun$josaMismatched$1(Lscala/collection/Seq;)Z @ 322 c2
Event: 32.505 Thread 0x00005b944a0a0000 DEOPT PACKING pc=0x0000777006f4449c sp=0x00007ffe7bb81cf0
Event: 32.505 Thread 0x00005b944a0a0000 DEOPT UNPACKING pc=0x0000776fff0d3ea5 sp=0x00007ffe7bb81ca0 mode 2
Event: 34.360 Thread 0x00005b944a0a0000 Uncommon trap: trap_request=0xffffff4d fr.pc=0x0000777006fd13c8 relative=0x0000000000000108
Event: 34.360 Thread 0x00005b944a0a0000 Uncommon trap: reason=unstable_if action=reinterpret pc=0x0000777006fd13c8 method=java.util.regex.Pattern$SliceI.match(Ljava/util/regex/Matcher;ILjava/lang/CharSequence;)Z @ 71 c2
Event: 34.360 Thread 0x00005b944a0a0000 DEOPT PACKING pc=0x0000777006fd13c8 sp=0x00007ffe7bb81c80
Event: 34.360 Thread 0x00005b944a0a0000 DEOPT UNPACKING pc=0x0000776fff0d3ea5 sp=0x00007ffe7bb81c28 mode 2

Classes redefined (0 events):
No events

Internal exceptions (19 events):
Event: 0.170 Thread 0x00005b944a0a0000 Exception <a 'java/lang/NoSuchMethodError'{0x00000000df10e3a0}: 'int java.lang.invoke.DirectMethodHandle$Holder.invokeStaticInit(java.lang.Object, java.lang.Object)'> (0x00000000df10e3a0) thrown at [./src/hotspot/share/interpreter/linkResolver.cpp, line 772]
Event: 0.171 Thread 0x00005b944a0a0000 Exception <a 'java/lang/NoSuchMethodError'{0x00000000df114398}: 'java.lang.Object java.lang.invoke.DirectMethodHandle$Holder.invokeStaticInit(java.lang.Object, int)'> (0x00000000df114398) thrown at [./src/hotspot/share/interpreter/linkResolver.cpp, line 772]
Event: 0.182 Thread 0x00005b944a0a0000 Exception <a 'java/lang/NoSuchMethodError'{0x00000000df182870}: 'java.lang.Object java.lang.invoke.DirectMethodHandle$Holder.invokeStatic(java.lang.Object, int, java.lang.Object, java.lang.Object, java.lang.Object)'> (0x00000000df182870) thrown at [./src/hotspot/share/interpreter/linkResolver.cpp, line 772]
Event: 0.934 Thread 0x00005b944a0a0000 Exception <a 'java/lang/NoSuchMethodError'{0x00000000d01d31d8}: 'java.lang.Object java.lang.invoke.DirectMethodHandle$Holder.invokeStaticInit(java.lang.Object, java.lang.Object, java.lang.Object)'> (0x00000000d01d31d8) thrown at [./src/hotspot/share/interpreter/linkResolver.cpp, line 772]
Event: 0.966 Thread 0x00005b944a0a0000 Exception <a 'java/lang/NoSuchMethodError'{0x00000000cfe18648}: 'int java.lang.invoke.DirectMethodHandle$Holder.invokeSpecialIFC(java.lang.Object, java.lang.Object, int)'> (0x00000000cfe18648) thrown at [./src/hotspot/share/interpreter/linkResolver.cpp, line 772]
Event: 0.998 Thread 0x00005b944a0a0000 Exception <a 'java/lang/NoSuchMethodError'{0x00000000cfdd7f58}: 'java.lang.Object java.lang.invoke.DirectMethodHandle$Holder.invokeStatic(java.lang.Object, java.lang.Object, int, java.lang.Object)'> (0x00000000cfdd7f58) thrown at [./src/hotspot/share/interpreter/linkResolver.cpp, line 772]
Event: 0.999 Thread 0x00005b944a0a0000 Exception <a 'java/lang/NoSuchMethodError'{0x00000000cfdde688}: 'java.lang.Object java.lang.invoke.Invokers$Holder.linkToTargetMethod(java.lang.Object, int, java.lang.Object, java.lang.Object)'> (0x00000000cfdde688) thrown at [./src/hotspot/share/interpreter/linkResolver.cpp, line 772]
Event: 1.012 Thread 0x00005b944a0a0000 Exception <a 'java/lang/NoSuchMethodError'{0x00000000cfcade28}: 'java.lang.Object java.lang.invoke.DirectMethodHandle$Holder.invokeStaticInit(java.lang.Object, java.lang.Object, java.lang.Object, java.lang.Object)'> (0x00000000cfcade28) thrown at [./src/hotspot/share/interpreter/linkResolver.cpp, line 772]
Event: 1.506 Thread 0x00005b944a0a0000 Exception <a 'java/lang/NoSuchMethodError'{0x00000000ce4d4c30}: 'java.lang.Object java.lang.invoke.Invokers$Holder.linkToTargetMethod(java.lang.Object, int, java.lang.Object)'> (0x00000000ce4d4c30) thrown at [./src/hotspot/share/interpreter/linkResolver.cpp, line 772]
Event: 1.510 Thread 0x00005b944a0a0000 Exception <a 'java/lang/NoSuchMethodError'{0x00000000ce4f84c8}: 'java.lang.Object java.lang.invoke.DirectMethodHandle$Holder.invokeStatic(java.lang.Object, int, java.lang.Object)'> (0x00000000ce4f84c8) thrown at [./src/hotspot/share/interpreter/linkResolver.cpp, line 772]
Event: 1.511 Thread 0x00005b944a0a0000 Exception <a 'java/lang/NoSuchMethodError'{0x00000000ce30fe30}: 'java.lang.Object java.lang.invoke.DirectMethodHandle$Holder.invokeStatic(java.lang.Object, int, int, java.lang.Object)'> (0x00000000ce30fe30) thrown at [./src/hotspot/share/interpreter/linkResolver.cpp, line 772]
Event: 2.256 Thread 0x00005b944a0a0000 Exception <a 'java/lang/NoSuchMethodError'{0x00000000cefd0598}: 'java.lang.Object java.lang.invoke.DirectMethodHandle$Holder.invokeStatic(java.lang.Object, java.lang.Object, java.lang.Object, java.lang.Object, java.lang.Object, int)'> (0x00000000cefd0598) thrown at [./src/hotspot/share/interpreter/linkResolver.cpp, line 772]
Event: 2.256 Thread 0x00005b944a0a0000 Exception <a 'java/lang/NoSuchMethodError'{0x00000000cefd44c8}: 'java.lang.Object java.lang.invoke.DirectMethodHandle$Holder.invokeSpecial(java.lang.Object, java.lang.Object, java.lang.Object, java.lang.Object, java.lang.Object, java.lang.Object, int)'> (0x00000000cefd44c8) thrown at [./src/hotspot/share/interpreter/linkResolver.cpp, line 772]
Event: 2.276 Thread 0x00005b944a0a0000 Exception <a 'java/lang/NoSuchMethodError'{0x00000000cee8eae8}: 'java.lang.Object java.lang.invoke.DirectMethodHandle$Holder.invokeStatic(java.lang.Object, java.lang.Object, java.lang.Object, java.lang.Object, int, java.lang.Object)'> (0x00000000cee8eae8) thrown at [./src/hotspot/share/interpreter/linkResolver.cpp, line 772]
Event: 2.276 Thread 0x00005b944a0a0000 Exception <a 'java/lang/NoSuchMethodError'{0x00000000cee92818}: 'java.lang.Object java.lang.invoke.DirectMethodHandle$Holder.invokeSpecial(java.lang.Object, java.lang.Object, java.lang.Object, java.lang.Object, java.lang.Object, int, java.lang.Object)'> (0x00000000cee92818) thrown at [./src/hotspot/share/interpreter/linkResolver.cpp, line 772]
Event: 2.276 Thread 0x00005b944a0a0000 Exception <a 'java/lang/NoSuchMethodError'{0x00000000cee95b88}: 'java.lang.Object java.lang.invoke.Invokers$Holder.linkToTargetMethod(java.lang.Object, java.lang.Object, java.lang.Object, int, java.lang.Object, java.lang.Object)'> (0x00000000cee95b88) thrown at [./src/hotspot/share/interpreter/linkResolver.cpp, line 772]
Event: 2.286 Thread 0x00005b944a0a0000 Exception <a 'java/lang/NoSuchMethodError'{0x00000000ceedad80}: 'java.lang.Object java.lang.invoke.DirectMethodHandle$Holder.invokeStaticInit(java.lang.Object, java.lang.Object, java.lang.Object, java.lang.Object, java.lang.Object)'> (0x00000000ceedad80) thrown at [./src/hotspot/share/interpreter/linkResolver.cpp, line 772]
Event: 2.288 Thread 0x00005b944a0a0000 Exception <a 'java/lang/NoSuchMethodError'{0x00000000ceee8bd8}: 'java.lang.Object java.lang.invoke.Invokers$Holder.invoker(java.lang.Object, java.lang.Object, java.lang.Object)'> (0x00000000ceee8bd8) thrown at [./src/hotspot/share/interpreter/linkResolver.cpp, line 772]
Event: 2.288 Thread 0x00005b944a0a0000 Exception <a 'java/lang/NoSuchMethodError'{0x00000000ceef8488}: 'void java.lang.invoke.DelegatingMethodHandle$Holder.delegate(java.lang.Object, java.lang.Object, int, java.lang.Object)'> (0x00000000ceef8488) thrown at [./src/hotspot/share/interpreter/linkResolver.cpp, line 772]

Events (20 events):
Event: 37.432 Executing VM operation: G1CollectForAllocation
Event: 37.433 Executing VM operation: G1CollectForAllocation done
Event: 37.649 Executing VM operation: G1CollectForAllocation
Event: 37.650 Executing VM operation: G1CollectForAllocation done
Event: 37.873 Executing VM operation: G1CollectForAllocation
Event: 37.874 Executing VM operation: G1CollectForAllocation done
Event: 93.165 Executing VM operation: G1CollectFull
Event: 93.189 Executing VM operation: G1CollectFull done
Event: 97.720 Executing VM operation: G1CollectFull
Event: 97.749 Executing VM operation: G1CollectFull done
Event: 98.370 Executing VM operation: G1CollectFull
Event: 98.395 Executing VM operation: G1CollectFull done
Event: 105.366 Executing VM operation: G1CollectFull
Event: 105.398 Executing VM operation: G1CollectFull done
Event: 117.321 Executing VM operation: G1CollectFull
Event: 117.348 Executing VM operation: G1CollectFull done
Event: 14355.362 loading class jdk/internal/misc/Signal$1
Event: 14355.364 loading class jdk/internal/misc/Signal$1 done
Event: 14355.365 Thread 0x0000776fd0001000 Thread added: 0x0000776fd0001000
Event: 14355.365 Protecting memory [0x0000776f7f900000,0x0000776f7f904000] with protection modes 0


Dynamic libraries:
c0000000-d0900000 rw-p 00000000 00:00 0 
d0900000-ffc00000 ---p 00000000 00:00 0 
ffc00000-ffc48000 rw-p 00b13000 08:40 804701                             /usr/lib/jvm/java-11-openjdk-amd64/lib/server/classes.jsa
ffc48000-ffd00000 rw-p 00000000 00:00 0 
ffd00000-ffe00000 ---p 00000000 00:00 0 
ffe00000-ffe6c000 rw-p 00aa7000 08:40 804701                             /usr/lib/jvm/java-11-openjdk-amd64/lib/server/classes.jsa
ffe6c000-fff00000 rw-p 00000000 00:00 0 
fff00000-100000000 ---p 00000000 00:00 0 
200000000-700000000 ---p 00000000 00:00 0 
800000000-800002000 rwxp 00001000 08:40 804701                           /usr/lib/jvm/java-11-openjdk-amd64/lib/server/classes.jsa
800002000-8003ce000 rw-p 00003000 08:40 804701                           /usr/lib/jvm/java-11-openjdk-amd64/lib/server/classes.jsa
8003ce000-800aa5000 r--p 003cf000 08:40 804701                           /usr/lib/jvm/java-11-openjdk-amd64/lib/server/classes.jsa
800aa5000-800aa6000 rw-p 00aa6000 08:40 804701                           /usr/lib/jvm/java-11-openjdk-amd64/lib/server/classes.jsa
840000000-840200000 rw-p 00000000 00:00 0 
840200000-880000000 ---p 00000000 00:00 0 
900000000-900600000 rw-s 00000000 00:01 357                              /dev/zero (deleted)
900600000-902c00000 ---p 00000000 00:00 0 
902c00000-902e00000 rw-s 00000000 00:01 365                              /dev/zero (deleted)
902e00000-903000000 rw-s 00000000 00:01 398                              /dev/zero (deleted)
903000000-903200000 ---p 00000000 00:00 0 
903200000-903400000 rw-s 00000000 00:01 400                              /dev/zero (deleted)
903400000-903600000 rw-s 00000000 00:01 401                              /dev/zero (deleted)
903600000-903a00000 ---p 00000000 00:00 0 
903a00000-903c00000 rw-s 00000000 00:01 403                              /dev/zero (deleted)
903c00000-903e00000 rw-s 00000000 00:01 404                              /dev/zero (deleted)
903e00000-904000000 rw-s 00000000 00:01 405                              /dev/zero (deleted)
904000000-904800000 rw-s 00000000 00:01 406                              /dev/zero (deleted)
904800000-904a00000 rw-s 00000000 00:01 17508                            /dev/zero (deleted)
904a00000-904c00000 rw-s 00000000 00:01 15417                            /dev/zero (deleted)
904c00000-1200000000 ---p 00000000 00:00 0 
5b942f25c000-5b942f2c9000 r--p 00000000 08:40 112518                     /usr/bin/python3.10
5b942f2c9000-5b942f57e000 r-xp 0006d000 08:40 112518                     /usr/bin/python3.10
5b942f57e000-5b942f7c0000 r--p 00322000 08:40 112518                     /usr/bin/python3.10
5b942f7c0000-5b942f7c7000 r--p 00563000 08:40 112518                     /usr/bin/python3.10
5b942f7c7000-5b942f806000 rw-p 0056a000 08:40 112518                     /usr/bin/python3.10
5b942f806000-5b942f84c000 rw-p 00000000 00:00 0 
5b9443bee000-5b9455484000 rw-p 00000000 00:00 0                          [heap]
5b9455484000-5b9455f8a000 rw-p 00000000 00:00 0                          [heap]
5b9455f8a000-5b945608a000 rw-p 00000000 00:00 0                          [heap]
5b945608a000-5b945656c000 rw-p 00000000 00:00 0                          [heap]
776a9c000000-776a9c021000 rw-p 00000000 00:00 0 
776a9c021000-776aa0000000 ---p 00000000 00:00 0 
776aa4000000-776aa4061000 rw-p 00000000 00:00 0 
776aa4061000-776aa8000000 ---p 00000000 00:00 0 
776aa8000000-776aa8021000 rw-p 00000000 00:00 0 
776aa8021000-776aac000000 ---p 00000000 00:00 0 
776aac000000-776aac066000 rw-p 00000000 00:00 0 
776aac066000-776ab0000000 ---p 00000000 00:00 0 
776ab0000000-776ab0021000 rw-p 00000000 00:00 0 
776ab0021000-776ab4000000 ---p 00000000 00:00 0 
776ab4000000-776ab4021000 rw-p 00000000 00:00 0 
776ab4021000-776ab8000000 ---p 00000000 00:00 0 
776ab8000000-776ab8021000 rw-p 00000000 00:00 0 
776ab8021000-776abc000000 ---p 00000000 00:00 0 
776abf7ff000-776abf800000 ---p 00000000 00:00 0 
776abf800000-776ac0000000 rw-p 00000000 00:00 0 
776ac0000000-776ac0021000 rw-p 00000000 00:00 0 
776ac0021000-776ac4000000 ---p 00000000 00:00 0 
776ac4000000-776ac4021000 rw-p 00000000 00:00 0 
776ac4021000-776ac8000000 ---p 00000000 00:00 0 
776ac8000000-776ac806a000 rw-p 00000000 00:00 0 
776ac806a000-776acc000000 ---p 00000000 00:00 0 
776acc000000-776acc021000 rw-p 00000000 00:00 0 
776acc021000-776ad0000000 ---p 00000000 00:00 0 
776ad0000000-776ad0021000 rw-p 00000000 00:00 0 
776ad0021000-776ad4000000 ---p 00000000 00:00 0 
776adc000000-776adfde0000 rw-p 00000000 00:00 0 
776adfde0000-776ae0000000 ---p 00000000 00:00 0 
776ae0000000-776ae1187000 rw-p 00000000 00:00 0 
776ae1187000-776ae4000000 ---p 00000000 00:00 0 
776ae4000000-776ae7ffc000 rw-p 00000000 00:00 0 
776ae7ffc000-776ae8000000 ---p 00000000 00:00 0 
776aeaa00000-776afb7f2000 r-xp 00000000 08:40 107140                     /usr/local/lib/python3.10/dist-packages/nvidia/cudnn/lib/libcudnn_adv.so.9
776afb7f2000-776afb9f2000 ---p 10df2000 08:40 107140                     /usr/local/lib/python3.10/dist-packages/nvidia/cudnn/lib/libcudnn_adv.so.9
776afb9f2000-776afb9f8000 r--p 10df2000 08:40 107140                     /usr/local/lib/python3.10/dist-packages/nvidia/cudnn/lib/libcudnn_adv.so.9
776afb9f8000-776afb9fb000 rw-p 10df8000 08:40 107140                     /usr/local/lib/python3.10/dist-packages/nvidia/cudnn/lib/libcudnn_adv.so.9
776afb9fb000-776afbb08000 rw-p 00000000 00:00 0 
776afbb08000-776afbd07000 ---p 11108000 08:40 107140                     /usr/local/lib/python3.10/dist-packages/nvidia/cudnn/lib/libcudnn_adv.so.9
776afbd07000-776afbd50000 r--p 10f07000 08:40 107140                     /usr/local/lib/python3.10/dist-packages/nvidia/cudnn/lib/libcudnn_adv.so.9
776afbd50000-776afbe00000 ---p 11350000 08:40 107140                     /usr/local/lib/python3.10/dist-packages/nvidia/cudnn/lib/libcudnn_adv.so.9
776afbe00000-776afbe04000 rw-p 11000000 08:40 107140                     /usr/local/lib/python3.10/dist-packages/nvidia/cudnn/lib/libcudnn_adv.so.9
776afc000000-776b039ba000 r-xp 00000000 08:40 107295                     /usr/local/lib/python3.10/dist-packages/nvidia/cudnn/lib/libcudnn_ops.so.9
776b039ba000-776b03bba000 ---p 079ba000 08:40 107295                     /usr/local/lib/python3.10/dist-packages/nvidia/cudnn/lib/libcudnn_ops.so.9
776b03bba000-776b03bc0000 r--p 079ba000 08:40 107295                     /usr/local/lib/python3.10/dist-packages/nvidia/cudnn/lib/libcudnn_ops.so.9
776b03bc0000-776b03bc8000 rw-p 079c0000 08:40 107295                     /usr/local/lib/python3.10/dist-packages/nvidia/cudnn/lib/libcudnn_ops.so.9
776b03bc8000-776b03c3c000 rw-p 00000000 00:00 0 
776b03c3c000-776b03e00000 ---p 07c3c000 08:40 107295                     /usr/local/lib/python3.10/dist-packages/nvidia/cudnn/lib/libcudnn_ops.so.9
776b03e00000-776b03e03000 rw-p 07a00000 08:40 107295                     /usr/local/lib/python3.10/dist-packages/nvidia/cudnn/lib/libcudnn_ops.so.9
776b04000000-776b04021000 rw-p 00000000 00:00 0 
776b04021000-776b08000000 ---p 00000000 00:00 0 
776b0c000000-776b0c2f8000 rw-p 00000000 00:00 0 
776b0c2f8000-776b10000000 ---p 00000000 00:00 0 
776b10000000-776b10186000 rw-p 00000000 00:00 0 
776b10186000-776b14000000 ---p 00000000 00:00 0 
776b14000000-776b141d6000 rw-p 00000000 00:00 0 
776b141d6000-776b18000000 ---p 00000000 00:00 0 
776b18000000-776b18265000 rw-p 00000000 00:00 0 
776b18265000-776b1c000000 ---p 00000000 00:00 0 
776b1c000000-776b1c21a000 rw-p 00000000 00:00 0 
776b1c21a000-776b20000000 ---p 00000000 00:00 0 
776b20000000-776b20021000 rw-p 00000000 00:00 0 
776b20021000-776b24000000 ---p 00000000 00:00 0 
776b24000000-776b24342000 rw-p 00000000 00:00 0 
776b24342000-776b28000000 ---p 00000000 00:00 0 
776b28000000-776b281a8000 rw-p 00000000 00:00 0 
776b281a8000-776b2c000000 ---p 00000000 00:00 0 
776b2c000000-776b2c2b1000 rw-p 00000000 00:00 0 
776b2c2b1000-776b30000000 ---p 00000000 00:00 0 
776b30000000-776b3033b000 rw-p 00000000 00:00 0 
776b3033b000-776b34000000 ---p 00000000 00:00 0 
776b37775000-776b38000000 rw-p 00000000 00:00 0 
776b38000000-776b3820c000 rw-p 00000000 00:00 0 
776b3820c000-776b3c000000 ---p 00000000 00:00 0 
776b3c000000-776b3c1a2000 rw-p 00000000 00:00 0 
776b3c1a2000-776b40000000 ---p 00000000 00:00 0 
776b40000000-776b4013d000 rw-p 00000000 00:00 0 
776b4013d000-776b44000000 ---p 00000000 00:00 0 
776b44000000-776b441c4000 rw-p 00000000 00:00 0 
776b441c4000-776b48000000 ---p 00000000 00:00 0 
776b48000000-776b48227000 rw-p 00000000 00:00 0 
776b48227000-776b4c000000 ---p 00000000 00:00 0 
776b4c4f4000-776b50000000 rw-p 00000000 00:00 0 
776b50000000-776b502b8000 rw-p 00000000 00:00 0 
776b502b8000-776b54000000 ---p 00000000 00:00 0 
776b54000000-776b5413d000 rw-p 00000000 00:00 0 
776b5413d000-776b58000000 ---p 00000000 00:00 0 
776b58000000-776b5812a000 rw-p 00000000 00:00 0 
776b5812a000-776b5c000000 ---p 00000000 00:00 0 
776b5c000000-776b5c13a000 rw-p 00000000 00:00 0 
776b5c13a000-776b60000000 ---p 00000000 00:00 0 
776b60000000-776b6025c000 rw-p 00000000 00:00 0 
776b6025c000-776b64000000 ---p 00000000 00:00 0 
776b64000000-776b641e4000 rw-p 00000000 00:00 0 
776b641e4000-776b68000000 ---p 00000000 00:00 0 
776b68000000-776b6813c000 rw-p 00000000 00:00 0 
776b6813c000-776b6c000000 ---p 00000000 00:00 0 
776b6c000000-776b6c1a6000 rw-p 00000000 00:00 0 
776b6c1a6000-776b70000000 ---p 00000000 00:00 0 
776b70000000-776b7028d000 rw-p 00000000 00:00 0 
776b7028d000-776b74000000 ---p 00000000 00:00 0 
776b74000000-776b742f7000 rw-p 00000000 00:00 0 
776b742f7000-776b78000000 ---p 00000000 00:00 0 
776b78000000-776b78028000 rw-p 00000000 00:00 0 
776b78028000-776b7c000000 ---p 00000000 00:00 0 
776b7c000000-776b7c139000 rw-p 00000000 00:00 0 
776b7c139000-776b80000000 ---p 00000000 00:00 0 
776b80000000-776b80172000 rw-p 00000000 00:00 0 
776b80172000-776b84000000 ---p 00000000 00:00 0 
776b84000000-776b841df000 rw-p 00000000 00:00 0 
776b841df000-776b88000000 ---p 00000000 00:00 0 
776b88000000-776b88021000 rw-p 00000000 00:00 0 
776b88021000-776b8c000000 ---p 00000000 00:00 0 
776b8c071000-776b8cc00000 rw-p 00000000 00:00 0 
776b8cc00000-776b8f5cb000 r-xp 00000000 00:22 1125899907015992           /usr/lib/wsl/drivers/nvmdi.inf_amd64_210156e74c27f99d/libnvidia-ptxjitcompiler.so.1
776b8f5cb000-776b8f7cb000 ---p 029cb000 00:22 1125899907015992           /usr/lib/wsl/drivers/nvmdi.inf_amd64_210156e74c27f99d/libnvidia-ptxjitcompiler.so.1
776b8f7cb000-776b8fe82000 r--p 029cb000 00:22 1125899907015992           /usr/lib/wsl/drivers/nvmdi.inf_amd64_210156e74c27f99d/libnvidia-ptxjitcompiler.so.1
776b8fe82000-776b8fe87000 rw-p 03082000 00:22 1125899907015992           /usr/lib/wsl/drivers/nvmdi.inf_amd64_210156e74c27f99d/libnvidia-ptxjitcompiler.so.1
776b8fe87000-776b8fea1000 rw-p 00000000 00:00 0 
776b90000000-776b90035000 rw-p 00000000 00:00 0 
776b90035000-776b94000000 ---p 00000000 00:00 0 
776b94000000-776b94064000 rw-p 00000000 00:00 0 
776b94064000-776b98000000 ---p 00000000 00:00 0 
776b98000000-776b9812f000 rw-p 00000000 00:00 0 
776b9812f000-776b9c000000 ---p 00000000 00:00 0 
776b9c000000-776b9c130000 rw-p 00000000 00:00 0 
776b9c130000-776ba0000000 ---p 00000000 00:00 0 
776ba0000000-776ba0021000 rw-p 00000000 00:00 0 
776ba0021000-776ba4000000 ---p 00000000 00:00 0 
776ba6b24000-776ba8000000 rw-p 00000000 00:00 0 
776ba8000000-776ba8021000 rw-p 00000000 00:00 0 
776ba8021000-776bac000000 ---p 00000000 00:00 0 
776bac000000-776bac21d000 rw-p 00000000 00:00 0 
776bac21d000-776bb0000000 ---p 00000000 00:00 0 
776bb0000000-776bb01a6000 rw-p 00000000 00:00 0 
776bb01a6000-776bb4000000 ---p 00000000 00:00 0 
776bb43a0000-776bb4ffa000 rw-p 00000000 00:00 0 
776bb4ffa000-776bb4ffb000 ---p 00000000 00:00 0 
776bb4ffb000-776bb57fb000 rw-p 00000000 00:00 0 
776bb57fb000-776bb57fc000 ---p 00000000 00:00 0 
776bb57fc000-776bb5ffc000 rw-p 00000000 00:00 0 
776bb63a4000-776bb6ffe000 rw-p 00000000 00:00 0 
776bb6ffe000-776bb6fff000 ---p 00000000 00:00 0 
776bb6fff000-776bb77ff000 rw-p 00000000 00:00 0 
776bb8000000-776bb8021000 rw-p 00000000 00:00 0 
776bb8021000-776bbc000000 ---p 00000000 00:00 0 
776bbc000000-776bbc021000 rw-p 00000000 00:00 0 
776bbc021000-776bc0000000 ---p 00000000 00:00 0 
776bc0000000-776bc0021000 rw-p 00000000 00:00 0 
776bc0021000-776bc4000000 ---p 00000000 00:00 0 
776bc4000000-776bc4021000 rw-p 00000000 00:00 0 
776bc4021000-776bc8000000 ---p 00000000 00:00 0 
776bc8000000-776bc806e000 rw-p 00000000 00:00 0 
776bc806e000-776bcc000000 ---p 00000000 00:00 0 
776bcc7f9000-776bcc7fa000 ---p 00000000 00:00 0 
776bcc7fa000-776bccffa000 rw-p 00000000 00:00 0 
776bcd7fb000-776bcd7fc000 ---p 00000000 00:00 0 
776bcd7fc000-776bcdffc000 rw-p 00000000 00:00 0 
776bcdffc000-776bcdffd000 ---p 00000000 00:00 0 
776bcdffd000-776bce7fd000 rw-p 00000000 00:00 0 
776bceffe000-776bcefff000 ---p 00000000 00:00 0 
776bcefff000-776bcf7ff000 rw-p 00000000 00:00 0 
776bcf7ff000-776bcf800000 ---p 00000000 00:00 0 
776bcf800000-776bd0000000 rw-p 00000000 00:00 0 
776bd0000000-776bd0021000 rw-p 00000000 00:00 0 
776bd0021000-776bd4000000 ---p 00000000 00:00 0 
776bd4000000-776bd4021000 rw-p 00000000 00:00 0 
776bd4021000-776bd8000000 ---p 00000000 00:00 0 
776bd8000000-776bd8057000 rw-p 00000000 00:00 0 
776bd8057000-776bdc000000 ---p 00000000 00:00 0 
776bdc000000-776bdc021000 rw-p 00000000 00:00 0 
776bdc021000-776be0000000 ---p 00000000 00:00 0 
776be0000000-776be0057000 rw-p 00000000 00:00 0 
776be0057000-776be4000000 ---p 00000000 00:00 0 
776be4000000-776be404e000 rw-p 00000000 00:00 0 
776be404e000-776be8000000 ---p 00000000 00:00 0 
776be8000000-776be8021000 rw-p 00000000 00:00 0 
776be8021000-776bec000000 ---p 00000000 00:00 0 
776bec000000-776bec06f000 rw-p 00000000 00:00 0 
776bec06f000-776bf0000000 ---p 00000000 00:00 0 
776bf07f9000-776bf07fa000 ---p 00000000 00:00 0 
776bf07fa000-776bf0ffa000 rw-p 00000000 00:00 0 
776bf4000000-776bf4021000 rw-p 00000000 00:00 0 
776bf4021000-776bf8000000 ---p 00000000 00:00 0 
776bf8000000-776bf8021000 rw-p 00000000 00:00 0 
776bf8021000-776bfc000000 ---p 00000000 00:00 0 
776bfc000000-776bfc021000 rw-p 00000000 00:00 0 
776bfc021000-776c00000000 ---p 00000000 00:00 0 
776c00000000-776c00021000 rw-p 00000000 00:00 0 
776c00021000-776c04000000 ---p 00000000 00:00 0 
776c04000000-776c04021000 rw-p 00000000 00:00 0 
776c04021000-776c08000000 ---p 00000000 00:00 0 
776c08000000-776c08021000 rw-p 00000000 00:00 0 
776c08021000-776c0c000000 ---p 00000000 00:00 0 
776c0c000000-776c0c021000 rw-p 00000000 00:00 0 
776c0c021000-776c10000000 ---p 00000000 00:00 0 
776c11e8f000-776c2c000000 rw-p 00000000 00:00 0 
776c2c000000-776c2ffff000 rw-p 00000000 00:00 0 
776c2ffff000-776c30000000 ---p 00000000 00:00 0 
776c30000000-776c3005c000 rw-p 00000000 00:00 0 
776c3005c000-776c34000000 ---p 00000000 00:00 0 
776c34000000-776c362d3000 rw-p 00000000 00:00 0 
776c362d3000-776c38000000 ---p 00000000 00:00 0 
776c38000000-776c3960b000 rw-p 00000000 00:00 0 
776c3960b000-776c3c000000 ---p 00000000 00:00 0 
776c3c000000-776c3c774000 rw-p 00000000 00:00 0 
776c3c774000-776c40000000 ---p 00000000 00:00 0 
776c40000000-776c4008c000 rw-p 00000000 00:00 0 
776c4008c000-776c44000000 ---p 00000000 00:00 0 
776c44000000-776c4489f000 rw-p 00000000 00:00 0 
776c4489f000-776c48000000 ---p 00000000 00:00 0 
776c4b7ff000-776c4b800000 ---p 00000000 00:00 0 
776c4b800000-776c4c000000 rw-p 00000000 00:00 0 
776c4c000000-776c4ca86000 rw-p 00000000 00:00 0 
776c4ca86000-776c50000000 ---p 00000000 00:00 0 
776c50ffa000-776c50ffb000 ---p 00000000 00:00 0 
776c50ffb000-776c517fb000 rw-p 00000000 00:00 0 
776c517fb000-776c517fc000 ---p 00000000 00:00 0 
776c517fc000-776c51ffc000 rw-p 00000000 00:00 0 
776c51ffc000-776c51ffd000 ---p 00000000 00:00 0 
776c51ffd000-776c527fd000 rw-p 00000000 00:00 0 
776c527fd000-776c527fe000 ---p 00000000 00:00 0 
776c527fe000-776c52ffe000 rw-p 00000000 00:00 0 
776c52ffe000-776c52fff000 ---p 00000000 00:00 0 
776c52fff000-776c537ff000 rw-p 00000000 00:00 0 
776c537ff000-776c53800000 ---p 00000000 00:00 0 
776c53800000-776c54000000 rw-p 00000000 00:00 0 
776c54000000-776c54021000 rw-p 00000000 00:00 0 
776c54021000-776c58000000 ---p 00000000 00:00 0 
776c58000000-776c58021000 rw-p 00000000 00:00 0 
776c58021000-776c5c000000 ---p 00000000 00:00 0 
776c5c000000-776c5c021000 rw-p 00000000 00:00 0 
776c5c021000-776c60000000 ---p 00000000 00:00 0 
776c60000000-776c60021000 rw-p 00000000 00:00 0 
776c60021000-776c64000000 ---p 00000000 00:00 0 
776c64000000-776c64021000 rw-p 00000000 00:00 0 
776c64021000-776c68000000 ---p 00000000 00:00 0 
776c68000000-776c68021000 rw-p 00000000 00:00 0 
776c68021000-776c6c000000 ---p 00000000 00:00 0 
776c6c000000-776c6c021000 rw-p 00000000 00:00 0 
776c6c021000-776c70000000 ---p 00000000 00:00 0 
776c70000000-776c70021000 rw-p 00000000 00:00 0 
776c70021000-776c74000000 ---p 00000000 00:00 0 
776c747f9000-776c747fa000 ---p 00000000 00:00 0 
776c747fa000-776c74ffa000 rw-p 00000000 00:00 0 
776c74ffa000-776c74ffb000 ---p 00000000 00:00 0 
776c74ffb000-776c757fb000 rw-p 00000000 00:00 0 
776c757fb000-776c757fc000 ---p 00000000 00:00 0 
776c757fc000-776c75ffc000 rw-p 00000000 00:00 0 
776c75ffc000-776c75ffd000 ---p 00000000 00:00 0 
776c75ffd000-776c767fd000 rw-p 00000000 00:00 0 
776c767fd000-776c767fe000 ---p 00000000 00:00 0 
776c767fe000-776c76ffe000 rw-p 00000000 00:00 0 
776c76ffe000-776c76fff000 ---p 00000000 00:00 0 
776c76fff000-776c777ff000 rw-p 00000000 00:00 0 
776c777ff000-776c77800000 ---p 00000000 00:00 0 
776c77800000-776c78000000 rw-p 00000000 00:00 0 
776c78000000-776c78021000 rw-p 00000000 00:00 0 
776c78021000-776c7c000000 ---p 00000000 00:00 0 
776c7c000000-776c7c021000 rw-p 00000000 00:00 0 
776c7c021000-776c80000000 ---p 00000000 00:00 0 
776c80000000-776c80021000 rw-p 00000000 00:00 0 
776c80021000-776c84000000 ---p 00000000 00:00 0 
776c84000000-776c84021000 rw-p 00000000 00:00 0 
776c84021000-776c88000000 ---p 00000000 00:00 0 
776c88000000-776c88021000 rw-p 00000000 00:00 0 
776c88021000-776c8c000000 ---p 00000000 00:00 0 
776c8c000000-776c8c021000 rw-p 00000000 00:00 0 
776c8c021000-776c90000000 ---p 00000000 00:00 0 
776c90000000-776c90021000 rw-p 00000000 00:00 0 
776c90021000-776c94000000 ---p 00000000 00:00 0 
776c947f9000-776c947fa000 ---p 00000000 00:00 0 
776c947fa000-776c94ffa000 rw-p 00000000 00:00 0 
776c94ffa000-776c94ffb000 ---p 00000000 00:00 0 
776c94ffb000-776c957fb000 rw-p 00000000 00:00 0 
776c957fb000-776c957fc000 ---p 00000000 00:00 0 
776c957fc000-776c95ffc000 rw-p 00000000 00:00 0 
776c95ffc000-776c95ffd000 ---p 00000000 00:00 0 
776c95ffd000-776c967fd000 rw-p 00000000 00:00 0 
776c967fd000-776c967fe000 ---p 00000000 00:00 0 
776c967fe000-776c96ffe000 rw-p 00000000 00:00 0 
776c96ffe000-776c96fff000 ---p 00000000 00:00 0 
776c96fff000-776c977ff000 rw-p 00000000 00:00 0 
776c977ff000-776c97800000 ---p 00000000 00:00 0 
776c97800000-776c98000000 rw-p 00000000 00:00 0 
776c98000000-776c98021000 rw-p 00000000 00:00 0 
776c98021000-776c9c000000 ---p 00000000 00:00 0 
776c9c000000-776c9c021000 rw-p 00000000 00:00 0 
776c9c021000-776ca0000000 ---p 00000000 00:00 0 
776ca0000000-776ca0021000 rw-p 00000000 00:00 0 
776ca0021000-776ca4000000 ---p 00000000 00:00 0 
776ca4000000-776ca4021000 rw-p 00000000 00:00 0 
776ca4021000-776ca8000000 ---p 00000000 00:00 0 
776ca8000000-776ca8021000 rw-p 00000000 00:00 0 
776ca8021000-776cac000000 ---p 00000000 00:00 0 
776cac000000-776cac021000 rw-p 00000000 00:00 0 
776cac021000-776cb0000000 ---p 00000000 00:00 0 
776cb0000000-776cb0021000 rw-p 00000000 00:00 0 
776cb0021000-776cb4000000 ---p 00000000 00:00 0 
776cb4000000-776cb4021000 rw-p 00000000 00:00 0 
776cb4021000-776cb8000000 ---p 00000000 00:00 0 
776cb8000000-776cb8021000 rw-p 00000000 00:00 0 
776cb8021000-776cbc000000 ---p 00000000 00:00 0 
776cbc1fd000-776cbc1fe000 ---p 00000000 00:00 0 
776cbc1fe000-776cbc9fe000 rw-p 00000000 00:00 0 
776cbc9fe000-776cbc9ff000 ---p 00000000 00:00 0 
776cbc9ff000-776cbd1ff000 rw-p 00000000 00:00 0 
776cbd1ff000-776cbf7ff000 rw-s 00000000 00:01 364                        /dev/zero (deleted)
776cbf7ff000-776cbf800000 ---p 00000000 00:00 0 
776cbf800000-776cc0000000 rw-p 00000000 00:00 0 
776cc0000000-776cc0021000 rw-p 00000000 00:00 0 
776cc0021000-776cc4000000 ---p 00000000 00:00 0 
776cc4014000-776cc4409000 rw-p 00000000 00:00 0 
776cc47f9000-776cc47fa000 ---p 00000000 00:00 0 
776cc47fa000-776cc4ffa000 rw-p 00000000 00:00 0 
776cc4ffa000-776cc4ffb000 ---p 00000000 00:00 0 
776cc4ffb000-776cc57fb000 rw-p 00000000 00:00 0 
776cc57fb000-776cc57fc000 ---p 00000000 00:00 0 
776cc57fc000-776cc5ffc000 rw-p 00000000 00:00 0 
776cc5ffc000-776cc5ffd000 ---p 00000000 00:00 0 
776cc5ffd000-776cc67fd000 rw-p 00000000 00:00 0 
776cc67fd000-776cc67fe000 ---p 00000000 00:00 0 
776cc67fe000-776cc6ffe000 rw-p 00000000 00:00 0 
776cc6ffe000-776cc6fff000 ---p 00000000 00:00 0 
776cc6fff000-776cc77ff000 rw-p 00000000 00:00 0 
776cc77ff000-776cc7800000 ---p 00000000 00:00 0 
776cc7800000-776cc8000000 rw-p 00000000 00:00 0 
776cc8000000-776cc8021000 rw-p 00000000 00:00 0 
776cc8021000-776ccc000000 ---p 00000000 00:00 0 
776ccc000000-776ccc021000 rw-p 00000000 00:00 0 
776ccc021000-776cd0000000 ---p 00000000 00:00 0 
776cd0000000-776cd0021000 rw-p 00000000 00:00 0 
776cd0021000-776cd4000000 ---p 00000000 00:00 0 
776cd4000000-776cd4021000 rw-p 00000000 00:00 0 
776cd4021000-776cd8000000 ---p 00000000 00:00 0 
776cd8000000-776cd8021000 rw-p 00000000 00:00 0 
776cd8021000-776cdc000000 ---p 00000000 00:00 0 
776cdc1f2000-776cdc3f2000 rw-s 00000000 00:01 402                        /dev/zero (deleted)
776cdc3f2000-776cdc3f3000 ---p 00000000 00:00 0 
776cdc3f3000-776cdcbf3000 rw-p 00000000 00:00 0 
776cdcbf3000-776cdcbf4000 ---p 00000000 00:00 0 
776cdcbf4000-776cdd3f4000 rw-p 00000000 00:00 0 
776cdd3f4000-776cdd3f5000 ---p 00000000 00:00 0 
776cdd3f5000-776cddbf5000 rw-p 00000000 00:00 0 
776cddbf5000-776cddbf6000 ---p 00000000 00:00 0 
776cddbf6000-776cde3f6000 rw-p 00000000 00:00 0 
776cde3f6000-776cde3f7000 ---p 00000000 00:00 0 
776cde3f7000-776cdebf7000 rw-p 00000000 00:00 0 
776cdebf7000-776cdebf8000 ---p 00000000 00:00 0 
776cdebf8000-776cdf3f8000 rw-p 00000000 00:00 0 
776cdf3f8000-776cdf3f9000 ---p 00000000 00:00 0 
776cdf3f9000-776cdfbf9000 rw-p 00000000 00:00 0 
776cdfbf9000-776cdfbfa000 ---p 00000000 00:00 0 
776cdfbfa000-776ce03fa000 rw-p 00000000 00:00 0 
776ce03fa000-776ce03fb000 ---p 00000000 00:00 0 
776ce03fb000-776ce0bfb000 rw-p 00000000 00:00 0 
776ce0bfb000-776ce0bfc000 ---p 00000000 00:00 0 
776ce0bfc000-776ce13fc000 rw-p 00000000 00:00 0 
776ce13fc000-776ce13fd000 ---p 00000000 00:00 0 
776ce13fd000-776ce1bfd000 rw-p 00000000 00:00 0 
776ce1bfd000-776ce1bfe000 ---p 00000000 00:00 0 
776ce1bfe000-776ce23fe000 rw-p 00000000 00:00 0 
776ce23fe000-776ce23ff000 ---p 00000000 00:00 0 
776ce23ff000-776ce2bff000 rw-p 00000000 00:00 0 
776ce2bff000-776ce2c00000 ---p 00000000 00:00 0 
776ce2c00000-776ce3400000 rw-p 00000000 00:00 0 
776ce3400000-776cf2fe6000 r-xp 00000000 08:40 97324                      /usr/local/cuda-12.3/targets/x86_64-linux/lib/libcusparse.so.12.1.3.153
776cf2fe6000-776cf31e6000 ---p 0fbe6000 08:40 97324                      /usr/local/cuda-12.3/targets/x86_64-linux/lib/libcusparse.so.12.1.3.153
776cf31e6000-776cf31f5000 r--p 0fbe6000 08:40 97324                      /usr/local/cuda-12.3/targets/x86_64-linux/lib/libcusparse.so.12.1.3.153
776cf31f5000-776cf3210000 rw-p 0fbf5000 08:40 97324                      /usr/local/cuda-12.3/targets/x86_64-linux/lib/libcusparse.so.12.1.3.153
776cf3210000-776cf3216000 rw-p 00000000 00:00 0 
776cf3400000-776cf5fa9000 r-xp 00000000 08:40 97348                      /usr/local/cuda-12.3/targets/x86_64-linux/lib/libnvJitLink.so.12.3.52
776cf5fa9000-776cf61a9000 ---p 02ba9000 08:40 97348                      /usr/local/cuda-12.3/targets/x86_64-linux/lib/libnvJitLink.so.12.3.52
776cf61a9000-776cf6754000 r--p 02ba9000 08:40 97348                      /usr/local/cuda-12.3/targets/x86_64-linux/lib/libnvJitLink.so.12.3.52
776cf6754000-776cf67c6000 rw-p 03154000 08:40 97348                      /usr/local/cuda-12.3/targets/x86_64-linux/lib/libnvJitLink.so.12.3.52
776cf67c6000-776cf683c000 rw-p 00000000 00:00 0 
776cf6a00000-776cfd82d000 r-xp 00000000 08:40 97320                      /usr/local/cuda-12.3/targets/x86_64-linux/lib/libcusolver.so.11.5.3.52
776cfd82d000-776cfda2d000 ---p 06e2d000 08:40 97320                      /usr/local/cuda-12.3/targets/x86_64-linux/lib/libcusolver.so.11.5.3.52
776cfda2d000-776cfda3a000 r--p 06e2d000 08:40 97320                      /usr/local/cuda-12.3/targets/x86_64-linux/lib/libcusolver.so.11.5.3.52
776cfda3a000-776cfda48000 rw-p 06e3a000 08:40 97320                      /usr/local/cuda-12.3/targets/x86_64-linux/lib/libcusolver.so.11.5.3.52
776cfda48000-776cfda53000 rw-p 00000000 00:00 0 
776cfdc00000-776cfe167000 r-xp 00000000 08:40 107278                     /usr/local/lib/python3.10/dist-packages/nvidia/cufft/lib/libcufft.so.11
776cfe167000-776cfe366000 ---p 00567000 08:40 107278                     /usr/local/lib/python3.10/dist-packages/nvidia/cufft/lib/libcufft.so.11
776cfe366000-776cfe370000 r--p 00566000 08:40 107278                     /usr/local/lib/python3.10/dist-packages/nvidia/cufft/lib/libcufft.so.11
776cfe370000-776cfe371000 rw-p 00570000 08:40 107278                     /usr/local/lib/python3.10/dist-packages/nvidia/cufft/lib/libcufft.so.11
776cfe371000-776cfe6cd000 rw-p 00000000 00:00 0 
776cfe6cd000-776cfe8cc000 ---p 00acd000 08:40 107278                     /usr/local/lib/python3.10/dist-packages/nvidia/cufft/lib/libcufft.so.11
776cfe8cc000-776cfe9be000 r--p 006cc000 08:40 107278                     /usr/local/lib/python3.10/dist-packages/nvidia/cufft/lib/libcufft.so.11
776cfe9be000-776cfebbd000 ---p 00dbe000 08:40 107278                     /usr/local/lib/python3.10/dist-packages/nvidia/cufft/lib/libcufft.so.11
776cfebbd000-776d0edc5000 rw-p 007bd000 08:40 107278                     /usr/local/lib/python3.10/dist-packages/nvidia/cufft/lib/libcufft.so.11
776d0edc5000-776d0ee00000 ---p 111c5000 08:40 107278                     /usr/local/lib/python3.10/dist-packages/nvidia/cufft/lib/libcufft.so.11
776d0ee00000-776d0ee01000 rw-p 10a00000 08:40 107278                     /usr/local/lib/python3.10/dist-packages/nvidia/cufft/lib/libcufft.so.11
776d0ef00000-776d0f000000 rw-p 00000000 00:00 0 
776d0f000000-776d349a6000 r-xp 00000000 08:40 102911                     /usr/local/lib/python3.10/dist-packages/nvidia/cublas/lib/libcublasLt.so.12
776d349a6000-776d34ba6000 ---p 259a6000 08:40 102911                     /usr/local/lib/python3.10/dist-packages/nvidia/cublas/lib/libcublasLt.so.12
776d34ba6000-776d34f1f000 r--p 259a6000 08:40 102911                     /usr/local/lib/python3.10/dist-packages/nvidia/cublas/lib/libcublasLt.so.12
776d34f1f000-776d3567a000 rw-p 25d1f000 08:40 102911                     /usr/local/lib/python3.10/dist-packages/nvidia/cublas/lib/libcublasLt.so.12
776d3567a000-776d3a772000 rw-p 00000000 00:00 0 
776d3a772000-776d3a971000 ---p 2b772000 08:40 102911                     /usr/local/lib/python3.10/dist-packages/nvidia/cublas/lib/libcublasLt.so.12
776d3a971000-776d3b173000 r--p 26571000 08:40 102911                     /usr/local/lib/python3.10/dist-packages/nvidia/cublas/lib/libcublasLt.so.12
776d3b173000-776d3b372000 ---p 2c173000 08:40 102911                     /usr/local/lib/python3.10/dist-packages/nvidia/cublas/lib/libcublasLt.so.12
776d3b372000-776d412f2000 rw-p 26d72000 08:40 102911                     /usr/local/lib/python3.10/dist-packages/nvidia/cublas/lib/libcublasLt.so.12
776d41300000-776d41400000 rw-p 00000000 00:00 0 
776d41400000-776d482ec000 r-xp 00000000 08:40 102910                     /usr/local/lib/python3.10/dist-packages/nvidia/cublas/lib/libcublas.so.12
776d482ec000-776d484ec000 ---p 06eec000 08:40 102910                     /usr/local/lib/python3.10/dist-packages/nvidia/cublas/lib/libcublas.so.12
776d484ec000-776d484f8000 r--p 06eec000 08:40 102910                     /usr/local/lib/python3.10/dist-packages/nvidia/cublas/lib/libcublas.so.12
776d484f8000-776d484ff000 rw-p 06ef8000 08:40 102910                     /usr/local/lib/python3.10/dist-packages/nvidia/cublas/lib/libcublas.so.12
776d484ff000-776d4850b000 rw-p 00000000 00:00 0 
776d48600000-776d4896e000 r-xp 00000000 08:40 107167                     /usr/local/lib/python3.10/dist-packages/nvidia/cudnn/lib/libcudnn_graph.so.9
776d4896e000-776d48b6e000 ---p 0036e000 08:40 107167                     /usr/local/lib/python3.10/dist-packages/nvidia/cudnn/lib/libcudnn_graph.so.9
776d48b6e000-776d48b77000 r--p 0036e000 08:40 107167                     /usr/local/lib/python3.10/dist-packages/nvidia/cudnn/lib/libcudnn_graph.so.9
776d48b77000-776d48b7a000 rw-p 00377000 08:40 107167                     /usr/local/lib/python3.10/dist-packages/nvidia/cudnn/lib/libcudnn_graph.so.9
776d48b7a000-776d48b7e000 rw-p 00000000 00:00 0 
776d48b7e000-776d48c00000 ---p 0057e000 08:40 107167                     /usr/local/lib/python3.10/dist-packages/nvidia/cudnn/lib/libcudnn_graph.so.9
776d48c00000-776d48c3c000 rw-p 00400000 08:40 107167                     /usr/local/lib/python3.10/dist-packages/nvidia/cudnn/lib/libcudnn_graph.so.9
776d48d00000-776d48e00000 rw-p 00000000 00:00 0 
776d48e00000-776d48e1e000 r-xp 00000000 08:40 106269                     /usr/local/lib/python3.10/dist-packages/nvidia/cudnn/lib/libcudnn.so.9
776d48e1e000-776d4901d000 ---p 0001e000 08:40 106269                     /usr/local/lib/python3.10/dist-packages/nvidia/cudnn/lib/libcudnn.so.9
776d4901d000-776d4901e000 r--p 0001d000 08:40 106269                     /usr/local/lib/python3.10/dist-packages/nvidia/cudnn/lib/libcudnn.so.9
776d4901e000-776d4901f000 rw-p 0001e000 08:40 106269                     /usr/local/lib/python3.10/dist-packages/nvidia/cudnn/lib/libcudnn.so.9
776d49100000-776d49200000 rw-p 00000000 00:00 0 
776d49200000-776d493b9000 r-xp 00000000 00:22 1125899907015897           /usr/lib/wsl/drivers/nvmdi.inf_amd64_210156e74c27f99d/libnvidia-ml.so.1
776d493b9000-776d495b8000 ---p 001b9000 00:22 1125899907015897           /usr/lib/wsl/drivers/nvmdi.inf_amd64_210156e74c27f99d/libnvidia-ml.so.1
776d495b8000-776d495f4000 r--p 001b8000 00:22 1125899907015897           /usr/lib/wsl/drivers/nvmdi.inf_amd64_210156e74c27f99d/libnvidia-ml.so.1
776d495f4000-776d495f7000 rw-p 001f4000 00:22 1125899907015897           /usr/lib/wsl/drivers/nvmdi.inf_amd64_210156e74c27f99d/libnvidia-ml.so.1
776d495f7000-776d4a351000 rw-p 00000000 00:00 0 
776d4a400000-776d4a42d000 r-xp 00000000 00:24 1125899907015943           /usr/lib/x86_64-linux-gnu/libnvidia-ml.so.1
776d4a42d000-776d4a62c000 ---p 0002d000 00:24 1125899907015943           /usr/lib/x86_64-linux-gnu/libnvidia-ml.so.1
776d4a62c000-776d4a631000 r--p 0002c000 00:24 1125899907015943           /usr/lib/x86_64-linux-gnu/libnvidia-ml.so.1
776d4a631000-776d4a633000 rw-p 00031000 00:24 1125899907015943           /usr/lib/x86_64-linux-gnu/libnvidia-ml.so.1
776d4a69b000-776f4e69b000 ---p 00000000 00:00 0 
776f4e69b000-776f4efff000 rw-p 00000000 00:00 0 
776f4efff000-776f4f000000 ---p 00000000 00:00 0 
776f4f000000-776f4f800000 rw-p 00000000 00:00 0 
776f4f800000-776f4f80e000 r-xp 00000000 00:22 1125899907015923           /usr/lib/wsl/drivers/nvmdi.inf_amd64_210156e74c27f99d/libnvdxgdmal.so.1
776f4f80e000-776f4fa0e000 ---p 0000e000 00:22 1125899907015923           /usr/lib/wsl/drivers/nvmdi.inf_amd64_210156e74c27f99d/libnvdxgdmal.so.1
776f4fa0e000-776f4fa10000 r--p 0000e000 00:22 1125899907015923           /usr/lib/wsl/drivers/nvmdi.inf_amd64_210156e74c27f99d/libnvdxgdmal.so.1
776f4fa10000-776f4fa11000 rw-p 00010000 00:22 1125899907015923           /usr/lib/wsl/drivers/nvmdi.inf_amd64_210156e74c27f99d/libnvdxgdmal.so.1
776f4faff000-776f4fbff000 rw-p 00000000 00:00 0 
776f4fbff000-776f4fc00000 ---p 00000000 00:00 0 
776f4fc00000-776f50400000 rw-p 00000000 00:00 0 
776f50400000-776f51986000 r-xp 00000000 00:22 1125899907015941           /usr/lib/wsl/drivers/nvmdi.inf_amd64_210156e74c27f99d/libcuda.so.1.1
776f51986000-776f51b85000 ---p 01586000 00:22 1125899907015941           /usr/lib/wsl/drivers/nvmdi.inf_amd64_210156e74c27f99d/libcuda.so.1.1
776f51b85000-776f51ea9000 r--p 01585000 00:22 1125899907015941           /usr/lib/wsl/drivers/nvmdi.inf_amd64_210156e74c27f99d/libcuda.so.1.1
776f51ea9000-776f51ead000 rw-p 018a9000 00:22 1125899907015941           /usr/lib/wsl/drivers/nvmdi.inf_amd64_210156e74c27f99d/libcuda.so.1.1
776f51ead000-776f51f03000 rw-p 00000000 00:00 0 
776f52000000-776f54000000 rw-p 00000000 00:00 0 
776f54000000-776f54ab0000 rw-p 00000000 00:00 0 
776f54ab0000-776f58000000 ---p 00000000 00:00 0 
776f58000000-776f58cc8000 rw-p 00000000 00:00 0 
776f58cc8000-776f5c000000 ---p 00000000 00:00 0 
776f5c000000-776f5c021000 rw-p 00000000 00:00 0 
776f5c021000-776f60000000 ---p 00000000 00:00 0 
776f60000000-776f60b90000 rw-p 00000000 00:00 0 
776f60b90000-776f64000000 ---p 00000000 00:00 0 
776f64000000-776f64ba9000 rw-p 00000000 00:00 0 
776f64ba9000-776f68000000 ---p 00000000 00:00 0 
776f68000000-776f68021000 rw-p 00000000 00:00 0 
776f68021000-776f6c000000 ---p 00000000 00:00 0 
776f6c000000-776f6cf27000 rw-p 00000000 00:00 0 
776f6cf27000-776f70000000 ---p 00000000 00:00 0 
776f70000000-776f71561000 rw-p 00000000 00:00 0 
776f71561000-776f74000000 ---p 00000000 00:00 0 
776f74000000-776f745d7000 rw-p 00000000 00:00 0 
776f745d7000-776f78000000 ---p 00000000 00:00 0 
776f78000000-776f78316000 rw-p 00000000 00:00 0 
776f78316000-776f7c000000 ---p 00000000 00:00 0 
776f7c000000-776f7c200000 rw-s 00000000 00:01 399                        /dev/zero (deleted)
776f7c200000-776f7c400000 rw-s 00000000 00:01 363                        /dev/zero (deleted)
776f7c400000-776f7c429000 r-xp 00000000 00:24 1125899907015951           /usr/lib/x86_64-linux-gnu/libcuda.so.1
776f7c429000-776f7c628000 ---p 00029000 00:24 1125899907015951           /usr/lib/x86_64-linux-gnu/libcuda.so.1
776f7c628000-776f7c629000 r--p 00028000 00:24 1125899907015951           /usr/lib/x86_64-linux-gnu/libcuda.so.1
776f7c629000-776f7c62b000 rw-p 00029000 00:24 1125899907015951           /usr/lib/x86_64-linux-gnu/libcuda.so.1
776f7c6fd000-776f7cafd000 rw-p 00000000 00:00 0 
776f7cb10000-776f7cb73000 r--p 00000000 00:23 844424930559444            /usr/lib/x86_64-linux-gnu/libdxcore.so
776f7cb73000-776f7cbf0000 r-xp 00062000 00:23 844424930559444            /usr/lib/x86_64-linux-gnu/libdxcore.so
776f7cbf0000-776f7cbf8000 r--p 000de000 00:23 844424930559444            /usr/lib/x86_64-linux-gnu/libdxcore.so
776f7cbf8000-776f7cbf9000 rw-p 000e5000 00:23 844424930559444            /usr/lib/x86_64-linux-gnu/libdxcore.so
776f7cbf9000-776f7f1fd000 rw-p 00000000 00:00 0 
776f7f3fd000-776f7f4fd000 rw-p 00000000 00:00 0 
776f7f4fd000-776f7f5fd000 ---p 00000000 00:00 0 
776f7f5fd000-776f7f5fe000 ---p 00000000 00:00 0 
776f7f5fe000-776f7f6fe000 rw-p 00000000 00:00 0 
776f7f6fe000-776f7f6ff000 ---p 00000000 00:00 0 
776f7f6ff000-776f7f7ff000 rw-p 00000000 00:00 0 
776f7f7ff000-776f7f800000 ---p 00000000 00:00 0 
776f7f800000-776f7f900000 rw-p 00000000 00:00 0 
776f7f900000-776f7f904000 ---p 00000000 00:00 0 
776f7f904000-776f7fbc0000 rw-p 00000000 00:00 0 
776f7fbc0000-776f7fd00000 rw-p 00000000 00:00 0 
776f7fd00000-776f80000000 rw-p 00000000 00:00 0 
776f80000000-776f82e26000 rw-p 00000000 00:00 0 
776f82e26000-776f84000000 ---p 00000000 00:00 0 
776f84000000-776f84218000 rw-p 00000000 00:00 0 
776f84218000-776f88000000 ---p 00000000 00:00 0 
776f88000000-776f88021000 rw-p 00000000 00:00 0 
776f88021000-776f8c000000 ---p 00000000 00:00 0 
776f8c000000-776f8c021000 rw-p 00000000 00:00 0 
776f8c021000-776f90000000 ---p 00000000 00:00 0 
776f90000000-776f90021000 rw-p 00000000 00:00 0 
776f90021000-776f94000000 ---p 00000000 00:00 0 
776f94000000-776f94021000 rw-p 00000000 00:00 0 
776f94021000-776f98000000 ---p 00000000 00:00 0 
776f98000000-776f98021000 rw-p 00000000 00:00 0 
776f98021000-776f9c000000 ---p 00000000 00:00 0 
776f9c000000-776f9c021000 rw-p 00000000 00:00 0 
776f9c021000-776fa0000000 ---p 00000000 00:00 0 
776fa0000000-776fa0021000 rw-p 00000000 00:00 0 
776fa0021000-776fa4000000 ---p 00000000 00:00 0 
776fa4000000-776fa4021000 rw-p 00000000 00:00 0 
776fa4021000-776fa8000000 ---p 00000000 00:00 0 
776fa8000000-776fa8021000 rw-p 00000000 00:00 0 
776fa8021000-776fac000000 ---p 00000000 00:00 0 
776fac000000-776fac021000 rw-p 00000000 00:00 0 
776fac021000-776fb0000000 ---p 00000000 00:00 0 
776fb0000000-776fb0021000 rw-p 00000000 00:00 0 
776fb0021000-776fb4000000 ---p 00000000 00:00 0 
776fb4000000-776fb4021000 rw-p 00000000 00:00 0 
776fb4021000-776fb8000000 ---p 00000000 00:00 0 
776fb8000000-776fb8021000 rw-p 00000000 00:00 0 
776fb8021000-776fbc000000 ---p 00000000 00:00 0 
776fbc000000-776fbc021000 rw-p 00000000 00:00 0 
776fbc021000-776fc0000000 ---p 00000000 00:00 0 
776fc0000000-776fc0021000 rw-p 00000000 00:00 0 
776fc0021000-776fc4000000 ---p 00000000 00:00 0 
776fc4000000-776fc44fc000 rw-p 00000000 00:00 0 
776fc44fc000-776fc8000000 ---p 00000000 00:00 0 
776fc8000000-776fc9355000 rw-p 00000000 00:00 0 
776fc9355000-776fcc000000 ---p 00000000 00:00 0 
776fcc000000-776fcc32a000 rw-p 00000000 00:00 0 
776fcc32a000-776fd0000000 ---p 00000000 00:00 0 
776fd0000000-776fd0021000 rw-p 00000000 00:00 0 
776fd0021000-776fd4000000 ---p 00000000 00:00 0 
776fd4000000-776fd4021000 rw-p 00000000 00:00 0 
776fd4021000-776fd8000000 ---p 00000000 00:00 0 
776fd8000000-776fd8021000 rw-p 00000000 00:00 0 
776fd8021000-776fdc000000 ---p 00000000 00:00 0 
776fdc000000-776fdc021000 rw-p 00000000 00:00 0 
776fdc021000-776fe0000000 ---p 00000000 00:00 0 
776fe0000000-776fe0021000 rw-p 00000000 00:00 0 
776fe0021000-776fe4000000 ---p 00000000 00:00 0 
776fe4000000-776fe641e000 rw-p 00000000 00:00 0 
776fe641e000-776fe8000000 ---p 00000000 00:00 0 
776fe8000000-776fe8021000 rw-p 00000000 00:00 0 
776fe8021000-776fec000000 ---p 00000000 00:00 0 
776fec02b000-776fec02c000 rw-s a01e72000 00:01 397                       /dev/zero (deleted)
776fec02c000-776fec02d000 rw-s a01e71000 00:01 396                       /dev/zero (deleted)
776fec02d000-776fec02e000 rw-s a01e70000 00:01 395                       /dev/zero (deleted)
776fec02e000-776fec02f000 rw-s a01e6f000 00:01 394                       /dev/zero (deleted)
776fec02f000-776fec030000 rw-s a01e6e000 00:01 393                       /dev/zero (deleted)
776fec030000-776fec031000 rw-s a01e6d000 00:01 392                       /dev/zero (deleted)
776fec031000-776fec032000 rw-s a01e6c000 00:01 391                       /dev/zero (deleted)
776fec032000-776fec042000 rw-p 00000000 00:00 0 
776fec042000-776fec051000 r--p 00000000 08:40 193850                     /usr/local/lib/python3.10/dist-packages/matplotlib/backends/_backend_agg.cpython-310-x86_64-linux-gnu.so
776fec051000-776fec0c4000 r-xp 0000f000 08:40 193850                     /usr/local/lib/python3.10/dist-packages/matplotlib/backends/_backend_agg.cpython-310-x86_64-linux-gnu.so
776fec0c4000-776fec0d8000 r--p 00082000 08:40 193850                     /usr/local/lib/python3.10/dist-packages/matplotlib/backends/_backend_agg.cpython-310-x86_64-linux-gnu.so
776fec0d8000-776fec0d9000 ---p 00096000 08:40 193850                     /usr/local/lib/python3.10/dist-packages/matplotlib/backends/_backend_agg.cpython-310-x86_64-linux-gnu.so
776fec0d9000-776fec0da000 r--p 00096000 08:40 193850                     /usr/local/lib/python3.10/dist-packages/matplotlib/backends/_backend_agg.cpython-310-x86_64-linux-gnu.so
776fec0da000-776fec0db000 rw-p 00097000 08:40 193850                     /usr/local/lib/python3.10/dist-packages/matplotlib/backends/_backend_agg.cpython-310-x86_64-linux-gnu.so
776fec0db000-776fec0dc000 rw-p 00000000 00:00 0 
776fec0dc000-776fec3dc000 rw-p 00000000 00:00 0 
776fec3dc000-776fec3dd000 ---p 00000000 00:00 0 
776fec3dd000-776fec4dd000 rw-p 00000000 00:00 0 
776fec4dd000-776fec4de000 ---p 00000000 00:00 0 
776fec4de000-776fec5de000 rw-p 00000000 00:00 0 
776fec5de000-776fec5df000 ---p 00000000 00:00 0 
776fec5df000-776fec6df000 rw-p 00000000 00:00 0 
776fec6df000-776fec6e0000 ---p 00000000 00:00 0 
776fec6e0000-776fec7e0000 rw-p 00000000 00:00 0 
776fec7e0000-776fec7e1000 ---p 00000000 00:00 0 
776fec7e1000-776fec8e1000 rw-p 00000000 00:00 0 
776fec8e1000-776fec8e2000 ---p 00000000 00:00 0 
776fec8e2000-776fec9e2000 rw-p 00000000 00:00 0 
776fec9e2000-776fec9e3000 ---p 00000000 00:00 0 
776fec9e3000-776fecae3000 rw-p 00000000 00:00 0 
776fecae3000-776fecae4000 ---p 00000000 00:00 0 
776fecae4000-776fecbe4000 rw-p 00000000 00:00 0 
776fecbe4000-776fecbe5000 ---p 00000000 00:00 0 
776fecbe5000-776fecce5000 rw-p 00000000 00:00 0 
776fecce5000-776fecce6000 ---p 00000000 00:00 0 
776fecce6000-776fecde6000 rw-p 00000000 00:00 0 
776fecde6000-776fecde7000 ---p 00000000 00:00 0 
776fecde7000-776fecee7000 rw-p 00000000 00:00 0 
776fecee7000-776feceeb000 ---p 00000000 00:00 0 
776feceeb000-776fecfe7000 rw-p 00000000 00:00 0 
776fecfe7000-776fecfeb000 r--p 00000000 08:40 782673                     /usr/lib/jvm/java-11-openjdk-amd64/lib/libnet.so
776fecfeb000-776fecff9000 r-xp 00004000 08:40 782673                     /usr/lib/jvm/java-11-openjdk-amd64/lib/libnet.so
776fecff9000-776fecffd000 r--p 00012000 08:40 782673                     /usr/lib/jvm/java-11-openjdk-amd64/lib/libnet.so
776fecffd000-776fecffe000 r--p 00015000 08:40 782673                     /usr/lib/jvm/java-11-openjdk-amd64/lib/libnet.so
776fecffe000-776fecfff000 rw-p 00016000 08:40 782673                     /usr/lib/jvm/java-11-openjdk-amd64/lib/libnet.so
776fecfff000-776fed003000 ---p 00000000 00:00 0 
776fed003000-776fed0ff000 rw-p 00000000 00:00 0 
776fed0ff000-776fed100000 ---p 00000000 00:00 0 
776fed100000-776fed200000 rw-p 00000000 00:00 0 
776fed250000-776fed251000 r-xp 00000000 00:00 0 
776fed251000-776fed253000 r--p 00000000 00:00 0 
776fed253000-776fed257000 r-xp 00000000 00:00 0 
776fed257000-776fed266000 r--p 00000000 00:00 0 
776fed266000-776fed26e000 r-xp 00000000 00:00 0 
776fed26e000-776fed283000 r--p 00000000 00:00 0 
776fed283000-776fed284000 r-xp 00000000 00:00 0 
776fed284000-776fed286000 r--p 00000000 00:00 0 
776fed286000-776fed287000 r-xp 00000000 00:00 0 
776fed287000-776fed289000 r--p 00000000 00:00 0 
776fed289000-776fed28a000 r-xp 00000000 00:00 0 
776fed28a000-776fed28c000 r--p 00000000 00:00 0 
776fed28c000-776fed290000 r-xp 00000000 00:00 0 
776fed290000-776fed2a2000 r--p 00000000 00:00 0 
776fed2a2000-776fed2aa000 r-xp 00000000 00:00 0 
776fed2aa000-776fed2bf000 r--p 00000000 00:00 0 
776fed2bf000-776fed2c6000 r-xp 00000000 00:00 0 
776fed2c6000-776fed2e6000 r--p 00000000 00:00 0 
776fed2e6000-776fed2ea000 r-xp 00000000 00:00 0 
776fed2ea000-776fed2f9000 r--p 00000000 00:00 0 
776fed2f9000-776fed2fa000 r-xp 00000000 00:00 0 
776fed2fa000-776fed2fc000 r--p 00000000 00:00 0 
776fed2fc000-776fed2fd000 r-xp 00000000 00:00 0 
776fed2fd000-776fed300000 r--p 00000000 00:00 0 
776fed300000-776fed304000 ---p 00000000 00:00 0 
776fed304000-776fed400000 rw-p 00000000 00:00 0 
776fed400000-776fed404000 ---p 00000000 00:00 0 
776fed404000-776fed500000 rw-p 00000000 00:00 0 
776fed500000-776fed504000 ---p 00000000 00:00 0 
776fed504000-776fed600000 rw-p 00000000 00:00 0 
776fed600000-776fed604000 ---p 00000000 00:00 0 
776fed604000-776fed700000 rw-p 00000000 00:00 0 
776fed700000-776fed704000 ---p 00000000 00:00 0 
776fed704000-776ff0000000 rw-p 00000000 00:00 0 
776ff0000000-776ff0021000 rw-p 00000000 00:00 0 
776ff0021000-776ff4000000 ---p 00000000 00:00 0 
776ff4000000-776ff4021000 rw-p 00000000 00:00 0 
776ff4021000-776ff8000000 ---p 00000000 00:00 0 
776ff8000000-776ff8021000 rw-p 00000000 00:00 0 
776ff8021000-776ffc000000 ---p 00000000 00:00 0 
776ffc000000-776ffc001000 rw-s a01e6b000 00:01 390                       /dev/zero (deleted)
776ffc001000-776ffc002000 rw-s a01e6a000 00:01 389                       /dev/zero (deleted)
776ffc002000-776ffc004000 r--p 00000000 08:40 183434                     /usr/local/lib/python3.10/dist-packages/PIL/_imagingmath.cpython-310-x86_64-linux-gnu.so
776ffc004000-776ffc009000 r-xp 00002000 08:40 183434                     /usr/local/lib/python3.10/dist-packages/PIL/_imagingmath.cpython-310-x86_64-linux-gnu.so
776ffc009000-776ffc00a000 r--p 00007000 08:40 183434                     /usr/local/lib/python3.10/dist-packages/PIL/_imagingmath.cpython-310-x86_64-linux-gnu.so
776ffc00a000-776ffc00b000 r--p 00008000 08:40 183434                     /usr/local/lib/python3.10/dist-packages/PIL/_imagingmath.cpython-310-x86_64-linux-gnu.so
776ffc00b000-776ffc00c000 rw-p 00009000 08:40 183434                     /usr/local/lib/python3.10/dist-packages/PIL/_imagingmath.cpython-310-x86_64-linux-gnu.so
776ffc00c000-776ffc013000 r--p 00000000 08:40 782674                     /usr/lib/jvm/java-11-openjdk-amd64/lib/libnio.so
776ffc013000-776ffc01b000 r-xp 00007000 08:40 782674                     /usr/lib/jvm/java-11-openjdk-amd64/lib/libnio.so
776ffc01b000-776ffc01e000 r--p 0000f000 08:40 782674                     /usr/lib/jvm/java-11-openjdk-amd64/lib/libnio.so
776ffc01e000-776ffc01f000 r--p 00011000 08:40 782674                     /usr/lib/jvm/java-11-openjdk-amd64/lib/libnio.so
776ffc01f000-776ffc020000 rw-p 00012000 08:40 782674                     /usr/lib/jvm/java-11-openjdk-amd64/lib/libnio.so
776ffc020000-776ffc024000 ---p 00000000 00:00 0 
776ffc024000-776ffc120000 rw-p 00000000 00:00 0 
776ffc120000-776ffc124000 ---p 00000000 00:00 0 
776ffc124000-776ffc220000 rw-p 00000000 00:00 0 
776ffc220000-776ffc221000 ---p 00000000 00:00 0 
776ffc221000-776ffc321000 rw-p 00000000 00:00 0 
776ffc321000-776ffc322000 ---p 00000000 00:00 0 
776ffc322000-776ffc422000 rw-p 00000000 00:00 0 
776ffc422000-776ffc423000 ---p 00000000 00:00 0 
776ffc423000-776ffc523000 rw-p 00000000 00:00 0 
776ffc523000-776ffc524000 ---p 00000000 00:00 0 
776ffc524000-776ffc624000 rw-p 00000000 00:00 0 
776ffc624000-776ffc625000 ---p 00000000 00:00 0 
776ffc625000-776ffcbcc000 rw-p 00000000 00:00 0 
776ffcbcc000-776ffd798000 ---p 00000000 00:00 0 
776ffd798000-776ffd79c000 rw-p 00000000 00:00 0 
776ffd79c000-776ffd7a0000 ---p 00000000 00:00 0 
776ffd7a0000-776ffd7a4000 rw-p 00000000 00:00 0 
776ffd7a4000-776ffd7a8000 ---p 00000000 00:00 0 
776ffd7a8000-776ffdbcc000 rw-p 00000000 00:00 0 
776ffdbcc000-776ffe798000 ---p 00000000 00:00 0 
776ffe798000-776ffe79c000 rw-p 00000000 00:00 0 
776ffe79c000-776ffe7a0000 ---p 00000000 00:00 0 
776ffe7a0000-776ffe7a4000 rw-p 00000000 00:00 0 
776ffe7a4000-776ffe7a8000 ---p 00000000 00:00 0 
776ffe7a8000-776ffe82d000 rw-p 00000000 00:00 0 
776ffe82d000-776ffe9a6000 ---p 00000000 00:00 0 
776ffe9a6000-776ffea2d000 rw-p 00000000 00:00 0 
776ffea2d000-776ffeba6000 ---p 00000000 00:00 0 
776ffeba6000-776ffec2d000 rw-p 00000000 00:00 0 
776ffec2d000-776ffeda6000 ---p 00000000 00:00 0 
776ffeda6000-776ffeda8000 rw-p 00000000 00:00 0 
776ffeda8000-776ffeda9000 ---p 00000000 00:00 0 
776ffeda9000-776ffeeb1000 rw-p 00000000 00:00 0 
776ffeeb1000-776ffef92000 ---p 00000000 00:00 0 
776ffef92000-776ffefa1000 rw-p 00000000 00:00 0 
776ffefa1000-776fff07b000 ---p 00000000 00:00 0 
776fff07b000-776fff081000 rw-p 00000000 00:00 0 
776fff081000-776fff08a000 ---p 00000000 00:00 0 
776fff08a000-776fff37a000 rwxp 00000000 00:00 0 
776fff37a000-776fff7c9000 ---p 00000000 00:00 0 
776fff7c9000-776ffff29000 rwxp 00000000 00:00 0 
776ffff29000-777006c29000 ---p 00000000 00:00 0 
777006c29000-777006fe9000 rwxp 00000000 00:00 0 
777006fe9000-77700e08a000 ---p 00000000 00:00 0 
77700e08a000-7770168e2000 r--s 00000000 08:40 782683                     /usr/lib/jvm/java-11-openjdk-amd64/lib/modules
7770168e2000-7770168e4000 r--p 00000000 08:40 782682                     /usr/lib/jvm/java-11-openjdk-amd64/lib/libzip.so
7770168e4000-7770168e9000 r-xp 00002000 08:40 782682                     /usr/lib/jvm/java-11-openjdk-amd64/lib/libzip.so
7770168e9000-7770168eb000 r--p 00007000 08:40 782682                     /usr/lib/jvm/java-11-openjdk-amd64/lib/libzip.so
7770168eb000-7770168ec000 r--p 00008000 08:40 782682                     /usr/lib/jvm/java-11-openjdk-amd64/lib/libzip.so
7770168ec000-7770168ed000 rw-p 00009000 08:40 782682                     /usr/lib/jvm/java-11-openjdk-amd64/lib/libzip.so
7770168ed000-7770168ef000 r--p 00000000 08:40 782665                     /usr/lib/jvm/java-11-openjdk-amd64/lib/libjimage.so
7770168ef000-7770168f2000 r-xp 00002000 08:40 782665                     /usr/lib/jvm/java-11-openjdk-amd64/lib/libjimage.so
7770168f2000-7770168f3000 r--p 00005000 08:40 782665                     /usr/lib/jvm/java-11-openjdk-amd64/lib/libjimage.so
7770168f3000-7770168f4000 ---p 00006000 08:40 782665                     /usr/lib/jvm/java-11-openjdk-amd64/lib/libjimage.so
7770168f4000-7770168f5000 r--p 00006000 08:40 782665                     /usr/lib/jvm/java-11-openjdk-amd64/lib/libjimage.so
7770168f5000-7770168f6000 rw-p 00007000 08:40 782665                     /usr/lib/jvm/java-11-openjdk-amd64/lib/libjimage.so
7770168f6000-777016904000 r--p 00000000 08:40 782662                     /usr/lib/jvm/java-11-openjdk-amd64/lib/libjava.so
777016904000-77701691a000 r-xp 0000e000 08:40 782662                     /usr/lib/jvm/java-11-openjdk-amd64/lib/libjava.so
77701691a000-777016921000 r--p 00024000 08:40 782662                     /usr/lib/jvm/java-11-openjdk-amd64/lib/libjava.so
777016921000-777016922000 r--p 0002a000 08:40 782662                     /usr/lib/jvm/java-11-openjdk-amd64/lib/libjava.so
777016922000-777016923000 rw-p 0002b000 08:40 782662                     /usr/lib/jvm/java-11-openjdk-amd64/lib/libjava.so
777016923000-777016924000 rw-p 00000000 00:00 0 
777016924000-777016929000 r--p 00000000 08:40 782681                     /usr/lib/jvm/java-11-openjdk-amd64/lib/libverify.so
777016929000-777016930000 r-xp 00005000 08:40 782681                     /usr/lib/jvm/java-11-openjdk-amd64/lib/libverify.so
777016930000-777016932000 r--p 0000c000 08:40 782681                     /usr/lib/jvm/java-11-openjdk-amd64/lib/libverify.so
777016932000-777016934000 r--p 0000d000 08:40 782681                     /usr/lib/jvm/java-11-openjdk-amd64/lib/libverify.so
777016934000-777016935000 rw-p 0000f000 08:40 782681                     /usr/lib/jvm/java-11-openjdk-amd64/lib/libverify.so
777016935000-777016bb8000 r--p 00000000 08:40 782688                     /usr/lib/jvm/java-11-openjdk-amd64/lib/server/libjvm.so
777016bb8000-777017863000 r-xp 00283000 08:40 782688                     /usr/lib/jvm/java-11-openjdk-amd64/lib/server/libjvm.so
777017863000-777017abf000 r--p 00f2e000 08:40 782688                     /usr/lib/jvm/java-11-openjdk-amd64/lib/server/libjvm.so
777017abf000-777017b83000 r--p 01189000 08:40 782688                     /usr/lib/jvm/java-11-openjdk-amd64/lib/server/libjvm.so
777017b83000-777017bbe000 rw-p 0124d000 08:40 782688                     /usr/lib/jvm/java-11-openjdk-amd64/lib/server/libjvm.so
777017bbe000-777017d15000 rw-p 00000000 00:00 0 
777017d15000-777017d1b000 r--p 00000000 08:40 99673                      /usr/local/lib/python3.10/dist-packages/zstandard/backend_c.cpython-310-x86_64-linux-gnu.so
777017d1b000-777017de5000 r-xp 00006000 08:40 99673                      /usr/local/lib/python3.10/dist-packages/zstandard/backend_c.cpython-310-x86_64-linux-gnu.so
777017de5000-777017dfb000 r--p 000d0000 08:40 99673                      /usr/local/lib/python3.10/dist-packages/zstandard/backend_c.cpython-310-x86_64-linux-gnu.so
777017dfb000-777017dfc000 ---p 000e6000 08:40 99673                      /usr/local/lib/python3.10/dist-packages/zstandard/backend_c.cpython-310-x86_64-linux-gnu.so
777017dfc000-777017dfd000 r--p 000e6000 08:40 99673                      /usr/local/lib/python3.10/dist-packages/zstandard/backend_c.cpython-310-x86_64-linux-gnu.so
777017dfd000-777017e00000 rw-p 000e7000 08:40 99673                      /usr/local/lib/python3.10/dist-packages/zstandard/backend_c.cpython-310-x86_64-linux-gnu.so
777017e00000-777018000000 rw-p 00000000 00:00 0 
777018000000-777018210000 rw-p 00000000 00:00 0 
777018210000-77701c000000 ---p 00000000 00:00 0 
77701c000000-77701c900000 rw-p 00000000 00:00 0 
77701c900000-77701c901000 ---p 00000000 00:00 0 
77701c901000-77701da01000 rw-p 00000000 00:00 0 
77701da01000-77701da0d000 r--p 00000000 08:40 197281                     /usr/local/lib/python3.10/dist-packages/optree/_C.cpython-310-x86_64-linux-gnu.so
77701da0d000-77701daa1000 r-xp 0000c000 08:40 197281                     /usr/local/lib/python3.10/dist-packages/optree/_C.cpython-310-x86_64-linux-gnu.so
77701daa1000-77701dac5000 r--p 000a0000 08:40 197281                     /usr/local/lib/python3.10/dist-packages/optree/_C.cpython-310-x86_64-linux-gnu.so
77701dac5000-77701dac7000 r--p 000c3000 08:40 197281                     /usr/local/lib/python3.10/dist-packages/optree/_C.cpython-310-x86_64-linux-gnu.so
77701dac7000-77701dac8000 rw-p 000c5000 08:40 197281                     /usr/local/lib/python3.10/dist-packages/optree/_C.cpython-310-x86_64-linux-gnu.so
77701dac8000-77701dbc9000 rw-p 00000000 00:00 0 
77701dbc9000-77702157c000 r--p 00000000 08:40 233366                     /usr/local/lib/python3.10/dist-packages/tensorflow/python/profiler/internal/_pywrap_profiler_plugin.so
77702157c000-777022730000 r-xp 039b2000 08:40 233366                     /usr/local/lib/python3.10/dist-packages/tensorflow/python/profiler/internal/_pywrap_profiler_plugin.so
777022730000-7770227a0000 r--p 04b65000 08:40 233366                     /usr/local/lib/python3.10/dist-packages/tensorflow/python/profiler/internal/_pywrap_profiler_plugin.so
7770227a0000-77702281e000 rw-p 04bd4000 08:40 233366                     /usr/local/lib/python3.10/dist-packages/tensorflow/python/profiler/internal/_pywrap_profiler_plugin.so
77702281e000-777022934000 rw-p 00000000 00:00 0 
777022934000-77702293e000 r--p 00000000 08:40 231183                     /usr/local/lib/python3.10/dist-packages/tensorflow/python/_pywrap_quantize_training.so
77702293e000-777022952000 r-xp 00009000 08:40 231183                     /usr/local/lib/python3.10/dist-packages/tensorflow/python/_pywrap_quantize_training.so
777022952000-777022953000 r--p 0001c000 08:40 231183                     /usr/local/lib/python3.10/dist-packages/tensorflow/python/_pywrap_quantize_training.so
777022953000-777022955000 rw-p 0001c000 08:40 231183                     /usr/local/lib/python3.10/dist-packages/tensorflow/python/_pywrap_quantize_training.so
777022955000-777022963000 r--p 00000000 08:40 233599                     /usr/local/lib/python3.10/dist-packages/tensorflow/python/tpu/_pywrap_sparse_core_layout.so
777022963000-77702297e000 r-xp 0000d000 08:40 233599                     /usr/local/lib/python3.10/dist-packages/tensorflow/python/tpu/_pywrap_sparse_core_layout.so
77702297e000-77702297f000 r--p 00027000 08:40 233599                     /usr/local/lib/python3.10/dist-packages/tensorflow/python/tpu/_pywrap_sparse_core_layout.so
77702297f000-777022981000 rw-p 00027000 08:40 233599                     /usr/local/lib/python3.10/dist-packages/tensorflow/python/tpu/_pywrap_sparse_core_layout.so
777022981000-777022c81000 rw-p 00000000 00:00 0 
777022c81000-777022c92000 r--p 00000000 08:40 209190                     /usr/local/lib/python3.10/dist-packages/tensorflow/compiler/mlir/quantization/tensorflow/python/pywrap_quantize_model.so
777022c92000-777022cab000 r-xp 00010000 08:40 209190                     /usr/local/lib/python3.10/dist-packages/tensorflow/compiler/mlir/quantization/tensorflow/python/pywrap_quantize_model.so
777022cab000-777022cad000 r--p 00028000 08:40 209190                     /usr/local/lib/python3.10/dist-packages/tensorflow/compiler/mlir/quantization/tensorflow/python/pywrap_quantize_model.so
777022cad000-777022cae000 rw-p 00029000 08:40 209190                     /usr/local/lib/python3.10/dist-packages/tensorflow/compiler/mlir/quantization/tensorflow/python/pywrap_quantize_model.so
777022cae000-777022cb9000 r--p 00000000 08:40 233859                     /usr/local/lib/python3.10/dist-packages/tensorflow/python/util/_pywrap_tfprof.so
777022cb9000-777022cce000 r-xp 0000a000 08:40 233859                     /usr/local/lib/python3.10/dist-packages/tensorflow/python/util/_pywrap_tfprof.so
777022cce000-777022ccf000 r--p 0001e000 08:40 233859                     /usr/local/lib/python3.10/dist-packages/tensorflow/python/util/_pywrap_tfprof.so
777022ccf000-777022cd1000 rw-p 0001e000 08:40 233859                     /usr/local/lib/python3.10/dist-packages/tensorflow/python/util/_pywrap_tfprof.so
777022cd1000-777022cdd000 r--p 00000000 08:40 231177                     /usr/local/lib/python3.10/dist-packages/tensorflow/python/_pywrap_mlir.so
777022cdd000-777022cf4000 r-xp 0000b000 08:40 231177                     /usr/local/lib/python3.10/dist-packages/tensorflow/python/_pywrap_mlir.so
777022cf4000-777022cf5000 r--p 00021000 08:40 231177                     /usr/local/lib/python3.10/dist-packages/tensorflow/python/_pywrap_mlir.so
777022cf5000-777022cf6000 rw-p 00021000 08:40 231177                     /usr/local/lib/python3.10/dist-packages/tensorflow/python/_pywrap_mlir.so
777022cf6000-777022d3b000 r--p 00000000 08:40 231006                     /usr/local/lib/python3.10/dist-packages/tensorflow/lite/experimental/microfrontend/python/ops/_audio_microfrontend_op.so
777022d3b000-777022dd3000 r-xp 00044000 08:40 231006                     /usr/local/lib/python3.10/dist-packages/tensorflow/lite/experimental/microfrontend/python/ops/_audio_microfrontend_op.so
777022dd3000-777022dd8000 r--p 000dc000 08:40 231006                     /usr/local/lib/python3.10/dist-packages/tensorflow/lite/experimental/microfrontend/python/ops/_audio_microfrontend_op.so
777022dd8000-777022dda000 rw-p 000e0000 08:40 231006                     /usr/local/lib/python3.10/dist-packages/tensorflow/lite/experimental/microfrontend/python/ops/_audio_microfrontend_op.so
777022dda000-777022edc000 rw-p 00000000 00:00 0 
777022edc000-77702312d000 r--p 00000000 08:40 231071                     /usr/local/lib/python3.10/dist-packages/tensorflow/lite/python/libpywrap_tflite_common.so
77702312d000-7770239a8000 r-xp 00250000 08:40 231071                     /usr/local/lib/python3.10/dist-packages/tensorflow/lite/python/libpywrap_tflite_common.so
7770239a8000-7770239c4000 r--p 00acb000 08:40 231071                     /usr/local/lib/python3.10/dist-packages/tensorflow/lite/python/libpywrap_tflite_common.so
7770239c4000-777023a13000 rw-p 00ae6000 08:40 231071                     /usr/local/lib/python3.10/dist-packages/tensorflow/lite/python/libpywrap_tflite_common.so
777023a13000-777023c1f000 rw-p 00000000 00:00 0 
777023c1f000-777023c32000 r--p 00000000 08:40 209188                     /usr/local/lib/python3.10/dist-packages/tensorflow/compiler/mlir/quantization/tensorflow/python/pywrap_function_lib.so
777023c32000-777023c53000 r-xp 00012000 08:40 209188                     /usr/local/lib/python3.10/dist-packages/tensorflow/compiler/mlir/quantization/tensorflow/python/pywrap_function_lib.so
777023c53000-777023c54000 r--p 00032000 08:40 209188                     /usr/local/lib/python3.10/dist-packages/tensorflow/compiler/mlir/quantization/tensorflow/python/pywrap_function_lib.so
777023c54000-777023c56000 rw-p 00032000 08:40 209188                     /usr/local/lib/python3.10/dist-packages/tensorflow/compiler/mlir/quantization/tensorflow/python/pywrap_function_lib.so
777023c56000-777023c62000 r--p 00000000 08:40 209148                     /usr/local/lib/python3.10/dist-packages/tensorflow/compiler/mlir/lite/python/_pywrap_converter_api.so
777023c62000-777023c79000 r-xp 0000b000 08:40 209148                     /usr/local/lib/python3.10/dist-packages/tensorflow/compiler/mlir/lite/python/_pywrap_converter_api.so
777023c79000-777023c7b000 r--p 00021000 08:40 209148                     /usr/local/lib/python3.10/dist-packages/tensorflow/compiler/mlir/lite/python/_pywrap_converter_api.so
777023c7b000-777023c7c000 rw-p 00022000 08:40 209148                     /usr/local/lib/python3.10/dist-packages/tensorflow/compiler/mlir/lite/python/_pywrap_converter_api.so
777023c7c000-777023d7c000 rw-p 00000000 00:00 0 
777023d7c000-777023d86000 r--p 00000000 08:40 232193                     /usr/local/lib/python3.10/dist-packages/tensorflow/python/framework/_pywrap_python_op_gen.so
777023d86000-777023d99000 r-xp 00009000 08:40 232193                     /usr/local/lib/python3.10/dist-packages/tensorflow/python/framework/_pywrap_python_op_gen.so
777023d99000-777023d9a000 r--p 0001b000 08:40 232193                     /usr/local/lib/python3.10/dist-packages/tensorflow/python/framework/_pywrap_python_op_gen.so
777023d9a000-777023d9c000 rw-p 0001b000 08:40 232193                     /usr/local/lib/python3.10/dist-packages/tensorflow/python/framework/_pywrap_python_op_gen.so
777023d9c000-777023e9c000 rw-p 00000000 00:00 0 
777023e9c000-777023ea8000 r--p 00000000 08:40 231426                     /usr/local/lib/python3.10/dist-packages/tensorflow/python/client/_pywrap_debug_events_writer.so
777023ea8000-777023ebe000 r-xp 0000b000 08:40 231426                     /usr/local/lib/python3.10/dist-packages/tensorflow/python/client/_pywrap_debug_events_writer.so
777023ebe000-777023ebf000 r--p 00020000 08:40 231426                     /usr/local/lib/python3.10/dist-packages/tensorflow/python/client/_pywrap_debug_events_writer.so
777023ebf000-777023ec1000 rw-p 00020000 08:40 231426                     /usr/local/lib/python3.10/dist-packages/tensorflow/python/client/_pywrap_debug_events_writer.so
777023ec1000-777023fc1000 rw-p 00000000 00:00 0 
777023fc1000-777023fcc000 r--p 00000000 08:40 233878                     /usr/local/lib/python3.10/dist-packages/tensorflow/python/util/fast_module_type.so
777023fcc000-777023fe1000 r-xp 0000a000 08:40 233878                     /usr/local/lib/python3.10/dist-packages/tensorflow/python/util/fast_module_type.so
777023fe1000-777023fe2000 r--p 0001e000 08:40 233878                     /usr/local/lib/python3.10/dist-packages/tensorflow/python/util/fast_module_type.so
777023fe2000-777023fe3000 rw-p 0001e000 08:40 233878                     /usr/local/lib/python3.10/dist-packages/tensorflow/python/util/fast_module_type.so
777023fe3000-7770240e4000 rw-p 00000000 00:00 0 
7770240e4000-7770240ea000 r--p 00000000 08:40 187258                     /usr/local/lib/python3.10/dist-packages/h5py/_selector.cpython-310-x86_64-linux-gnu.so
7770240ea000-777024111000 r-xp 00006000 08:40 187258                     /usr/local/lib/python3.10/dist-packages/h5py/_selector.cpython-310-x86_64-linux-gnu.so
777024111000-77702411a000 r--p 0002d000 08:40 187258                     /usr/local/lib/python3.10/dist-packages/h5py/_selector.cpython-310-x86_64-linux-gnu.so
77702411a000-77702411b000 ---p 00036000 08:40 187258                     /usr/local/lib/python3.10/dist-packages/h5py/_selector.cpython-310-x86_64-linux-gnu.so
77702411b000-77702411c000 r--p 00036000 08:40 187258                     /usr/local/lib/python3.10/dist-packages/h5py/_selector.cpython-310-x86_64-linux-gnu.so
77702411c000-77702411e000 rw-p 00037000 08:40 187258                     /usr/local/lib/python3.10/dist-packages/h5py/_selector.cpython-310-x86_64-linux-gnu.so
77702411e000-77702411f000 rw-p 00000000 00:00 0 
77702411f000-777024122000 rw-p 00057000 08:40 187258                     /usr/local/lib/python3.10/dist-packages/h5py/_selector.cpython-310-x86_64-linux-gnu.so
777024122000-777024124000 rw-p 0005a000 08:40 187258                     /usr/local/lib/python3.10/dist-packages/h5py/_selector.cpython-310-x86_64-linux-gnu.so
777024124000-777024129000 r--p 00000000 08:40 187269                     /usr/local/lib/python3.10/dist-packages/h5py/h5l.cpython-310-x86_64-linux-gnu.so
777024129000-777024145000 r-xp 00005000 08:40 187269                     /usr/local/lib/python3.10/dist-packages/h5py/h5l.cpython-310-x86_64-linux-gnu.so
777024145000-77702414d000 r--p 00021000 08:40 187269                     /usr/local/lib/python3.10/dist-packages/h5py/h5l.cpython-310-x86_64-linux-gnu.so
77702414d000-77702414e000 ---p 00029000 08:40 187269                     /usr/local/lib/python3.10/dist-packages/h5py/h5l.cpython-310-x86_64-linux-gnu.so
77702414e000-77702414f000 r--p 00029000 08:40 187269                     /usr/local/lib/python3.10/dist-packages/h5py/h5l.cpython-310-x86_64-linux-gnu.so
77702414f000-777024151000 rw-p 0002a000 08:40 187269                     /usr/local/lib/python3.10/dist-packages/h5py/h5l.cpython-310-x86_64-linux-gnu.so
777024151000-777024153000 rw-p 00043000 08:40 187269                     /usr/local/lib/python3.10/dist-packages/h5py/h5l.cpython-310-x86_64-linux-gnu.so
777024153000-777024154000 rw-p 00045000 08:40 187269                     /usr/local/lib/python3.10/dist-packages/h5py/h5l.cpython-310-x86_64-linux-gnu.so
777024154000-777024254000 rw-p 00000000 00:00 0 
777024254000-777024258000 r--p 00000000 08:40 187272                     /usr/local/lib/python3.10/dist-packages/h5py/h5pl.cpython-310-x86_64-linux-gnu.so
777024258000-777024264000 r-xp 00004000 08:40 187272                     /usr/local/lib/python3.10/dist-packages/h5py/h5pl.cpython-310-x86_64-linux-gnu.so
777024264000-777024268000 r--p 00010000 08:40 187272                     /usr/local/lib/python3.10/dist-packages/h5py/h5pl.cpython-310-x86_64-linux-gnu.so
777024268000-777024269000 ---p 00014000 08:40 187272                     /usr/local/lib/python3.10/dist-packages/h5py/h5pl.cpython-310-x86_64-linux-gnu.so
777024269000-77702426a000 r--p 00014000 08:40 187272                     /usr/local/lib/python3.10/dist-packages/h5py/h5pl.cpython-310-x86_64-linux-gnu.so
77702426a000-77702426b000 rw-p 00015000 08:40 187272                     /usr/local/lib/python3.10/dist-packages/h5py/h5pl.cpython-310-x86_64-linux-gnu.so
77702426b000-77702426d000 rw-p 00023000 08:40 187272                     /usr/local/lib/python3.10/dist-packages/h5py/h5pl.cpython-310-x86_64-linux-gnu.so
77702426d000-77702426e000 rw-p 00025000 08:40 187272                     /usr/local/lib/python3.10/dist-packages/h5py/h5pl.cpython-310-x86_64-linux-gnu.so
77702426e000-777024274000 r--p 00000000 08:40 187266                     /usr/local/lib/python3.10/dist-packages/h5py/h5fd.cpython-310-x86_64-linux-gnu.so
777024274000-77702429d000 r-xp 00006000 08:40 187266                     /usr/local/lib/python3.10/dist-packages/h5py/h5fd.cpython-310-x86_64-linux-gnu.so
77702429d000-7770242a7000 r--p 0002f000 08:40 187266                     /usr/local/lib/python3.10/dist-packages/h5py/h5fd.cpython-310-x86_64-linux-gnu.so
7770242a7000-7770242a8000 ---p 00039000 08:40 187266                     /usr/local/lib/python3.10/dist-packages/h5py/h5fd.cpython-310-x86_64-linux-gnu.so
7770242a8000-7770242a9000 r--p 00039000 08:40 187266                     /usr/local/lib/python3.10/dist-packages/h5py/h5fd.cpython-310-x86_64-linux-gnu.so
7770242a9000-7770242ab000 rw-p 0003a000 08:40 187266                     /usr/local/lib/python3.10/dist-packages/h5py/h5fd.cpython-310-x86_64-linux-gnu.so
7770242ab000-7770242ae000 rw-p 0005c000 08:40 187266                     /usr/local/lib/python3.10/dist-packages/h5py/h5fd.cpython-310-x86_64-linux-gnu.so
7770242ae000-7770242b0000 rw-p 0005f000 08:40 187266                     /usr/local/lib/python3.10/dist-packages/h5py/h5fd.cpython-310-x86_64-linux-gnu.so
7770242b0000-7770242b6000 r--p 00000000 08:40 187270                     /usr/local/lib/python3.10/dist-packages/h5py/h5o.cpython-310-x86_64-linux-gnu.so
7770242b6000-7770242d8000 r-xp 00006000 08:40 187270                     /usr/local/lib/python3.10/dist-packages/h5py/h5o.cpython-310-x86_64-linux-gnu.so
7770242d8000-7770242e2000 r--p 00028000 08:40 187270                     /usr/local/lib/python3.10/dist-packages/h5py/h5o.cpython-310-x86_64-linux-gnu.so
7770242e2000-7770242e3000 ---p 00032000 08:40 187270                     /usr/local/lib/python3.10/dist-packages/h5py/h5o.cpython-310-x86_64-linux-gnu.so
7770242e3000-7770242e4000 r--p 00032000 08:40 187270                     /usr/local/lib/python3.10/dist-packages/h5py/h5o.cpython-310-x86_64-linux-gnu.so
7770242e4000-7770242e7000 rw-p 00033000 08:40 187270                     /usr/local/lib/python3.10/dist-packages/h5py/h5o.cpython-310-x86_64-linux-gnu.so
7770242e7000-7770242e8000 rw-p 00000000 00:00 0 
7770242e8000-7770242ea000 rw-p 00056000 08:40 187270                     /usr/local/lib/python3.10/dist-packages/h5py/h5o.cpython-310-x86_64-linux-gnu.so
7770242ea000-7770242eb000 rw-p 00058000 08:40 187270                     /usr/local/lib/python3.10/dist-packages/h5py/h5o.cpython-310-x86_64-linux-gnu.so
7770242eb000-7770242ef000 r--p 00000000 08:40 187268                     /usr/local/lib/python3.10/dist-packages/h5py/h5i.cpython-310-x86_64-linux-gnu.so
7770242ef000-7770242fe000 r-xp 00004000 08:40 187268                     /usr/local/lib/python3.10/dist-packages/h5py/h5i.cpython-310-x86_64-linux-gnu.so
7770242fe000-777024303000 r--p 00013000 08:40 187268                     /usr/local/lib/python3.10/dist-packages/h5py/h5i.cpython-310-x86_64-linux-gnu.so
777024303000-777024304000 r--p 00017000 08:40 187268                     /usr/local/lib/python3.10/dist-packages/h5py/h5i.cpython-310-x86_64-linux-gnu.so
777024304000-777024305000 rw-p 00018000 08:40 187268                     /usr/local/lib/python3.10/dist-packages/h5py/h5i.cpython-310-x86_64-linux-gnu.so
777024305000-777024307000 rw-p 00027000 08:40 187268                     /usr/local/lib/python3.10/dist-packages/h5py/h5i.cpython-310-x86_64-linux-gnu.so
777024307000-777024308000 rw-p 00029000 08:40 187268                     /usr/local/lib/python3.10/dist-packages/h5py/h5i.cpython-310-x86_64-linux-gnu.so
777024308000-77702430e000 r--p 00000000 08:40 187267                     /usr/local/lib/python3.10/dist-packages/h5py/h5g.cpython-310-x86_64-linux-gnu.so
77702430e000-77702433a000 r-xp 00006000 08:40 187267                     /usr/local/lib/python3.10/dist-packages/h5py/h5g.cpython-310-x86_64-linux-gnu.so
77702433a000-777024344000 r--p 00032000 08:40 187267                     /usr/local/lib/python3.10/dist-packages/h5py/h5g.cpython-310-x86_64-linux-gnu.so
777024344000-777024346000 r--p 0003b000 08:40 187267                     /usr/local/lib/python3.10/dist-packages/h5py/h5g.cpython-310-x86_64-linux-gnu.so
777024346000-777024348000 rw-p 0003d000 08:40 187267                     /usr/local/lib/python3.10/dist-packages/h5py/h5g.cpython-310-x86_64-linux-gnu.so
777024348000-777024349000 rw-p 00000000 00:00 0 
777024349000-77702434b000 rw-p 00060000 08:40 187267                     /usr/local/lib/python3.10/dist-packages/h5py/h5g.cpython-310-x86_64-linux-gnu.so
77702434b000-77702434c000 rw-p 00062000 08:40 187267                     /usr/local/lib/python3.10/dist-packages/h5py/h5g.cpython-310-x86_64-linux-gnu.so
77702434c000-777024352000 r--p 00000000 08:40 187265                     /usr/local/lib/python3.10/dist-packages/h5py/h5f.cpython-310-x86_64-linux-gnu.so
777024352000-777024378000 r-xp 00006000 08:40 187265                     /usr/local/lib/python3.10/dist-packages/h5py/h5f.cpython-310-x86_64-linux-gnu.so
777024378000-777024382000 r--p 0002c000 08:40 187265                     /usr/local/lib/python3.10/dist-packages/h5py/h5f.cpython-310-x86_64-linux-gnu.so
777024382000-777024383000 ---p 00036000 08:40 187265                     /usr/local/lib/python3.10/dist-packages/h5py/h5f.cpython-310-x86_64-linux-gnu.so
777024383000-777024384000 r--p 00036000 08:40 187265                     /usr/local/lib/python3.10/dist-packages/h5py/h5f.cpython-310-x86_64-linux-gnu.so
777024384000-777024386000 rw-p 00037000 08:40 187265                     /usr/local/lib/python3.10/dist-packages/h5py/h5f.cpython-310-x86_64-linux-gnu.so
777024386000-777024387000 rw-p 00000000 00:00 0 
777024387000-777024389000 rw-p 00057000 08:40 187265                     /usr/local/lib/python3.10/dist-packages/h5py/h5f.cpython-310-x86_64-linux-gnu.so
777024389000-77702438a000 rw-p 00059000 08:40 187265                     /usr/local/lib/python3.10/dist-packages/h5py/h5f.cpython-310-x86_64-linux-gnu.so
77702438a000-77702438e000 r--p 00000000 08:40 187264                     /usr/local/lib/python3.10/dist-packages/h5py/h5ds.cpython-310-x86_64-linux-gnu.so
77702438e000-7770243a3000 r-xp 00004000 08:40 187264                     /usr/local/lib/python3.10/dist-packages/h5py/h5ds.cpython-310-x86_64-linux-gnu.so
7770243a3000-7770243a9000 r--p 00019000 08:40 187264                     /usr/local/lib/python3.10/dist-packages/h5py/h5ds.cpython-310-x86_64-linux-gnu.so
7770243a9000-7770243aa000 ---p 0001f000 08:40 187264                     /usr/local/lib/python3.10/dist-packages/h5py/h5ds.cpython-310-x86_64-linux-gnu.so
7770243aa000-7770243ab000 r--p 0001f000 08:40 187264                     /usr/local/lib/python3.10/dist-packages/h5py/h5ds.cpython-310-x86_64-linux-gnu.so
7770243ab000-7770243ac000 rw-p 00020000 08:40 187264                     /usr/local/lib/python3.10/dist-packages/h5py/h5ds.cpython-310-x86_64-linux-gnu.so
7770243ac000-7770243ad000 rw-p 00000000 00:00 0 
7770243ad000-7770243af000 rw-p 00034000 08:40 187264                     /usr/local/lib/python3.10/dist-packages/h5py/h5ds.cpython-310-x86_64-linux-gnu.so
7770243af000-7770243b0000 rw-p 00036000 08:40 187264                     /usr/local/lib/python3.10/dist-packages/h5py/h5ds.cpython-310-x86_64-linux-gnu.so
7770243b0000-7770243b8000 r--p 00000000 08:40 187263                     /usr/local/lib/python3.10/dist-packages/h5py/h5d.cpython-310-x86_64-linux-gnu.so
7770243b8000-7770243fe000 r-xp 00008000 08:40 187263                     /usr/local/lib/python3.10/dist-packages/h5py/h5d.cpython-310-x86_64-linux-gnu.so
7770243fe000-77702440f000 r--p 0004e000 08:40 187263                     /usr/local/lib/python3.10/dist-packages/h5py/h5d.cpython-310-x86_64-linux-gnu.so
77702440f000-777024411000 r--p 0005e000 08:40 187263                     /usr/local/lib/python3.10/dist-packages/h5py/h5d.cpython-310-x86_64-linux-gnu.so
777024411000-777024414000 rw-p 00060000 08:40 187263                     /usr/local/lib/python3.10/dist-packages/h5py/h5d.cpython-310-x86_64-linux-gnu.so
777024414000-777024415000 rw-p 00000000 00:00 0 
777024415000-777024418000 rw-p 00094000 08:40 187263                     /usr/local/lib/python3.10/dist-packages/h5py/h5d.cpython-310-x86_64-linux-gnu.so
777024418000-77702441a000 rw-p 00097000 08:40 187263                     /usr/local/lib/python3.10/dist-packages/h5py/h5d.cpython-310-x86_64-linux-gnu.so
77702441a000-77702441f000 r--p 00000000 08:40 187261                     /usr/local/lib/python3.10/dist-packages/h5py/h5a.cpython-310-x86_64-linux-gnu.so
77702441f000-777024441000 r-xp 00005000 08:40 187261                     /usr/local/lib/python3.10/dist-packages/h5py/h5a.cpython-310-x86_64-linux-gnu.so
777024441000-77702444a000 r--p 00027000 08:40 187261                     /usr/local/lib/python3.10/dist-packages/h5py/h5a.cpython-310-x86_64-linux-gnu.so
77702444a000-77702444b000 ---p 00030000 08:40 187261                     /usr/local/lib/python3.10/dist-packages/h5py/h5a.cpython-310-x86_64-linux-gnu.so
77702444b000-77702444c000 r--p 00030000 08:40 187261                     /usr/local/lib/python3.10/dist-packages/h5py/h5a.cpython-310-x86_64-linux-gnu.so
77702444c000-77702444e000 rw-p 00031000 08:40 187261                     /usr/local/lib/python3.10/dist-packages/h5py/h5a.cpython-310-x86_64-linux-gnu.so
77702444e000-77702444f000 rw-p 00000000 00:00 0 
77702444f000-777024451000 rw-p 0004d000 08:40 187261                     /usr/local/lib/python3.10/dist-packages/h5py/h5a.cpython-310-x86_64-linux-gnu.so
777024451000-777024452000 rw-p 0004f000 08:40 187261                     /usr/local/lib/python3.10/dist-packages/h5py/h5a.cpython-310-x86_64-linux-gnu.so
777024452000-777024456000 r--p 00000000 08:40 187277                     /usr/local/lib/python3.10/dist-packages/h5py/h5z.cpython-310-x86_64-linux-gnu.so
777024456000-777024463000 r-xp 00004000 08:40 187277                     /usr/local/lib/python3.10/dist-packages/h5py/h5z.cpython-310-x86_64-linux-gnu.so
777024463000-777024467000 r--p 00011000 08:40 187277                     /usr/local/lib/python3.10/dist-packages/h5py/h5z.cpython-310-x86_64-linux-gnu.so
777024467000-777024468000 ---p 00015000 08:40 187277                     /usr/local/lib/python3.10/dist-packages/h5py/h5z.cpython-310-x86_64-linux-gnu.so
777024468000-777024469000 r--p 00015000 08:40 187277                     /usr/local/lib/python3.10/dist-packages/h5py/h5z.cpython-310-x86_64-linux-gnu.so
777024469000-77702446a000 rw-p 00016000 08:40 187277                     /usr/local/lib/python3.10/dist-packages/h5py/h5z.cpython-310-x86_64-linux-gnu.so
77702446a000-77702446b000 rw-p 00025000 08:40 187277                     /usr/local/lib/python3.10/dist-packages/h5py/h5z.cpython-310-x86_64-linux-gnu.so
77702446b000-77702446d000 rw-p 00026000 08:40 187277                     /usr/local/lib/python3.10/dist-packages/h5py/h5z.cpython-310-x86_64-linux-gnu.so
77702446d000-777024471000 r--p 00000000 08:40 187255                     /usr/local/lib/python3.10/dist-packages/h5py/_npystrings.cpython-310-x86_64-linux-gnu.so
777024471000-77702447d000 r-xp 00004000 08:40 187255                     /usr/local/lib/python3.10/dist-packages/h5py/_npystrings.cpython-310-x86_64-linux-gnu.so
77702447d000-777024482000 r--p 00010000 08:40 187255                     /usr/local/lib/python3.10/dist-packages/h5py/_npystrings.cpython-310-x86_64-linux-gnu.so
777024482000-777024483000 r--p 00014000 08:40 187255                     /usr/local/lib/python3.10/dist-packages/h5py/_npystrings.cpython-310-x86_64-linux-gnu.so
777024483000-777024484000 rw-p 00015000 08:40 187255                     /usr/local/lib/python3.10/dist-packages/h5py/_npystrings.cpython-310-x86_64-linux-gnu.so
777024484000-777024486000 rw-p 00022000 08:40 187255                     /usr/local/lib/python3.10/dist-packages/h5py/_npystrings.cpython-310-x86_64-linux-gnu.so
777024486000-777024487000 rw-p 00024000 08:40 187255                     /usr/local/lib/python3.10/dist-packages/h5py/_npystrings.cpython-310-x86_64-linux-gnu.so
777024487000-77702448a000 r--p 00000000 08:40 187257                     /usr/local/lib/python3.10/dist-packages/h5py/_proxy.cpython-310-x86_64-linux-gnu.so
77702448a000-777024497000 r-xp 00003000 08:40 187257                     /usr/local/lib/python3.10/dist-packages/h5py/_proxy.cpython-310-x86_64-linux-gnu.so
777024497000-77702449a000 r--p 00010000 08:40 187257                     /usr/local/lib/python3.10/dist-packages/h5py/_proxy.cpython-310-x86_64-linux-gnu.so
77702449a000-77702449b000 ---p 00013000 08:40 187257                     /usr/local/lib/python3.10/dist-packages/h5py/_proxy.cpython-310-x86_64-linux-gnu.so
77702449b000-77702449c000 r--p 00013000 08:40 187257                     /usr/local/lib/python3.10/dist-packages/h5py/_proxy.cpython-310-x86_64-linux-gnu.so
77702449c000-77702449d000 rw-p 00014000 08:40 187257                     /usr/local/lib/python3.10/dist-packages/h5py/_proxy.cpython-310-x86_64-linux-gnu.so
77702449d000-77702449f000 rw-p 00020000 08:40 187257                     /usr/local/lib/python3.10/dist-packages/h5py/_proxy.cpython-310-x86_64-linux-gnu.so
77702449f000-7770244a0000 rw-p 00022000 08:40 187257                     /usr/local/lib/python3.10/dist-packages/h5py/_proxy.cpython-310-x86_64-linux-gnu.so
7770244a0000-7770244a4000 r--p 00000000 08:40 187262                     /usr/local/lib/python3.10/dist-packages/h5py/h5ac.cpython-310-x86_64-linux-gnu.so
7770244a4000-7770244b4000 r-xp 00004000 08:40 187262                     /usr/local/lib/python3.10/dist-packages/h5py/h5ac.cpython-310-x86_64-linux-gnu.so
7770244b4000-7770244bb000 r--p 00014000 08:40 187262                     /usr/local/lib/python3.10/dist-packages/h5py/h5ac.cpython-310-x86_64-linux-gnu.so
7770244bb000-7770244bc000 r--p 0001a000 08:40 187262                     /usr/local/lib/python3.10/dist-packages/h5py/h5ac.cpython-310-x86_64-linux-gnu.so
7770244bc000-7770244bd000 rw-p 0001b000 08:40 187262                     /usr/local/lib/python3.10/dist-packages/h5py/h5ac.cpython-310-x86_64-linux-gnu.so
7770244bd000-7770244be000 rw-p 00000000 00:00 0 
7770244be000-7770244c0000 rw-p 00031000 08:40 187262                     /usr/local/lib/python3.10/dist-packages/h5py/h5ac.cpython-310-x86_64-linux-gnu.so
7770244c0000-7770244c1000 rw-p 00033000 08:40 187262                     /usr/local/lib/python3.10/dist-packages/h5py/h5ac.cpython-310-x86_64-linux-gnu.so
7770244c1000-7770244c7000 r--p 00000000 08:40 187275                     /usr/local/lib/python3.10/dist-packages/h5py/h5s.cpython-310-x86_64-linux-gnu.so
7770244c7000-7770244e6000 r-xp 00006000 08:40 187275                     /usr/local/lib/python3.10/dist-packages/h5py/h5s.cpython-310-x86_64-linux-gnu.so
7770244e6000-7770244ef000 r--p 00025000 08:40 187275                     /usr/local/lib/python3.10/dist-packages/h5py/h5s.cpython-310-x86_64-linux-gnu.so
7770244ef000-7770244f0000 ---p 0002e000 08:40 187275                     /usr/local/lib/python3.10/dist-packages/h5py/h5s.cpython-310-x86_64-linux-gnu.so
7770244f0000-7770244f1000 r--p 0002e000 08:40 187275                     /usr/local/lib/python3.10/dist-packages/h5py/h5s.cpython-310-x86_64-linux-gnu.so
7770244f1000-7770244f3000 rw-p 0002f000 08:40 187275                     /usr/local/lib/python3.10/dist-packages/h5py/h5s.cpython-310-x86_64-linux-gnu.so
7770244f3000-7770244f5000 rw-p 0004b000 08:40 187275                     /usr/local/lib/python3.10/dist-packages/h5py/h5s.cpython-310-x86_64-linux-gnu.so
7770244f5000-7770244f6000 rw-p 0004d000 08:40 187275                     /usr/local/lib/python3.10/dist-packages/h5py/h5s.cpython-310-x86_64-linux-gnu.so
7770244f6000-7770244fa000 r--p 00000000 08:40 187372                     /usr/local/lib/python3.10/dist-packages/h5py/utils.cpython-310-x86_64-linux-gnu.so
7770244fa000-777024509000 r-xp 00004000 08:40 187372                     /usr/local/lib/python3.10/dist-packages/h5py/utils.cpython-310-x86_64-linux-gnu.so
777024509000-77702450e000 r--p 00013000 08:40 187372                     /usr/local/lib/python3.10/dist-packages/h5py/utils.cpython-310-x86_64-linux-gnu.so
77702450e000-77702450f000 r--p 00017000 08:40 187372                     /usr/local/lib/python3.10/dist-packages/h5py/utils.cpython-310-x86_64-linux-gnu.so
77702450f000-777024510000 rw-p 00018000 08:40 187372                     /usr/local/lib/python3.10/dist-packages/h5py/utils.cpython-310-x86_64-linux-gnu.so
777024510000-777024512000 rw-p 00028000 08:40 187372                     /usr/local/lib/python3.10/dist-packages/h5py/utils.cpython-310-x86_64-linux-gnu.so
777024512000-777024513000 rw-p 0002a000 08:40 187372                     /usr/local/lib/python3.10/dist-packages/h5py/utils.cpython-310-x86_64-linux-gnu.so
777024513000-77702451e000 r--p 00000000 08:40 187276                     /usr/local/lib/python3.10/dist-packages/h5py/h5t.cpython-310-x86_64-linux-gnu.so
77702451e000-777024586000 r-xp 0000b000 08:40 187276                     /usr/local/lib/python3.10/dist-packages/h5py/h5t.cpython-310-x86_64-linux-gnu.so
777024586000-777024599000 r--p 00073000 08:40 187276                     /usr/local/lib/python3.10/dist-packages/h5py/h5t.cpython-310-x86_64-linux-gnu.so
777024599000-77702459c000 r--p 00085000 08:40 187276                     /usr/local/lib/python3.10/dist-packages/h5py/h5t.cpython-310-x86_64-linux-gnu.so
77702459c000-7770245a0000 rw-p 00088000 08:40 187276                     /usr/local/lib/python3.10/dist-packages/h5py/h5t.cpython-310-x86_64-linux-gnu.so
7770245a0000-7770245a2000 rw-p 00000000 00:00 0 
7770245a2000-7770245a5000 rw-p 000d1000 08:40 187276                     /usr/local/lib/python3.10/dist-packages/h5py/h5t.cpython-310-x86_64-linux-gnu.so
7770245a5000-7770245a7000 rw-p 000d4000 08:40 187276                     /usr/local/lib/python3.10/dist-packages/h5py/h5t.cpython-310-x86_64-linux-gnu.so
7770245a7000-7770245b3000 r--p 00000000 08:40 187271                     /usr/local/lib/python3.10/dist-packages/h5py/h5p.cpython-310-x86_64-linux-gnu.so
7770245b3000-777024621000 r-xp 0000c000 08:40 187271                     /usr/local/lib/python3.10/dist-packages/h5py/h5p.cpython-310-x86_64-linux-gnu.so
777024621000-77702463b000 r--p 0007a000 08:40 187271                     /usr/local/lib/python3.10/dist-packages/h5py/h5p.cpython-310-x86_64-linux-gnu.so
77702463b000-77702463e000 r--p 00093000 08:40 187271                     /usr/local/lib/python3.10/dist-packages/h5py/h5p.cpython-310-x86_64-linux-gnu.so
77702463e000-777024643000 rw-p 00096000 08:40 187271                     /usr/local/lib/python3.10/dist-packages/h5py/h5p.cpython-310-x86_64-linux-gnu.so
777024643000-777024645000 rw-p 00000000 00:00 0 
777024645000-777024648000 rw-p 000ea000 08:40 187271                     /usr/local/lib/python3.10/dist-packages/h5py/h5p.cpython-310-x86_64-linux-gnu.so
777024648000-77702464a000 rw-p 000ed000 08:40 187271                     /usr/local/lib/python3.10/dist-packages/h5py/h5p.cpython-310-x86_64-linux-gnu.so
77702464a000-77702464e000 r--p 00000000 08:40 187274                     /usr/local/lib/python3.10/dist-packages/h5py/h5r.cpython-310-x86_64-linux-gnu.so
77702464e000-77702465f000 r-xp 00004000 08:40 187274                     /usr/local/lib/python3.10/dist-packages/h5py/h5r.cpython-310-x86_64-linux-gnu.so
77702465f000-777024665000 r--p 00015000 08:40 187274                     /usr/local/lib/python3.10/dist-packages/h5py/h5r.cpython-310-x86_64-linux-gnu.so
777024665000-777024666000 ---p 0001b000 08:40 187274                     /usr/local/lib/python3.10/dist-packages/h5py/h5r.cpython-310-x86_64-linux-gnu.so
777024666000-777024667000 r--p 0001b000 08:40 187274                     /usr/local/lib/python3.10/dist-packages/h5py/h5r.cpython-310-x86_64-linux-gnu.so
777024667000-777024669000 rw-p 0001c000 08:40 187274                     /usr/local/lib/python3.10/dist-packages/h5py/h5r.cpython-310-x86_64-linux-gnu.so
777024669000-77702466b000 rw-p 0002e000 08:40 187274                     /usr/local/lib/python3.10/dist-packages/h5py/h5r.cpython-310-x86_64-linux-gnu.so
77702466b000-77702466c000 rw-p 00030000 08:40 187274                     /usr/local/lib/python3.10/dist-packages/h5py/h5r.cpython-310-x86_64-linux-gnu.so
77702466c000-777024673000 r--p 00000000 08:40 187225                     /usr/local/lib/python3.10/dist-packages/h5py/_conv.cpython-310-x86_64-linux-gnu.so
777024673000-7770246a6000 r-xp 00007000 08:40 187225                     /usr/local/lib/python3.10/dist-packages/h5py/_conv.cpython-310-x86_64-linux-gnu.so
7770246a6000-7770246b2000 r--p 0003a000 08:40 187225                     /usr/local/lib/python3.10/dist-packages/h5py/_conv.cpython-310-x86_64-linux-gnu.so
7770246b2000-7770246b3000 ---p 00046000 08:40 187225                     /usr/local/lib/python3.10/dist-packages/h5py/_conv.cpython-310-x86_64-linux-gnu.so
7770246b3000-7770246b4000 r--p 00046000 08:40 187225                     /usr/local/lib/python3.10/dist-packages/h5py/_conv.cpython-310-x86_64-linux-gnu.so
7770246b4000-7770246b6000 rw-p 00047000 08:40 187225                     /usr/local/lib/python3.10/dist-packages/h5py/_conv.cpython-310-x86_64-linux-gnu.so
7770246b6000-7770246b7000 rw-p 00000000 00:00 0 
7770246b7000-7770246ba000 rw-p 00070000 08:40 187225                     /usr/local/lib/python3.10/dist-packages/h5py/_conv.cpython-310-x86_64-linux-gnu.so
7770246ba000-7770246bc000 rw-p 00073000 08:40 187225                     /usr/local/lib/python3.10/dist-packages/h5py/_conv.cpython-310-x86_64-linux-gnu.so
7770246bc000-7770246c2000 r--p 00000000 08:40 187256                     /usr/local/lib/python3.10/dist-packages/h5py/_objects.cpython-310-x86_64-linux-gnu.so
7770246c2000-7770246e2000 r-xp 00006000 08:40 187256                     /usr/local/lib/python3.10/dist-packages/h5py/_objects.cpython-310-x86_64-linux-gnu.so
7770246e2000-7770246ea000 r--p 00026000 08:40 187256                     /usr/local/lib/python3.10/dist-packages/h5py/_objects.cpython-310-x86_64-linux-gnu.so
7770246ea000-7770246eb000 ---p 0002e000 08:40 187256                     /usr/local/lib/python3.10/dist-packages/h5py/_objects.cpython-310-x86_64-linux-gnu.so
7770246eb000-7770246ec000 r--p 0002e000 08:40 187256                     /usr/local/lib/python3.10/dist-packages/h5py/_objects.cpython-310-x86_64-linux-gnu.so
7770246ec000-7770246ee000 rw-p 0002f000 08:40 187256                     /usr/local/lib/python3.10/dist-packages/h5py/_objects.cpython-310-x86_64-linux-gnu.so
7770246ee000-7770246ef000 rw-p 00000000 00:00 0 
7770246ef000-7770246f2000 rw-p 0004c000 08:40 187256                     /usr/local/lib/python3.10/dist-packages/h5py/_objects.cpython-310-x86_64-linux-gnu.so
7770246f2000-7770246f4000 rw-p 0004f000 08:40 187256                     /usr/local/lib/python3.10/dist-packages/h5py/_objects.cpython-310-x86_64-linux-gnu.so
7770246f4000-7770246ff000 r--p 00000000 08:40 187259                     /usr/local/lib/python3.10/dist-packages/h5py/defs.cpython-310-x86_64-linux-gnu.so
7770246ff000-777024740000 r-xp 0000b000 08:40 187259                     /usr/local/lib/python3.10/dist-packages/h5py/defs.cpython-310-x86_64-linux-gnu.so
777024740000-777024753000 r--p 0004c000 08:40 187259                     /usr/local/lib/python3.10/dist-packages/h5py/defs.cpython-310-x86_64-linux-gnu.so
777024753000-777024755000 r--p 0005e000 08:40 187259                     /usr/local/lib/python3.10/dist-packages/h5py/defs.cpython-310-x86_64-linux-gnu.so
777024755000-777024756000 rw-p 00060000 08:40 187259                     /usr/local/lib/python3.10/dist-packages/h5py/defs.cpython-310-x86_64-linux-gnu.so
777024756000-777024757000 rw-p 00000000 00:00 0 
777024757000-77702475c000 rw-p 0008f000 08:40 187259                     /usr/local/lib/python3.10/dist-packages/h5py/defs.cpython-310-x86_64-linux-gnu.so
77702475c000-77702475f000 rw-p 00094000 08:40 187259                     /usr/local/lib/python3.10/dist-packages/h5py/defs.cpython-310-x86_64-linux-gnu.so
77702475f000-777024764000 r--p 00000000 08:40 187260                     /usr/local/lib/python3.10/dist-packages/h5py/h5.cpython-310-x86_64-linux-gnu.so
777024764000-77702477d000 r-xp 00005000 08:40 187260                     /usr/local/lib/python3.10/dist-packages/h5py/h5.cpython-310-x86_64-linux-gnu.so
77702477d000-777024784000 r--p 0001e000 08:40 187260                     /usr/local/lib/python3.10/dist-packages/h5py/h5.cpython-310-x86_64-linux-gnu.so
777024784000-777024785000 ---p 00025000 08:40 187260                     /usr/local/lib/python3.10/dist-packages/h5py/h5.cpython-310-x86_64-linux-gnu.so
777024785000-777024786000 r--p 00025000 08:40 187260                     /usr/local/lib/python3.10/dist-packages/h5py/h5.cpython-310-x86_64-linux-gnu.so
777024786000-777024788000 rw-p 00026000 08:40 187260                     /usr/local/lib/python3.10/dist-packages/h5py/h5.cpython-310-x86_64-linux-gnu.so
777024788000-77702478a000 rw-p 0003f000 08:40 187260                     /usr/local/lib/python3.10/dist-packages/h5py/h5.cpython-310-x86_64-linux-gnu.so
77702478a000-77702478b000 rw-p 00041000 08:40 187260                     /usr/local/lib/python3.10/dist-packages/h5py/h5.cpython-310-x86_64-linux-gnu.so
77702478b000-77702478c000 r--p 00000000 08:40 187391                     /usr/local/lib/python3.10/dist-packages/h5py.libs/libaec-7e9d22b8.so.0.1.3
77702478c000-777024791000 r-xp 00001000 08:40 187391                     /usr/local/lib/python3.10/dist-packages/h5py.libs/libaec-7e9d22b8.so.0.1.3
777024791000-777024792000 r--p 00006000 08:40 187391                     /usr/local/lib/python3.10/dist-packages/h5py.libs/libaec-7e9d22b8.so.0.1.3
777024792000-777024793000 ---p 00007000 08:40 187391                     /usr/local/lib/python3.10/dist-packages/h5py.libs/libaec-7e9d22b8.so.0.1.3
777024793000-777024794000 r--p 00007000 08:40 187391                     /usr/local/lib/python3.10/dist-packages/h5py.libs/libaec-7e9d22b8.so.0.1.3
777024794000-777024795000 rw-p 00008000 08:40 187391                     /usr/local/lib/python3.10/dist-packages/h5py.libs/libaec-7e9d22b8.so.0.1.3
777024795000-777024796000 rw-p 00021000 08:40 187391                     /usr/local/lib/python3.10/dist-packages/h5py.libs/libaec-7e9d22b8.so.0.1.3
777024796000-77702479c000 r--p 00000000 08:40 187393                     /usr/local/lib/python3.10/dist-packages/h5py.libs/libhdf5_hl-a45b8ce6.so.310.0.6
77702479c000-7770247b2000 r-xp 00006000 08:40 187393                     /usr/local/lib/python3.10/dist-packages/h5py.libs/libhdf5_hl-a45b8ce6.so.310.0.6
7770247b2000-7770247b7000 r--p 0001c000 08:40 187393                     /usr/local/lib/python3.10/dist-packages/h5py.libs/libhdf5_hl-a45b8ce6.so.310.0.6
7770247b7000-7770247b8000 ---p 00021000 08:40 187393                     /usr/local/lib/python3.10/dist-packages/h5py.libs/libhdf5_hl-a45b8ce6.so.310.0.6
7770247b8000-7770247b9000 r--p 00021000 08:40 187393                     /usr/local/lib/python3.10/dist-packages/h5py.libs/libhdf5_hl-a45b8ce6.so.310.0.6
7770247b9000-7770247ba000 rw-p 00022000 08:40 187393                     /usr/local/lib/python3.10/dist-packages/h5py.libs/libhdf5_hl-a45b8ce6.so.310.0.6
7770247ba000-7770247bb000 rw-p 00000000 00:00 0 
7770247bb000-7770247bd000 rw-p 00028000 08:40 187393                     /usr/local/lib/python3.10/dist-packages/h5py.libs/libhdf5_hl-a45b8ce6.so.310.0.6
7770247bd000-7770247bf000 rw-p 0002a000 08:40 187393                     /usr/local/lib/python3.10/dist-packages/h5py.libs/libhdf5_hl-a45b8ce6.so.310.0.6
7770247bf000-77702480f000 r--p 00000000 08:40 187392                     /usr/local/lib/python3.10/dist-packages/h5py.libs/libhdf5-8c29085d.so.310.5.1
77702480f000-777024ad5000 r-xp 00050000 08:40 187392                     /usr/local/lib/python3.10/dist-packages/h5py.libs/libhdf5-8c29085d.so.310.5.1
777024ad5000-777024b8e000 r--p 00316000 08:40 187392                     /usr/local/lib/python3.10/dist-packages/h5py.libs/libhdf5-8c29085d.so.310.5.1
777024b8e000-777024b9b000 r--p 003ce000 08:40 187392                     /usr/local/lib/python3.10/dist-packages/h5py.libs/libhdf5-8c29085d.so.310.5.1
777024b9b000-777024ba4000 rw-p 003db000 08:40 187392                     /usr/local/lib/python3.10/dist-packages/h5py.libs/libhdf5-8c29085d.so.310.5.1
777024ba4000-777024ba7000 rw-p 00000000 00:00 0 
777024ba7000-777024bc0000 rw-p 00444000 08:40 187392                     /usr/local/lib/python3.10/dist-packages/h5py.libs/libhdf5-8c29085d.so.310.5.1
777024bc0000-777024bd2000 rw-p 0045d000 08:40 187392                     /usr/local/lib/python3.10/dist-packages/h5py.libs/libhdf5-8c29085d.so.310.5.1
777024bd2000-777024bd6000 r--p 00000000 08:40 187226                     /usr/local/lib/python3.10/dist-packages/h5py/_errors.cpython-310-x86_64-linux-gnu.so
777024bd6000-777024be2000 r-xp 00004000 08:40 187226                     /usr/local/lib/python3.10/dist-packages/h5py/_errors.cpython-310-x86_64-linux-gnu.so
777024be2000-777024be6000 r--p 00010000 08:40 187226                     /usr/local/lib/python3.10/dist-packages/h5py/_errors.cpython-310-x86_64-linux-gnu.so
777024be6000-777024be7000 r--p 00013000 08:40 187226                     /usr/local/lib/python3.10/dist-packages/h5py/_errors.cpython-310-x86_64-linux-gnu.so
777024be7000-777024be8000 rw-p 00014000 08:40 187226                     /usr/local/lib/python3.10/dist-packages/h5py/_errors.cpython-310-x86_64-linux-gnu.so
777024be8000-777024bea000 rw-p 00021000 08:40 187226                     /usr/local/lib/python3.10/dist-packages/h5py/_errors.cpython-310-x86_64-linux-gnu.so
777024bea000-777024beb000 rw-p 00023000 08:40 187226                     /usr/local/lib/python3.10/dist-packages/h5py/_errors.cpython-310-x86_64-linux-gnu.so
777024beb000-777024deb000 rw-p 00000000 00:00 0 
777024deb000-777024ded000 r--p 00000000 08:40 99652                      /usr/local/lib/python3.10/dist-packages/_brotli.cpython-310-x86_64-linux-gnu.so
777024ded000-777024e55000 r-xp 00002000 08:40 99652                      /usr/local/lib/python3.10/dist-packages/_brotli.cpython-310-x86_64-linux-gnu.so
777024e55000-777024eca000 r--p 0006a000 08:40 99652                      /usr/local/lib/python3.10/dist-packages/_brotli.cpython-310-x86_64-linux-gnu.so
777024eca000-777024ecb000 r--p 000de000 08:40 99652                      /usr/local/lib/python3.10/dist-packages/_brotli.cpython-310-x86_64-linux-gnu.so
777024ecb000-777024ecc000 rw-p 000df000 08:40 99652                      /usr/local/lib/python3.10/dist-packages/_brotli.cpython-310-x86_64-linux-gnu.so
777024ecc000-777024fcc000 rw-p 00000000 00:00 0 
777024fcc000-777024fe3000 r--p 00000000 08:40 232274                     /usr/local/lib/python3.10/dist-packages/tensorflow/python/grappler/_pywrap_tf_cluster.so
777024fe3000-777025009000 r-xp 00016000 08:40 232274                     /usr/local/lib/python3.10/dist-packages/tensorflow/python/grappler/_pywrap_tf_cluster.so
777025009000-77702500b000 r--p 0003b000 08:40 232274                     /usr/local/lib/python3.10/dist-packages/tensorflow/python/grappler/_pywrap_tf_cluster.so
77702500b000-77702500c000 rw-p 0003c000 08:40 232274                     /usr/local/lib/python3.10/dist-packages/tensorflow/python/grappler/_pywrap_tf_cluster.so
77702500c000-77702501c000 r--p 00000000 08:40 232278                     /usr/local/lib/python3.10/dist-packages/tensorflow/python/grappler/_pywrap_tf_optimizer.so
77702501c000-777025034000 r-xp 0000f000 08:40 232278                     /usr/local/lib/python3.10/dist-packages/tensorflow/python/grappler/_pywrap_tf_optimizer.so
777025034000-777025036000 r--p 00026000 08:40 232278                     /usr/local/lib/python3.10/dist-packages/tensorflow/python/grappler/_pywrap_tf_optimizer.so
777025036000-777025037000 rw-p 00027000 08:40 232278                     /usr/local/lib/python3.10/dist-packages/tensorflow/python/grappler/_pywrap_tf_optimizer.so
777025037000-777025042000 r--p 00000000 08:40 209223                     /usr/local/lib/python3.10/dist-packages/tensorflow/compiler/tf2tensorrt/_pywrap_py_utils.so
777025042000-777025056000 r-xp 0000a000 08:40 209223                     /usr/local/lib/python3.10/dist-packages/tensorflow/compiler/tf2tensorrt/_pywrap_py_utils.so
777025056000-777025057000 r--p 0001d000 08:40 209223                     /usr/local/lib/python3.10/dist-packages/tensorflow/compiler/tf2tensorrt/_pywrap_py_utils.so
777025057000-777025058000 rw-p 0001d000 08:40 209223                     /usr/local/lib/python3.10/dist-packages/tensorflow/compiler/tf2tensorrt/_pywrap_py_utils.so
777025058000-777025658000 rw-p 00000000 00:00 0 
777025658000-777025666000 r--p 00000000 08:40 231430                     /usr/local/lib/python3.10/dist-packages/tensorflow/python/client/_pywrap_events_writer.so
777025666000-777025681000 r-xp 0000d000 08:40 231430                     /usr/local/lib/python3.10/dist-packages/tensorflow/python/client/_pywrap_events_writer.so
777025681000-777025682000 r--p 00027000 08:40 231430                     /usr/local/lib/python3.10/dist-packages/tensorflow/python/client/_pywrap_events_writer.so
777025682000-777025683000 rw-p 00027000 08:40 231430                     /usr/local/lib/python3.10/dist-packages/tensorflow/python/client/_pywrap_events_writer.so
777025683000-777025783000 rw-p 00000000 00:00 0 
777025783000-77702578d000 r--p 00000000 08:40 233863                     /usr/local/lib/python3.10/dist-packages/tensorflow/python/util/_pywrap_util_port.so
77702578d000-7770257a0000 r-xp 00009000 08:40 233863                     /usr/local/lib/python3.10/dist-packages/tensorflow/python/util/_pywrap_util_port.so
7770257a0000-7770257a2000 r--p 0001b000 08:40 233863                     /usr/local/lib/python3.10/dist-packages/tensorflow/python/util/_pywrap_util_port.so
7770257a2000-7770257a3000 rw-p 0001c000 08:40 233863                     /usr/local/lib/python3.10/dist-packages/tensorflow/python/util/_pywrap_util_port.so
7770257a3000-7770258a3000 rw-p 00000000 00:00 0 
7770258a3000-7770258ad000 r--p 00000000 08:40 233330                     /usr/local/lib/python3.10/dist-packages/tensorflow/python/platform/_pywrap_stacktrace_handler.so
7770258ad000-7770258c0000 r-xp 00009000 08:40 233330                     /usr/local/lib/python3.10/dist-packages/tensorflow/python/platform/_pywrap_stacktrace_handler.so
7770258c0000-7770258c1000 r--p 0001b000 08:40 233330                     /usr/local/lib/python3.10/dist-packages/tensorflow/python/platform/_pywrap_stacktrace_handler.so
7770258c1000-7770258c3000 rw-p 0001b000 08:40 233330                     /usr/local/lib/python3.10/dist-packages/tensorflow/python/platform/_pywrap_stacktrace_handler.so
7770258c3000-7770258cd000 r--p 00000000 08:40 232195                     /usr/local/lib/python3.10/dist-packages/tensorflow/python/framework/_test_metrics_util.so
7770258cd000-7770258e0000 r-xp 00009000 08:40 232195                     /usr/local/lib/python3.10/dist-packages/tensorflow/python/framework/_test_metrics_util.so
7770258e0000-7770258e2000 r--p 0001b000 08:40 232195                     /usr/local/lib/python3.10/dist-packages/tensorflow/python/framework/_test_metrics_util.so
7770258e2000-7770258e3000 rw-p 0001c000 08:40 232195                     /usr/local/lib/python3.10/dist-packages/tensorflow/python/framework/_test_metrics_util.so
7770258e3000-7770258ed000 r--p 00000000 08:40 231185                     /usr/local/lib/python3.10/dist-packages/tensorflow/python/_pywrap_sanitizers.so
7770258ed000-777025900000 r-xp 00009000 08:40 231185                     /usr/local/lib/python3.10/dist-packages/tensorflow/python/_pywrap_sanitizers.so
777025900000-777025901000 r--p 0001b000 08:40 231185                     /usr/local/lib/python3.10/dist-packages/tensorflow/python/_pywrap_sanitizers.so
777025901000-777025903000 rw-p 0001b000 08:40 231185                     /usr/local/lib/python3.10/dist-packages/tensorflow/python/_pywrap_sanitizers.so
777025903000-777025c03000 rw-p 00000000 00:00 0 
777025c03000-777025c16000 r--p 00000000 08:40 233364                     /usr/local/lib/python3.10/dist-packages/tensorflow/python/profiler/internal/_pywrap_profiler.so
777025c16000-777025c33000 r-xp 00012000 08:40 233364                     /usr/local/lib/python3.10/dist-packages/tensorflow/python/profiler/internal/_pywrap_profiler.so
777025c33000-777025c35000 r--p 0002e000 08:40 233364                     /usr/local/lib/python3.10/dist-packages/tensorflow/python/profiler/internal/_pywrap_profiler.so
777025c35000-777025c36000 rw-p 0002f000 08:40 233364                     /usr/local/lib/python3.10/dist-packages/tensorflow/python/profiler/internal/_pywrap_profiler.so
777025c36000-777025f36000 rw-p 00000000 00:00 0 
777025f36000-777025f40000 r--p 00000000 08:40 232651                     /usr/local/lib/python3.10/dist-packages/tensorflow/python/lib/core/_pywrap_py_func.so
777025f40000-777025f53000 r-xp 00009000 08:40 232651                     /usr/local/lib/python3.10/dist-packages/tensorflow/python/lib/core/_pywrap_py_func.so
777025f53000-777025f54000 r--p 0001b000 08:40 232651                     /usr/local/lib/python3.10/dist-packages/tensorflow/python/lib/core/_pywrap_py_func.so
777025f54000-777025f55000 rw-p 0001b000 08:40 232651                     /usr/local/lib/python3.10/dist-packages/tensorflow/python/lib/core/_pywrap_py_func.so
777025f55000-777025f64000 r--p 00000000 08:40 233847                     /usr/local/lib/python3.10/dist-packages/tensorflow/python/util/_pywrap_checkpoint_reader.so
777025f64000-777025f7f000 r-xp 0000e000 08:40 233847                     /usr/local/lib/python3.10/dist-packages/tensorflow/python/util/_pywrap_checkpoint_reader.so
777025f7f000-777025f80000 r--p 00028000 08:40 233847                     /usr/local/lib/python3.10/dist-packages/tensorflow/python/util/_pywrap_checkpoint_reader.so
777025f80000-777025f81000 rw-p 00028000 08:40 233847                     /usr/local/lib/python3.10/dist-packages/tensorflow/python/util/_pywrap_checkpoint_reader.so
777025f81000-777025f94000 r--p 00000000 08:40 233451                     /usr/local/lib/python3.10/dist-packages/tensorflow/python/saved_model/pywrap_saved_model.so
777025f94000-777025fb6000 r-xp 00012000 08:40 233451                     /usr/local/lib/python3.10/dist-packages/tensorflow/python/saved_model/pywrap_saved_model.so
777025fb6000-777025fb7000 r--p 00033000 08:40 233451                     /usr/local/lib/python3.10/dist-packages/tensorflow/python/saved_model/pywrap_saved_model.so
777025fb7000-777025fb9000 rw-p 00033000 08:40 233451                     /usr/local/lib/python3.10/dist-packages/tensorflow/python/saved_model/pywrap_saved_model.so
777025fb9000-777025fcb000 r--p 00000000 08:40 232660                     /usr/local/lib/python3.10/dist-packages/tensorflow/python/lib/io/_pywrap_file_io.so
777025fcb000-777025fef000 r-xp 00011000 08:40 232660                     /usr/local/lib/python3.10/dist-packages/tensorflow/python/lib/io/_pywrap_file_io.so
777025fef000-777025ff0000 r--p 00034000 08:40 232660                     /usr/local/lib/python3.10/dist-packages/tensorflow/python/lib/io/_pywrap_file_io.so
777025ff0000-777025ff2000 rw-p 00034000 08:40 232660                     /usr/local/lib/python3.10/dist-packages/tensorflow/python/lib/io/_pywrap_file_io.so
777025ff2000-7770261f2000 rw-p 00000000 00:00 0 
7770261f2000-7770261fc000 r--p 00000000 08:40 231592                     /usr/local/lib/python3.10/dist-packages/tensorflow/python/data/experimental/service/_pywrap_utils_exp.so
7770261fc000-77702620f000 r-xp 00009000 08:40 231592                     /usr/local/lib/python3.10/dist-packages/tensorflow/python/data/experimental/service/_pywrap_utils_exp.so
77702620f000-777026210000 r--p 0001b000 08:40 231592                     /usr/local/lib/python3.10/dist-packages/tensorflow/python/data/experimental/service/_pywrap_utils_exp.so
777026210000-777026211000 rw-p 0001b000 08:40 231592                     /usr/local/lib/python3.10/dist-packages/tensorflow/python/data/experimental/service/_pywrap_utils_exp.so
777026211000-777026212000 rw-p 00000000 00:00 0 
777026212000-777026223000 r--p 00000000 08:40 231588                     /usr/local/lib/python3.10/dist-packages/tensorflow/python/data/experimental/service/_pywrap_server_lib.so
777026223000-777026243000 r-xp 00010000 08:40 231588                     /usr/local/lib/python3.10/dist-packages/tensorflow/python/data/experimental/service/_pywrap_server_lib.so
777026243000-777026244000 r--p 0002f000 08:40 231588                     /usr/local/lib/python3.10/dist-packages/tensorflow/python/data/experimental/service/_pywrap_server_lib.so
777026244000-777026246000 rw-p 0002f000 08:40 231588                     /usr/local/lib/python3.10/dist-packages/tensorflow/python/data/experimental/service/_pywrap_server_lib.so
777026246000-777026946000 rw-p 00000000 00:00 0 
777026946000-777026957000 r--p 00000000 08:40 231179                     /usr/local/lib/python3.10/dist-packages/tensorflow/python/_pywrap_parallel_device.so
777026957000-777026975000 r-xp 00010000 08:40 231179                     /usr/local/lib/python3.10/dist-packages/tensorflow/python/_pywrap_parallel_device.so
777026975000-777026976000 r--p 0002d000 08:40 231179                     /usr/local/lib/python3.10/dist-packages/tensorflow/python/_pywrap_parallel_device.so
777026976000-777026978000 rw-p 0002d000 08:40 231179                     /usr/local/lib/python3.10/dist-packages/tensorflow/python/_pywrap_parallel_device.so
777026978000-777026e78000 rw-p 00000000 00:00 0 
777026e78000-777026e86000 r--p 00000000 08:40 232188                     /usr/local/lib/python3.10/dist-packages/tensorflow/python/framework/_proto_comparators.so
777026e86000-777026e9f000 r-xp 0000d000 08:40 232188                     /usr/local/lib/python3.10/dist-packages/tensorflow/python/framework/_proto_comparators.so
777026e9f000-777026ea1000 r--p 00025000 08:40 232188                     /usr/local/lib/python3.10/dist-packages/tensorflow/python/framework/_proto_comparators.so
777026ea1000-777026ea2000 rw-p 00026000 08:40 232188                     /usr/local/lib/python3.10/dist-packages/tensorflow/python/framework/_proto_comparators.so
777026ea2000-777026eb4000 r--p 00000000 08:40 232662                     /usr/local/lib/python3.10/dist-packages/tensorflow/python/lib/io/_pywrap_record_io.so
777026eb4000-777026ed4000 r-xp 00011000 08:40 232662                     /usr/local/lib/python3.10/dist-packages/tensorflow/python/lib/io/_pywrap_record_io.so
777026ed4000-777026ed6000 r--p 00030000 08:40 232662                     /usr/local/lib/python3.10/dist-packages/tensorflow/python/lib/io/_pywrap_record_io.so
777026ed6000-777026ed7000 rw-p 00031000 08:40 232662                     /usr/local/lib/python3.10/dist-packages/tensorflow/python/lib/io/_pywrap_record_io.so
777026ed7000-7770270d7000 rw-p 00000000 00:00 0 
7770270d7000-7770270e2000 r--p 00000000 08:40 231428                     /usr/local/lib/python3.10/dist-packages/tensorflow/python/client/_pywrap_device_lib.so
7770270e2000-7770270f6000 r-xp 0000a000 08:40 231428                     /usr/local/lib/python3.10/dist-packages/tensorflow/python/client/_pywrap_device_lib.so
7770270f6000-7770270f7000 r--p 0001d000 08:40 231428                     /usr/local/lib/python3.10/dist-packages/tensorflow/python/client/_pywrap_device_lib.so
7770270f7000-7770270f8000 rw-p 0001d000 08:40 231428                     /usr/local/lib/python3.10/dist-packages/tensorflow/python/client/_pywrap_device_lib.so
7770270f8000-7770282f8000 rw-p 00000000 00:00 0 
7770282f8000-77702830f000 r--p 00000000 08:40 232191                     /usr/local/lib/python3.10/dist-packages/tensorflow/python/framework/_pywrap_python_api_dispatcher.so
77702830f000-77702833a000 r-xp 00016000 08:40 232191                     /usr/local/lib/python3.10/dist-packages/tensorflow/python/framework/_pywrap_python_api_dispatcher.so
77702833a000-77702833c000 r--p 00040000 08:40 232191                     /usr/local/lib/python3.10/dist-packages/tensorflow/python/framework/_pywrap_python_api_dispatcher.so
77702833c000-77702833d000 rw-p 00041000 08:40 232191                     /usr/local/lib/python3.10/dist-packages/tensorflow/python/framework/_pywrap_python_api_dispatcher.so
77702833d000-777028351000 r--p 00000000 08:40 232184                     /usr/local/lib/python3.10/dist-packages/tensorflow/python/framework/_op_def_library_pybind.so
777028351000-777028372000 r-xp 00013000 08:40 232184                     /usr/local/lib/python3.10/dist-packages/tensorflow/python/framework/_op_def_library_pybind.so
777028372000-777028373000 r--p 00033000 08:40 232184                     /usr/local/lib/python3.10/dist-packages/tensorflow/python/framework/_op_def_library_pybind.so
777028373000-777028375000 rw-p 00033000 08:40 232184                     /usr/local/lib/python3.10/dist-packages/tensorflow/python/framework/_op_def_library_pybind.so
777028375000-77702837f000 r--p 00000000 08:40 232186                     /usr/local/lib/python3.10/dist-packages/tensorflow/python/framework/_op_def_registry.so
77702837f000-777028393000 r-xp 00009000 08:40 232186                     /usr/local/lib/python3.10/dist-packages/tensorflow/python/framework/_op_def_registry.so
777028393000-777028394000 r--p 0001c000 08:40 232186                     /usr/local/lib/python3.10/dist-packages/tensorflow/python/framework/_op_def_registry.so
777028394000-777028395000 rw-p 0001c000 08:40 232186                     /usr/local/lib/python3.10/dist-packages/tensorflow/python/framework/_op_def_registry.so
777028395000-777028495000 rw-p 00000000 00:00 0 
777028495000-7770284b3000 r--p 00000000 08:40 231175                     /usr/local/lib/python3.10/dist-packages/tensorflow/python/_pywrap_dtensor_device.so
7770284b3000-7770284ec000 r-xp 0001d000 08:40 231175                     /usr/local/lib/python3.10/dist-packages/tensorflow/python/_pywrap_dtensor_device.so
7770284ec000-7770284ed000 r--p 00055000 08:40 231175                     /usr/local/lib/python3.10/dist-packages/tensorflow/python/_pywrap_dtensor_device.so
7770284ed000-7770284ef000 rw-p 00055000 08:40 231175                     /usr/local/lib/python3.10/dist-packages/tensorflow/python/_pywrap_dtensor_device.so
7770284ef000-7770284f9000 r--p 00000000 08:40 233857                     /usr/local/lib/python3.10/dist-packages/tensorflow/python/util/_pywrap_tensor_float_32_execution.so
7770284f9000-77702850c000 r-xp 00009000 08:40 233857                     /usr/local/lib/python3.10/dist-packages/tensorflow/python/util/_pywrap_tensor_float_32_execution.so
77702850c000-77702850e000 r--p 0001b000 08:40 233857                     /usr/local/lib/python3.10/dist-packages/tensorflow/python/util/_pywrap_tensor_float_32_execution.so
77702850e000-77702850f000 rw-p 0001c000 08:40 233857                     /usr/local/lib/python3.10/dist-packages/tensorflow/python/util/_pywrap_tensor_float_32_execution.so
77702850f000-777028519000 r--p 00000000 08:40 233849                     /usr/local/lib/python3.10/dist-packages/tensorflow/python/util/_pywrap_determinism.so
777028519000-77702852c000 r-xp 00009000 08:40 233849                     /usr/local/lib/python3.10/dist-packages/tensorflow/python/util/_pywrap_determinism.so
77702852c000-77702852e000 r--p 0001b000 08:40 233849                     /usr/local/lib/python3.10/dist-packages/tensorflow/python/util/_pywrap_determinism.so
77702852e000-77702852f000 rw-p 0001c000 08:40 233849                     /usr/local/lib/python3.10/dist-packages/tensorflow/python/util/_pywrap_determinism.so
77702852f000-77702853d000 r--p 00000000 08:40 232107                     /usr/local/lib/python3.10/dist-packages/tensorflow/python/flags_pybind.so
77702853d000-777028558000 r-xp 0000d000 08:40 232107                     /usr/local/lib/python3.10/dist-packages/tensorflow/python/flags_pybind.so
777028558000-777028559000 r--p 00027000 08:40 232107                     /usr/local/lib/python3.10/dist-packages/tensorflow/python/flags_pybind.so
777028559000-77702855a000 rw-p 00027000 08:40 232107                     /usr/local/lib/python3.10/dist-packages/tensorflow/python/flags_pybind.so
77702855a000-77702855b000 rw-p 00000000 00:00 0 
77702855b000-777028569000 r--p 00000000 08:40 233368                     /usr/local/lib/python3.10/dist-packages/tensorflow/python/profiler/internal/_pywrap_traceme.so
777028569000-777028582000 r-xp 0000d000 08:40 233368                     /usr/local/lib/python3.10/dist-packages/tensorflow/python/profiler/internal/_pywrap_traceme.so
777028582000-777028584000 r--p 00025000 08:40 233368                     /usr/local/lib/python3.10/dist-packages/tensorflow/python/profiler/internal/_pywrap_traceme.so
777028584000-777028585000 rw-p 00026000 08:40 233368                     /usr/local/lib/python3.10/dist-packages/tensorflow/python/profiler/internal/_pywrap_traceme.so
777028585000-777028685000 rw-p 00000000 00:00 0 
777028685000-777028692000 r--p 00000000 08:40 233865                     /usr/local/lib/python3.10/dist-packages/tensorflow/python/util/_pywrap_utils.so
777028692000-7770286a9000 r-xp 0000c000 08:40 233865                     /usr/local/lib/python3.10/dist-packages/tensorflow/python/util/_pywrap_utils.so
7770286a9000-7770286aa000 r--p 00022000 08:40 233865                     /usr/local/lib/python3.10/dist-packages/tensorflow/python/util/_pywrap_utils.so
7770286aa000-7770286ac000 rw-p 00022000 08:40 233865                     /usr/local/lib/python3.10/dist-packages/tensorflow/python/util/_pywrap_utils.so
7770286ac000-7770286b6000 r--p 00000000 08:40 233853                     /usr/local/lib/python3.10/dist-packages/tensorflow/python/util/_pywrap_nest.so
7770286b6000-7770286c9000 r-xp 00009000 08:40 233853                     /usr/local/lib/python3.10/dist-packages/tensorflow/python/util/_pywrap_nest.so
7770286c9000-7770286ca000 r--p 0001b000 08:40 233853                     /usr/local/lib/python3.10/dist-packages/tensorflow/python/util/_pywrap_nest.so
7770286ca000-7770286cc000 rw-p 0001b000 08:40 233853                     /usr/local/lib/python3.10/dist-packages/tensorflow/python/util/_pywrap_nest.so
7770286cc000-7770287cc000 rw-p 00000000 00:00 0 
7770287cc000-7770287da000 r--p 00000000 08:40 232182                     /usr/local/lib/python3.10/dist-packages/tensorflow/python/framework/_dtypes.so
7770287da000-7770287f7000 r-xp 0000d000 08:40 232182                     /usr/local/lib/python3.10/dist-packages/tensorflow/python/framework/_dtypes.so
7770287f7000-7770287f8000 r--p 00029000 08:40 232182                     /usr/local/lib/python3.10/dist-packages/tensorflow/python/framework/_dtypes.so
7770287f8000-7770287fa000 rw-p 00029000 08:40 232182                     /usr/local/lib/python3.10/dist-packages/tensorflow/python/framework/_dtypes.so
7770287fa000-7770287ff000 r--p 00000000 08:40 194635                     /usr/local/lib/python3.10/dist-packages/ml_dtypes/_ml_dtypes_ext.cpython-310-x86_64-linux-gnu.so
7770287ff000-777028935000 r-xp 00005000 08:40 194635                     /usr/local/lib/python3.10/dist-packages/ml_dtypes/_ml_dtypes_ext.cpython-310-x86_64-linux-gnu.so
777028935000-77702896b000 r--p 0013b000 08:40 194635                     /usr/local/lib/python3.10/dist-packages/ml_dtypes/_ml_dtypes_ext.cpython-310-x86_64-linux-gnu.so
77702896b000-77702896c000 r--p 00170000 08:40 194635                     /usr/local/lib/python3.10/dist-packages/ml_dtypes/_ml_dtypes_ext.cpython-310-x86_64-linux-gnu.so
77702896c000-77702896e000 rw-p 00171000 08:40 194635                     /usr/local/lib/python3.10/dist-packages/ml_dtypes/_ml_dtypes_ext.cpython-310-x86_64-linux-gnu.so
77702896e000-777028a70000 rw-p 00000000 00:00 0 
777028a70000-777028a82000 r--p 00000000 08:40 231181                     /usr/local/lib/python3.10/dist-packages/tensorflow/python/_pywrap_py_exception_registry.so
777028a82000-777028aa5000 r-xp 00011000 08:40 231181                     /usr/local/lib/python3.10/dist-packages/tensorflow/python/_pywrap_py_exception_registry.so
777028aa5000-777028aa7000 r--p 00033000 08:40 231181                     /usr/local/lib/python3.10/dist-packages/tensorflow/python/_pywrap_py_exception_registry.so
777028aa7000-777028aa8000 rw-p 00034000 08:40 231181                     /usr/local/lib/python3.10/dist-packages/tensorflow/python/_pywrap_py_exception_registry.so
777028aa8000-777028ae7000 r--p 00000000 08:40 231432                     /usr/local/lib/python3.10/dist-packages/tensorflow/python/client/_pywrap_tf_session.so
777028ae7000-777028b54000 r-xp 0003e000 08:40 231432                     /usr/local/lib/python3.10/dist-packages/tensorflow/python/client/_pywrap_tf_session.so
777028b54000-777028b57000 r--p 000aa000 08:40 231432                     /usr/local/lib/python3.10/dist-packages/tensorflow/python/client/_pywrap_tf_session.so
777028b57000-777028b59000 rw-p 000ac000 08:40 231432                     /usr/local/lib/python3.10/dist-packages/tensorflow/python/client/_pywrap_tf_session.so
777028b59000-777028b99000 r--p 00000000 08:40 231190                     /usr/local/lib/python3.10/dist-packages/tensorflow/python/_pywrap_tfe.so
777028b99000-777028bfb000 r-xp 0003f000 08:40 231190                     /usr/local/lib/python3.10/dist-packages/tensorflow/python/_pywrap_tfe.so
777028bfb000-777028bfe000 r--p 000a0000 08:40 231190                     /usr/local/lib/python3.10/dist-packages/tensorflow/python/_pywrap_tfe.so
777028bfe000-777028c00000 rw-p 000a2000 08:40 231190                     /usr/local/lib/python3.10/dist-packages/tensorflow/python/_pywrap_tfe.so
777028c00000-777028e00000 rw-p 00000000 00:00 0 
777028e00000-777028ead000 r-xp 00000000 08:40 103066                     /usr/local/lib/python3.10/dist-packages/nvidia/cuda_runtime/lib/libcudart.so.12
777028ead000-7770290ad000 ---p 000ad000 08:40 103066                     /usr/local/lib/python3.10/dist-packages/nvidia/cuda_runtime/lib/libcudart.so.12
7770290ad000-7770290b1000 r--p 000ad000 08:40 103066                     /usr/local/lib/python3.10/dist-packages/nvidia/cuda_runtime/lib/libcudart.so.12
7770290b1000-7770290b2000 rw-p 000b1000 08:40 103066                     /usr/local/lib/python3.10/dist-packages/nvidia/cuda_runtime/lib/libcudart.so.12
7770290b2000-7770290b4000 rw-p 00000000 00:00 0 
7770290b4000-7770290b5000 rw-s a01e69000 00:01 388                       /dev/zero (deleted)
7770290b5000-7770290b6000 rw-s a01e68000 00:01 387                       /dev/zero (deleted)
7770290b6000-7770290b7000 rw-s a01e67000 00:01 386                       /dev/zero (deleted)
7770290b7000-7770290ce000 r--p 00000000 08:40 233867                     /usr/local/lib/python3.10/dist-packages/tensorflow/python/util/_tf_stack.so
7770290ce000-7770290f5000 r-xp 00016000 08:40 233867                     /usr/local/lib/python3.10/dist-packages/tensorflow/python/util/_tf_stack.so
7770290f5000-7770290f6000 r--p 0003d000 08:40 233867                     /usr/local/lib/python3.10/dist-packages/tensorflow/python/util/_tf_stack.so
7770290f6000-7770290f8000 rw-p 0003d000 08:40 233867                     /usr/local/lib/python3.10/dist-packages/tensorflow/python/util/_tf_stack.so
7770290f8000-777029102000 r--p 00000000 08:40 105712                     /usr/local/lib/python3.10/dist-packages/google/_upb/_message.abi3.so
777029102000-77702912e000 r-xp 0000a000 08:40 105712                     /usr/local/lib/python3.10/dist-packages/google/_upb/_message.abi3.so
77702912e000-777029143000 r--p 00036000 08:40 105712                     /usr/local/lib/python3.10/dist-packages/google/_upb/_message.abi3.so
777029143000-777029144000 r--p 0004a000 08:40 105712                     /usr/local/lib/python3.10/dist-packages/google/_upb/_message.abi3.so
777029144000-777029148000 rw-p 0004b000 08:40 105712                     /usr/local/lib/python3.10/dist-packages/google/_upb/_message.abi3.so
777029148000-777029152000 r--p 00000000 08:40 233332                     /usr/local/lib/python3.10/dist-packages/tensorflow/python/platform/_pywrap_tf2.so
777029152000-777029165000 r-xp 00009000 08:40 233332                     /usr/local/lib/python3.10/dist-packages/tensorflow/python/platform/_pywrap_tf2.so
777029165000-777029167000 r--p 0001b000 08:40 233332                     /usr/local/lib/python3.10/dist-packages/tensorflow/python/platform/_pywrap_tf2.so
777029167000-777029168000 rw-p 0001c000 08:40 233332                     /usr/local/lib/python3.10/dist-packages/tensorflow/python/platform/_pywrap_tf2.so
777029168000-777029172000 r--p 00000000 08:40 231186                     /usr/local/lib/python3.10/dist-packages/tensorflow/python/_pywrap_tensorflow_internal.so
777029172000-777029185000 r-xp 00009000 08:40 231186                     /usr/local/lib/python3.10/dist-packages/tensorflow/python/_pywrap_tensorflow_internal.so
777029185000-777029186000 r--p 0001b000 08:40 231186                     /usr/local/lib/python3.10/dist-packages/tensorflow/python/_pywrap_tensorflow_internal.so
777029186000-777029188000 rw-p 0001b000 08:40 231186                     /usr/local/lib/python3.10/dist-packages/tensorflow/python/_pywrap_tensorflow_internal.so
777029188000-7770293c6000 r--p 00000000 08:40 232666                     /usr/local/lib/python3.10/dist-packages/tensorflow/python/lib_pywrap_tensorflow_common.so
7770293c6000-777029642000 r-xp 0023d000 08:40 232666                     /usr/local/lib/python3.10/dist-packages/tensorflow/python/lib_pywrap_tensorflow_common.so
777029642000-777029650000 r--p 004b8000 08:40 232666                     /usr/local/lib/python3.10/dist-packages/tensorflow/python/lib_pywrap_tensorflow_common.so
777029650000-77702967a000 rw-p 004c5000 08:40 232666                     /usr/local/lib/python3.10/dist-packages/tensorflow/python/lib_pywrap_tensorflow_common.so
77702967a000-777047475000 r--p 00000000 08:40 230971                     /usr/local/lib/python3.10/dist-packages/tensorflow/libtensorflow_cc.so.2
777047475000-77705d14c000 r-xp 1ddfa000 08:40 230971                     /usr/local/lib/python3.10/dist-packages/tensorflow/libtensorflow_cc.so.2
77705d14c000-77705d87c000 r--p 33ad0000 08:40 230971                     /usr/local/lib/python3.10/dist-packages/tensorflow/libtensorflow_cc.so.2
77705d87c000-77705da60000 rw-p 341ff000 08:40 230971                     /usr/local/lib/python3.10/dist-packages/tensorflow/libtensorflow_cc.so.2
77705da60000-77705db3a000 rw-p 00000000 00:00 0 
77705db3a000-777063008000 r--p 00000000 08:40 230972                     /usr/local/lib/python3.10/dist-packages/tensorflow/libtensorflow_framework.so.2
777063008000-777065dc1000 r-xp 054cd000 08:40 230972                     /usr/local/lib/python3.10/dist-packages/tensorflow/libtensorflow_framework.so.2
777065dc1000-777065e88000 r--p 08285000 08:40 230972                     /usr/local/lib/python3.10/dist-packages/tensorflow/libtensorflow_framework.so.2
777065e88000-777065f74000 rw-p 0834b000 08:40 230972                     /usr/local/lib/python3.10/dist-packages/tensorflow/libtensorflow_framework.so.2
777065f74000-777065f91000 rw-p 00000000 00:00 0 
777065f91000-777065f9b000 r--p 00000000 08:40 233328                     /usr/local/lib/python3.10/dist-packages/tensorflow/python/platform/_pywrap_cpu_feature_guard.so
777065f9b000-777065fae000 r-xp 00009000 08:40 233328                     /usr/local/lib/python3.10/dist-packages/tensorflow/python/platform/_pywrap_cpu_feature_guard.so
777065fae000-777065faf000 r--p 0001b000 08:40 233328                     /usr/local/lib/python3.10/dist-packages/tensorflow/python/platform/_pywrap_cpu_feature_guard.so
777065faf000-777065fb1000 rw-p 0001b000 08:40 233328                     /usr/local/lib/python3.10/dist-packages/tensorflow/python/platform/_pywrap_cpu_feature_guard.so
777065fb1000-777065fb6000 r--p 00000000 08:40 207552                     /usr/local/lib/python3.10/dist-packages/sklearn/utils/_random.cpython-310-x86_64-linux-gnu.so
777065fb6000-777065fdb000 r-xp 00005000 08:40 207552                     /usr/local/lib/python3.10/dist-packages/sklearn/utils/_random.cpython-310-x86_64-linux-gnu.so
777065fdb000-777065fe3000 r--p 0002a000 08:40 207552                     /usr/local/lib/python3.10/dist-packages/sklearn/utils/_random.cpython-310-x86_64-linux-gnu.so
777065fe3000-777065fe4000 ---p 00032000 08:40 207552                     /usr/local/lib/python3.10/dist-packages/sklearn/utils/_random.cpython-310-x86_64-linux-gnu.so
777065fe4000-777065fe5000 r--p 00032000 08:40 207552                     /usr/local/lib/python3.10/dist-packages/sklearn/utils/_random.cpython-310-x86_64-linux-gnu.so
777065fe5000-777065fe6000 rw-p 00033000 08:40 207552                     /usr/local/lib/python3.10/dist-packages/sklearn/utils/_random.cpython-310-x86_64-linux-gnu.so
777065fe6000-7770660e7000 rw-p 00000000 00:00 0 
7770660e7000-7770660eb000 r--p 00000000 08:40 207051                     /usr/local/lib/python3.10/dist-packages/sklearn/metrics/_pairwise_fast.cpython-310-x86_64-linux-gnu.so
7770660eb000-777066103000 r-xp 00004000 08:40 207051                     /usr/local/lib/python3.10/dist-packages/sklearn/metrics/_pairwise_fast.cpython-310-x86_64-linux-gnu.so
777066103000-777066108000 r--p 0001c000 08:40 207051                     /usr/local/lib/python3.10/dist-packages/sklearn/metrics/_pairwise_fast.cpython-310-x86_64-linux-gnu.so
777066108000-777066109000 ---p 00021000 08:40 207051                     /usr/local/lib/python3.10/dist-packages/sklearn/metrics/_pairwise_fast.cpython-310-x86_64-linux-gnu.so
777066109000-77706610a000 r--p 00021000 08:40 207051                     /usr/local/lib/python3.10/dist-packages/sklearn/metrics/_pairwise_fast.cpython-310-x86_64-linux-gnu.so
77706610a000-77706610b000 rw-p 00022000 08:40 207051                     /usr/local/lib/python3.10/dist-packages/sklearn/metrics/_pairwise_fast.cpython-310-x86_64-linux-gnu.so
77706610b000-77706610c000 rw-p 00000000 00:00 0 
77706610c000-77706610e000 rw-p 00029000 08:40 207051                     /usr/local/lib/python3.10/dist-packages/sklearn/metrics/_pairwise_fast.cpython-310-x86_64-linux-gnu.so
77706610e000-77706610f000 rw-p 0002b000 08:40 207051                     /usr/local/lib/python3.10/dist-packages/sklearn/metrics/_pairwise_fast.cpython-310-x86_64-linux-gnu.so
77706610f000-777066114000 r--p 00000000 08:40 207048                     /usr/local/lib/python3.10/dist-packages/sklearn/metrics/_pairwise_distances_reduction/_radius_neighbors_classmode.cpython-310-x86_64-linux-gnu.so
777066114000-77706612b000 r-xp 00005000 08:40 207048                     /usr/local/lib/python3.10/dist-packages/sklearn/metrics/_pairwise_distances_reduction/_radius_neighbors_classmode.cpython-310-x86_64-linux-gnu.so
77706612b000-777066131000 r--p 0001c000 08:40 207048                     /usr/local/lib/python3.10/dist-packages/sklearn/metrics/_pairwise_distances_reduction/_radius_neighbors_classmode.cpython-310-x86_64-linux-gnu.so
777066131000-777066132000 ---p 00022000 08:40 207048                     /usr/local/lib/python3.10/dist-packages/sklearn/metrics/_pairwise_distances_reduction/_radius_neighbors_classmode.cpython-310-x86_64-linux-gnu.so
777066132000-777066133000 r--p 00022000 08:40 207048                     /usr/local/lib/python3.10/dist-packages/sklearn/metrics/_pairwise_distances_reduction/_radius_neighbors_classmode.cpython-310-x86_64-linux-gnu.so
777066133000-777066134000 rw-p 00023000 08:40 207048                     /usr/local/lib/python3.10/dist-packages/sklearn/metrics/_pairwise_distances_reduction/_radius_neighbors_classmode.cpython-310-x86_64-linux-gnu.so
777066134000-777066135000 rw-p 00000000 00:00 0 
777066135000-777066137000 rw-p 0002f000 08:40 207048                     /usr/local/lib/python3.10/dist-packages/sklearn/metrics/_pairwise_distances_reduction/_radius_neighbors_classmode.cpython-310-x86_64-linux-gnu.so
777066137000-777066138000 rw-p 00031000 08:40 207048                     /usr/local/lib/python3.10/dist-packages/sklearn/metrics/_pairwise_distances_reduction/_radius_neighbors_classmode.cpython-310-x86_64-linux-gnu.so
777066138000-77706613d000 r--p 00000000 08:40 207598                     /usr/local/lib/python3.10/dist-packages/sklearn/utils/_vector_sentinel.cpython-310-x86_64-linux-gnu.so
77706613d000-777066150000 r-xp 00005000 08:40 207598                     /usr/local/lib/python3.10/dist-packages/sklearn/utils/_vector_sentinel.cpython-310-x86_64-linux-gnu.so
777066150000-777066155000 r--p 00018000 08:40 207598                     /usr/local/lib/python3.10/dist-packages/sklearn/utils/_vector_sentinel.cpython-310-x86_64-linux-gnu.so
777066155000-777066156000 ---p 0001d000 08:40 207598                     /usr/local/lib/python3.10/dist-packages/sklearn/utils/_vector_sentinel.cpython-310-x86_64-linux-gnu.so
777066156000-777066157000 r--p 0001d000 08:40 207598                     /usr/local/lib/python3.10/dist-packages/sklearn/utils/_vector_sentinel.cpython-310-x86_64-linux-gnu.so
777066157000-777066159000 rw-p 0001e000 08:40 207598                     /usr/local/lib/python3.10/dist-packages/sklearn/utils/_vector_sentinel.cpython-310-x86_64-linux-gnu.so
777066159000-77706615f000 r--p 00000000 08:40 207045                     /usr/local/lib/python3.10/dist-packages/sklearn/metrics/_pairwise_distances_reduction/_radius_neighbors.cpython-310-x86_64-linux-gnu.so
77706615f000-777066181000 r-xp 00006000 08:40 207045                     /usr/local/lib/python3.10/dist-packages/sklearn/metrics/_pairwise_distances_reduction/_radius_neighbors.cpython-310-x86_64-linux-gnu.so
777066181000-77706618a000 r--p 00028000 08:40 207045                     /usr/local/lib/python3.10/dist-packages/sklearn/metrics/_pairwise_distances_reduction/_radius_neighbors.cpython-310-x86_64-linux-gnu.so
77706618a000-77706618b000 ---p 00031000 08:40 207045                     /usr/local/lib/python3.10/dist-packages/sklearn/metrics/_pairwise_distances_reduction/_radius_neighbors.cpython-310-x86_64-linux-gnu.so
77706618b000-77706618c000 r--p 00031000 08:40 207045                     /usr/local/lib/python3.10/dist-packages/sklearn/metrics/_pairwise_distances_reduction/_radius_neighbors.cpython-310-x86_64-linux-gnu.so
77706618c000-77706618e000 rw-p 00032000 08:40 207045                     /usr/local/lib/python3.10/dist-packages/sklearn/metrics/_pairwise_distances_reduction/_radius_neighbors.cpython-310-x86_64-linux-gnu.so
77706618e000-77706618f000 rw-p 00000000 00:00 0 
77706618f000-777066191000 rw-p 00045000 08:40 207045                     /usr/local/lib/python3.10/dist-packages/sklearn/metrics/_pairwise_distances_reduction/_radius_neighbors.cpython-310-x86_64-linux-gnu.so
777066191000-777066193000 rw-p 00047000 08:40 207045                     /usr/local/lib/python3.10/dist-packages/sklearn/metrics/_pairwise_distances_reduction/_radius_neighbors.cpython-310-x86_64-linux-gnu.so
777066193000-777066197000 r--p 00000000 08:40 207032                     /usr/local/lib/python3.10/dist-packages/sklearn/metrics/_pairwise_distances_reduction/_argkmin_classmode.cpython-310-x86_64-linux-gnu.so
777066197000-7770661aa000 r-xp 00004000 08:40 207032                     /usr/local/lib/python3.10/dist-packages/sklearn/metrics/_pairwise_distances_reduction/_argkmin_classmode.cpython-310-x86_64-linux-gnu.so
7770661aa000-7770661b0000 r--p 00017000 08:40 207032                     /usr/local/lib/python3.10/dist-packages/sklearn/metrics/_pairwise_distances_reduction/_argkmin_classmode.cpython-310-x86_64-linux-gnu.so
7770661b0000-7770661b1000 r--p 0001c000 08:40 207032                     /usr/local/lib/python3.10/dist-packages/sklearn/metrics/_pairwise_distances_reduction/_argkmin_classmode.cpython-310-x86_64-linux-gnu.so
7770661b1000-7770661b2000 rw-p 0001d000 08:40 207032                     /usr/local/lib/python3.10/dist-packages/sklearn/metrics/_pairwise_distances_reduction/_argkmin_classmode.cpython-310-x86_64-linux-gnu.so
7770661b2000-7770661b3000 rw-p 00000000 00:00 0 
7770661b3000-7770661b5000 rw-p 00027000 08:40 207032                     /usr/local/lib/python3.10/dist-packages/sklearn/metrics/_pairwise_distances_reduction/_argkmin_classmode.cpython-310-x86_64-linux-gnu.so
7770661b5000-7770661b6000 rw-p 00029000 08:40 207032                     /usr/local/lib/python3.10/dist-packages/sklearn/metrics/_pairwise_distances_reduction/_argkmin_classmode.cpython-310-x86_64-linux-gnu.so
7770661b6000-7770661bc000 r--p 00000000 08:40 207042                     /usr/local/lib/python3.10/dist-packages/sklearn/metrics/_pairwise_distances_reduction/_middle_term_computer.cpython-310-x86_64-linux-gnu.so
7770661bc000-7770661f2000 r-xp 00006000 08:40 207042                     /usr/local/lib/python3.10/dist-packages/sklearn/metrics/_pairwise_distances_reduction/_middle_term_computer.cpython-310-x86_64-linux-gnu.so
7770661f2000-7770661fe000 r--p 0003c000 08:40 207042                     /usr/local/lib/python3.10/dist-packages/sklearn/metrics/_pairwise_distances_reduction/_middle_term_computer.cpython-310-x86_64-linux-gnu.so
7770661fe000-7770661ff000 r--p 00047000 08:40 207042                     /usr/local/lib/python3.10/dist-packages/sklearn/metrics/_pairwise_distances_reduction/_middle_term_computer.cpython-310-x86_64-linux-gnu.so
7770661ff000-777066201000 rw-p 00048000 08:40 207042                     /usr/local/lib/python3.10/dist-packages/sklearn/metrics/_pairwise_distances_reduction/_middle_term_computer.cpython-310-x86_64-linux-gnu.so
777066201000-777066202000 rw-p 00000000 00:00 0 
777066202000-777066207000 r--p 00000000 08:40 207527                     /usr/local/lib/python3.10/dist-packages/sklearn/utils/_cython_blas.cpython-310-x86_64-linux-gnu.so
777066207000-777066246000 r-xp 00005000 08:40 207527                     /usr/local/lib/python3.10/dist-packages/sklearn/utils/_cython_blas.cpython-310-x86_64-linux-gnu.so
777066246000-77706624f000 r--p 00044000 08:40 207527                     /usr/local/lib/python3.10/dist-packages/sklearn/utils/_cython_blas.cpython-310-x86_64-linux-gnu.so
77706624f000-777066250000 r--p 0004c000 08:40 207527                     /usr/local/lib/python3.10/dist-packages/sklearn/utils/_cython_blas.cpython-310-x86_64-linux-gnu.so
777066250000-777066252000 rw-p 0004d000 08:40 207527                     /usr/local/lib/python3.10/dist-packages/sklearn/utils/_cython_blas.cpython-310-x86_64-linux-gnu.so
777066252000-777066258000 r--p 00000000 08:40 207038                     /usr/local/lib/python3.10/dist-packages/sklearn/metrics/_pairwise_distances_reduction/_datasets_pair.cpython-310-x86_64-linux-gnu.so
777066258000-77706628c000 r-xp 00006000 08:40 207038                     /usr/local/lib/python3.10/dist-packages/sklearn/metrics/_pairwise_distances_reduction/_datasets_pair.cpython-310-x86_64-linux-gnu.so
77706628c000-777066298000 r--p 0003a000 08:40 207038                     /usr/local/lib/python3.10/dist-packages/sklearn/metrics/_pairwise_distances_reduction/_datasets_pair.cpython-310-x86_64-linux-gnu.so
777066298000-777066299000 ---p 00046000 08:40 207038                     /usr/local/lib/python3.10/dist-packages/sklearn/metrics/_pairwise_distances_reduction/_datasets_pair.cpython-310-x86_64-linux-gnu.so
777066299000-77706629a000 r--p 00046000 08:40 207038                     /usr/local/lib/python3.10/dist-packages/sklearn/metrics/_pairwise_distances_reduction/_datasets_pair.cpython-310-x86_64-linux-gnu.so
77706629a000-77706629d000 rw-p 00047000 08:40 207038                     /usr/local/lib/python3.10/dist-packages/sklearn/metrics/_pairwise_distances_reduction/_datasets_pair.cpython-310-x86_64-linux-gnu.so
77706629d000-7770662a2000 r--p 00000000 08:40 207034                     /usr/local/lib/python3.10/dist-packages/sklearn/metrics/_pairwise_distances_reduction/_base.cpython-310-x86_64-linux-gnu.so
7770662a2000-7770662be000 r-xp 00005000 08:40 207034                     /usr/local/lib/python3.10/dist-packages/sklearn/metrics/_pairwise_distances_reduction/_base.cpython-310-x86_64-linux-gnu.so
7770662be000-7770662c5000 r--p 00021000 08:40 207034                     /usr/local/lib/python3.10/dist-packages/sklearn/metrics/_pairwise_distances_reduction/_base.cpython-310-x86_64-linux-gnu.so
7770662c5000-7770662c6000 r--p 00027000 08:40 207034                     /usr/local/lib/python3.10/dist-packages/sklearn/metrics/_pairwise_distances_reduction/_base.cpython-310-x86_64-linux-gnu.so
7770662c6000-7770662c8000 rw-p 00028000 08:40 207034                     /usr/local/lib/python3.10/dist-packages/sklearn/metrics/_pairwise_distances_reduction/_base.cpython-310-x86_64-linux-gnu.so
7770662c8000-7770662ca000 rw-p 00037000 08:40 207034                     /usr/local/lib/python3.10/dist-packages/sklearn/metrics/_pairwise_distances_reduction/_base.cpython-310-x86_64-linux-gnu.so
7770662ca000-7770662cb000 rw-p 00039000 08:40 207034                     /usr/local/lib/python3.10/dist-packages/sklearn/metrics/_pairwise_distances_reduction/_base.cpython-310-x86_64-linux-gnu.so
7770662cb000-7770662d4000 r--p 00000000 08:40 207020                     /usr/local/lib/python3.10/dist-packages/sklearn/metrics/_dist_metrics.cpython-310-x86_64-linux-gnu.so
7770662d4000-777066332000 r-xp 00009000 08:40 207020                     /usr/local/lib/python3.10/dist-packages/sklearn/metrics/_dist_metrics.cpython-310-x86_64-linux-gnu.so
777066332000-777066347000 r--p 00067000 08:40 207020                     /usr/local/lib/python3.10/dist-packages/sklearn/metrics/_dist_metrics.cpython-310-x86_64-linux-gnu.so
777066347000-777066349000 r--p 0007b000 08:40 207020                     /usr/local/lib/python3.10/dist-packages/sklearn/metrics/_dist_metrics.cpython-310-x86_64-linux-gnu.so
777066349000-77706634f000 rw-p 0007d000 08:40 207020                     /usr/local/lib/python3.10/dist-packages/sklearn/metrics/_dist_metrics.cpython-310-x86_64-linux-gnu.so
77706634f000-777066352000 rw-p 00000000 00:00 0 
777066352000-777066357000 r--p 00000000 08:40 207295                     /usr/local/lib/python3.10/dist-packages/sklearn/preprocessing/_target_encoder_fast.cpython-310-x86_64-linux-gnu.so
777066357000-7770663a3000 r-xp 00005000 08:40 207295                     /usr/local/lib/python3.10/dist-packages/sklearn/preprocessing/_target_encoder_fast.cpython-310-x86_64-linux-gnu.so
7770663a3000-7770663aa000 r--p 00051000 08:40 207295                     /usr/local/lib/python3.10/dist-packages/sklearn/preprocessing/_target_encoder_fast.cpython-310-x86_64-linux-gnu.so
7770663aa000-7770663ab000 ---p 00058000 08:40 207295                     /usr/local/lib/python3.10/dist-packages/sklearn/preprocessing/_target_encoder_fast.cpython-310-x86_64-linux-gnu.so
7770663ab000-7770663ac000 r--p 00058000 08:40 207295                     /usr/local/lib/python3.10/dist-packages/sklearn/preprocessing/_target_encoder_fast.cpython-310-x86_64-linux-gnu.so
7770663ac000-7770663ae000 rw-p 00059000 08:40 207295                     /usr/local/lib/python3.10/dist-packages/sklearn/preprocessing/_target_encoder_fast.cpython-310-x86_64-linux-gnu.so
7770663ae000-7770663b3000 r--p 00000000 08:40 207286                     /usr/local/lib/python3.10/dist-packages/sklearn/preprocessing/_csr_polynomial_expansion.cpython-310-x86_64-linux-gnu.so
7770663b3000-7770663f5000 r-xp 00005000 08:40 207286                     /usr/local/lib/python3.10/dist-packages/sklearn/preprocessing/_csr_polynomial_expansion.cpython-310-x86_64-linux-gnu.so
7770663f5000-7770663fc000 r--p 00047000 08:40 207286                     /usr/local/lib/python3.10/dist-packages/sklearn/preprocessing/_csr_polynomial_expansion.cpython-310-x86_64-linux-gnu.so
7770663fc000-7770663fd000 ---p 0004e000 08:40 207286                     /usr/local/lib/python3.10/dist-packages/sklearn/preprocessing/_csr_polynomial_expansion.cpython-310-x86_64-linux-gnu.so
7770663fd000-7770663fe000 r--p 0004e000 08:40 207286                     /usr/local/lib/python3.10/dist-packages/sklearn/preprocessing/_csr_polynomial_expansion.cpython-310-x86_64-linux-gnu.so
7770663fe000-777066400000 rw-p 0004f000 08:40 207286                     /usr/local/lib/python3.10/dist-packages/sklearn/preprocessing/_csr_polynomial_expansion.cpython-310-x86_64-linux-gnu.so
777066400000-777066425000 r-xp 00000000 08:40 203200                     /usr/local/lib/python3.10/dist-packages/scikit_learn.libs/libgomp-a34b3233.so.1.0.0
777066425000-777066624000 ---p 00025000 08:40 203200                     /usr/local/lib/python3.10/dist-packages/scikit_learn.libs/libgomp-a34b3233.so.1.0.0
777066624000-777066625000 r--p 00024000 08:40 203200                     /usr/local/lib/python3.10/dist-packages/scikit_learn.libs/libgomp-a34b3233.so.1.0.0
777066625000-777066626000 rw-p 00025000 08:40 203200                     /usr/local/lib/python3.10/dist-packages/scikit_learn.libs/libgomp-a34b3233.so.1.0.0
777066626000-77706662a000 rw-p 00026000 08:40 203200                     /usr/local/lib/python3.10/dist-packages/scikit_learn.libs/libgomp-a34b3233.so.1.0.0
77706662a000-777066632000 rw-s 00000000 08:40 804991                     /tmp/hsperfdata_root/581615
777066632000-777066636000 r--p 00000000 08:40 235403                     /usr/local/lib/python3.10/dist-packages/wrapt/_wrappers.cpython-310-x86_64-linux-gnu.so
777066636000-77706663c000 r-xp 00004000 08:40 235403                     /usr/local/lib/python3.10/dist-packages/wrapt/_wrappers.cpython-310-x86_64-linux-gnu.so
77706663c000-77706663f000 r--p 0000a000 08:40 235403                     /usr/local/lib/python3.10/dist-packages/wrapt/_wrappers.cpython-310-x86_64-linux-gnu.so
77706663f000-777066640000 r--p 0000c000 08:40 235403                     /usr/local/lib/python3.10/dist-packages/wrapt/_wrappers.cpython-310-x86_64-linux-gnu.so
777066640000-777066642000 rw-p 0000d000 08:40 235403                     /usr/local/lib/python3.10/dist-packages/wrapt/_wrappers.cpython-310-x86_64-linux-gnu.so
777066642000-777066647000 r--p 00000000 08:40 207029                     /usr/local/lib/python3.10/dist-packages/sklearn/metrics/_pairwise_distances_reduction/_argkmin.cpython-310-x86_64-linux-gnu.so
777066647000-777066668000 r-xp 00005000 08:40 207029                     /usr/local/lib/python3.10/dist-packages/sklearn/metrics/_pairwise_distances_reduction/_argkmin.cpython-310-x86_64-linux-gnu.so
777066668000-777066670000 r--p 00026000 08:40 207029                     /usr/local/lib/python3.10/dist-packages/sklearn/metrics/_pairwise_distances_reduction/_argkmin.cpython-310-x86_64-linux-gnu.so
777066670000-777066671000 r--p 0002d000 08:40 207029                     /usr/local/lib/python3.10/dist-packages/sklearn/metrics/_pairwise_distances_reduction/_argkmin.cpython-310-x86_64-linux-gnu.so
777066671000-777066673000 rw-p 0002e000 08:40 207029                     /usr/local/lib/python3.10/dist-packages/sklearn/metrics/_pairwise_distances_reduction/_argkmin.cpython-310-x86_64-linux-gnu.so
777066673000-777066674000 rw-p 00000000 00:00 0 
777066674000-777066676000 rw-p 0003f000 08:40 207029                     /usr/local/lib/python3.10/dist-packages/sklearn/metrics/_pairwise_distances_reduction/_argkmin.cpython-310-x86_64-linux-gnu.so
777066676000-777066677000 rw-p 00041000 08:40 207029                     /usr/local/lib/python3.10/dist-packages/sklearn/metrics/_pairwise_distances_reduction/_argkmin.cpython-310-x86_64-linux-gnu.so
777066677000-777066777000 rw-p 00000000 00:00 0 
777066777000-77706677c000 r--p 00000000 08:40 207624                     /usr/local/lib/python3.10/dist-packages/sklearn/utils/sparsefuncs_fast.cpython-310-x86_64-linux-gnu.so
77706677c000-777066815000 r-xp 00005000 08:40 207624                     /usr/local/lib/python3.10/dist-packages/sklearn/utils/sparsefuncs_fast.cpython-310-x86_64-linux-gnu.so
777066815000-777066821000 r--p 0009e000 08:40 207624                     /usr/local/lib/python3.10/dist-packages/sklearn/utils/sparsefuncs_fast.cpython-310-x86_64-linux-gnu.so
777066821000-777066823000 r--p 000a9000 08:40 207624                     /usr/local/lib/python3.10/dist-packages/sklearn/utils/sparsefuncs_fast.cpython-310-x86_64-linux-gnu.so
777066823000-777066825000 rw-p 000ab000 08:40 207624                     /usr/local/lib/python3.10/dist-packages/sklearn/utils/sparsefuncs_fast.cpython-310-x86_64-linux-gnu.so
777066825000-777066b26000 rw-p 00000000 00:00 0 
777066b26000-777066b61000 r--p 00000000 08:40 371226                     /usr/local/lib/python3.10/dist-packages/_jpype.cpython-310-x86_64-linux-gnu.so
777066b61000-777066bb5000 r-xp 0003b000 08:40 371226                     /usr/local/lib/python3.10/dist-packages/_jpype.cpython-310-x86_64-linux-gnu.so
777066bb5000-777066bde000 r--p 0008f000 08:40 371226                     /usr/local/lib/python3.10/dist-packages/_jpype.cpython-310-x86_64-linux-gnu.so
777066bde000-777066be2000 r--p 000b7000 08:40 371226                     /usr/local/lib/python3.10/dist-packages/_jpype.cpython-310-x86_64-linux-gnu.so
777066be2000-777066be6000 rw-p 000bb000 08:40 371226                     /usr/local/lib/python3.10/dist-packages/_jpype.cpython-310-x86_64-linux-gnu.so
777066be6000-7770670e7000 rw-p 00000000 00:00 0 
7770670e7000-7770670ec000 r--p 00000000 08:40 204324                     /usr/local/lib/python3.10/dist-packages/scipy/ndimage/_ni_label.cpython-310-x86_64-linux-gnu.so
7770670ec000-777067138000 r-xp 00005000 08:40 204324                     /usr/local/lib/python3.10/dist-packages/scipy/ndimage/_ni_label.cpython-310-x86_64-linux-gnu.so
777067138000-777067141000 r--p 00051000 08:40 204324                     /usr/local/lib/python3.10/dist-packages/scipy/ndimage/_ni_label.cpython-310-x86_64-linux-gnu.so
777067141000-777067142000 ---p 0005a000 08:40 204324                     /usr/local/lib/python3.10/dist-packages/scipy/ndimage/_ni_label.cpython-310-x86_64-linux-gnu.so
777067142000-777067143000 r--p 0005a000 08:40 204324                     /usr/local/lib/python3.10/dist-packages/scipy/ndimage/_ni_label.cpython-310-x86_64-linux-gnu.so
777067143000-777067146000 rw-p 0005b000 08:40 204324                     /usr/local/lib/python3.10/dist-packages/scipy/ndimage/_ni_label.cpython-310-x86_64-linux-gnu.so
777067146000-777067147000 r--p 00000000 08:40 204326                     /usr/local/lib/python3.10/dist-packages/scipy/ndimage/_rank_filter_1d.cpython-310-x86_64-linux-gnu.so
777067147000-77706714a000 r-xp 00001000 08:40 204326                     /usr/local/lib/python3.10/dist-packages/scipy/ndimage/_rank_filter_1d.cpython-310-x86_64-linux-gnu.so
77706714a000-77706714b000 r--p 00004000 08:40 204326                     /usr/local/lib/python3.10/dist-packages/scipy/ndimage/_rank_filter_1d.cpython-310-x86_64-linux-gnu.so
77706714b000-77706714c000 r--p 00004000 08:40 204326                     /usr/local/lib/python3.10/dist-packages/scipy/ndimage/_rank_filter_1d.cpython-310-x86_64-linux-gnu.so
77706714c000-77706714d000 rw-p 00005000 08:40 204326                     /usr/local/lib/python3.10/dist-packages/scipy/ndimage/_rank_filter_1d.cpython-310-x86_64-linux-gnu.so
77706714d000-77706714f000 r--p 00000000 08:40 204321                     /usr/local/lib/python3.10/dist-packages/scipy/ndimage/_nd_image.cpython-310-x86_64-linux-gnu.so
77706714f000-77706716a000 r-xp 00002000 08:40 204321                     /usr/local/lib/python3.10/dist-packages/scipy/ndimage/_nd_image.cpython-310-x86_64-linux-gnu.so
77706716a000-77706716e000 r--p 0001d000 08:40 204321                     /usr/local/lib/python3.10/dist-packages/scipy/ndimage/_nd_image.cpython-310-x86_64-linux-gnu.so
77706716e000-77706716f000 r--p 00020000 08:40 204321                     /usr/local/lib/python3.10/dist-packages/scipy/ndimage/_nd_image.cpython-310-x86_64-linux-gnu.so
77706716f000-777067170000 rw-p 00021000 08:40 204321                     /usr/local/lib/python3.10/dist-packages/scipy/ndimage/_nd_image.cpython-310-x86_64-linux-gnu.so
777067170000-777067270000 rw-p 00000000 00:00 0 
777067270000-777067275000 r--p 00000000 08:40 205595                     /usr/local/lib/python3.10/dist-packages/scipy/stats/_rcont/rcont.cpython-310-x86_64-linux-gnu.so
777067275000-77706729d000 r-xp 00005000 08:40 205595                     /usr/local/lib/python3.10/dist-packages/scipy/stats/_rcont/rcont.cpython-310-x86_64-linux-gnu.so
77706729d000-7770672a6000 r--p 0002d000 08:40 205595                     /usr/local/lib/python3.10/dist-packages/scipy/stats/_rcont/rcont.cpython-310-x86_64-linux-gnu.so
7770672a6000-7770672a7000 ---p 00036000 08:40 205595                     /usr/local/lib/python3.10/dist-packages/scipy/stats/_rcont/rcont.cpython-310-x86_64-linux-gnu.so
7770672a7000-7770672a8000 r--p 00036000 08:40 205595                     /usr/local/lib/python3.10/dist-packages/scipy/stats/_rcont/rcont.cpython-310-x86_64-linux-gnu.so
7770672a8000-7770672aa000 rw-p 00037000 08:40 205595                     /usr/local/lib/python3.10/dist-packages/scipy/stats/_rcont/rcont.cpython-310-x86_64-linux-gnu.so
7770672aa000-7770672ab000 rw-p 00000000 00:00 0 
7770672ab000-7770672ad000 r--p 00000000 08:40 205582                     /usr/local/lib/python3.10/dist-packages/scipy/stats/_mvn.cpython-310-x86_64-linux-gnu.so
7770672ad000-7770672b6000 r-xp 00002000 08:40 205582                     /usr/local/lib/python3.10/dist-packages/scipy/stats/_mvn.cpython-310-x86_64-linux-gnu.so
7770672b6000-7770672bc000 r--p 0000b000 08:40 205582                     /usr/local/lib/python3.10/dist-packages/scipy/stats/_mvn.cpython-310-x86_64-linux-gnu.so
7770672bc000-7770672bd000 r--p 00010000 08:40 205582                     /usr/local/lib/python3.10/dist-packages/scipy/stats/_mvn.cpython-310-x86_64-linux-gnu.so
7770672bd000-7770672bf000 rw-p 00011000 08:40 205582                     /usr/local/lib/python3.10/dist-packages/scipy/stats/_mvn.cpython-310-x86_64-linux-gnu.so
7770672bf000-7770674b6000 rw-p 00000000 00:00 0 
7770674b6000-7770674bb000 r--p 00000000 08:40 205547                     /usr/local/lib/python3.10/dist-packages/scipy/stats/_ansari_swilk_statistics.cpython-310-x86_64-linux-gnu.so
7770674bb000-7770674e8000 r-xp 00005000 08:40 205547                     /usr/local/lib/python3.10/dist-packages/scipy/stats/_ansari_swilk_statistics.cpython-310-x86_64-linux-gnu.so
7770674e8000-7770674f0000 r--p 00032000 08:40 205547                     /usr/local/lib/python3.10/dist-packages/scipy/stats/_ansari_swilk_statistics.cpython-310-x86_64-linux-gnu.so
7770674f0000-7770674f1000 r--p 00039000 08:40 205547                     /usr/local/lib/python3.10/dist-packages/scipy/stats/_ansari_swilk_statistics.cpython-310-x86_64-linux-gnu.so
7770674f1000-7770674f3000 rw-p 0003a000 08:40 205547                     /usr/local/lib/python3.10/dist-packages/scipy/stats/_ansari_swilk_statistics.cpython-310-x86_64-linux-gnu.so
7770674f3000-7770674f4000 rw-p 00000000 00:00 0 
7770674f4000-7770674f7000 r--p 00000000 08:40 205574                     /usr/local/lib/python3.10/dist-packages/scipy/stats/_levy_stable/levyst.cpython-310-x86_64-linux-gnu.so
7770674f7000-7770674fe000 r-xp 00003000 08:40 205574                     /usr/local/lib/python3.10/dist-packages/scipy/stats/_levy_stable/levyst.cpython-310-x86_64-linux-gnu.so
7770674fe000-777067500000 r--p 0000a000 08:40 205574                     /usr/local/lib/python3.10/dist-packages/scipy/stats/_levy_stable/levyst.cpython-310-x86_64-linux-gnu.so
777067500000-777067501000 r--p 0000b000 08:40 205574                     /usr/local/lib/python3.10/dist-packages/scipy/stats/_levy_stable/levyst.cpython-310-x86_64-linux-gnu.so
777067501000-777067502000 rw-p 0000c000 08:40 205574                     /usr/local/lib/python3.10/dist-packages/scipy/stats/_levy_stable/levyst.cpython-310-x86_64-linux-gnu.so
777067502000-777067602000 rw-p 00000000 00:00 0 
777067602000-777067606000 r--p 00000000 08:40 205608                     /usr/local/lib/python3.10/dist-packages/scipy/stats/_stats_pythran.cpython-310-x86_64-linux-gnu.so
777067606000-777067620000 r-xp 00004000 08:40 205608                     /usr/local/lib/python3.10/dist-packages/scipy/stats/_stats_pythran.cpython-310-x86_64-linux-gnu.so
777067620000-777067626000 r--p 0001e000 08:40 205608                     /usr/local/lib/python3.10/dist-packages/scipy/stats/_stats_pythran.cpython-310-x86_64-linux-gnu.so
777067626000-777067627000 r--p 00023000 08:40 205608                     /usr/local/lib/python3.10/dist-packages/scipy/stats/_stats_pythran.cpython-310-x86_64-linux-gnu.so
777067627000-777067628000 rw-p 00024000 08:40 205608                     /usr/local/lib/python3.10/dist-packages/scipy/stats/_stats_pythran.cpython-310-x86_64-linux-gnu.so
777067628000-77706762d000 r--p 00000000 08:40 205549                     /usr/local/lib/python3.10/dist-packages/scipy/stats/_biasedurn.cpython-310-x86_64-linux-gnu.so
77706762d000-777067657000 r-xp 00005000 08:40 205549                     /usr/local/lib/python3.10/dist-packages/scipy/stats/_biasedurn.cpython-310-x86_64-linux-gnu.so
777067657000-777067663000 r--p 0002f000 08:40 205549                     /usr/local/lib/python3.10/dist-packages/scipy/stats/_biasedurn.cpython-310-x86_64-linux-gnu.so
777067663000-777067664000 r--p 0003a000 08:40 205549                     /usr/local/lib/python3.10/dist-packages/scipy/stats/_biasedurn.cpython-310-x86_64-linux-gnu.so
777067664000-777067667000 rw-p 0003b000 08:40 205549                     /usr/local/lib/python3.10/dist-packages/scipy/stats/_biasedurn.cpython-310-x86_64-linux-gnu.so
777067667000-77706776a000 rw-p 00000000 00:00 0 
77706776a000-777067770000 r--p 00000000 08:40 205588                     /usr/local/lib/python3.10/dist-packages/scipy/stats/_qmc_cy.cpython-310-x86_64-linux-gnu.so
777067770000-77706779b000 r-xp 00006000 08:40 205588                     /usr/local/lib/python3.10/dist-packages/scipy/stats/_qmc_cy.cpython-310-x86_64-linux-gnu.so
77706779b000-7770677a4000 r--p 00031000 08:40 205588                     /usr/local/lib/python3.10/dist-packages/scipy/stats/_qmc_cy.cpython-310-x86_64-linux-gnu.so
7770677a4000-7770677a5000 r--p 00039000 08:40 205588                     /usr/local/lib/python3.10/dist-packages/scipy/stats/_qmc_cy.cpython-310-x86_64-linux-gnu.so
7770677a5000-7770677a7000 rw-p 0003a000 08:40 205588                     /usr/local/lib/python3.10/dist-packages/scipy/stats/_qmc_cy.cpython-310-x86_64-linux-gnu.so
7770677a7000-7770677a8000 rw-p 00000000 00:00 0 
7770677a8000-7770677ad000 r--p 00000000 08:40 205601                     /usr/local/lib/python3.10/dist-packages/scipy/stats/_sobol.cpython-310-x86_64-linux-gnu.so
7770677ad000-7770677f5000 r-xp 00005000 08:40 205601                     /usr/local/lib/python3.10/dist-packages/scipy/stats/_sobol.cpython-310-x86_64-linux-gnu.so
7770677f5000-7770677ff000 r--p 0004d000 08:40 205601                     /usr/local/lib/python3.10/dist-packages/scipy/stats/_sobol.cpython-310-x86_64-linux-gnu.so
7770677ff000-777067800000 r--p 00056000 08:40 205601                     /usr/local/lib/python3.10/dist-packages/scipy/stats/_sobol.cpython-310-x86_64-linux-gnu.so
777067800000-777067803000 rw-p 00057000 08:40 205601                     /usr/local/lib/python3.10/dist-packages/scipy/stats/_sobol.cpython-310-x86_64-linux-gnu.so
777067803000-777067811000 r--p 00000000 08:40 205292                     /usr/local/lib/python3.10/dist-packages/scipy/special/cython_special.cpython-310-x86_64-linux-gnu.so
777067811000-777067ad6000 r-xp 0000e000 08:40 205292                     /usr/local/lib/python3.10/dist-packages/scipy/special/cython_special.cpython-310-x86_64-linux-gnu.so
777067ad6000-777067b1e000 r--p 002d3000 08:40 205292                     /usr/local/lib/python3.10/dist-packages/scipy/special/cython_special.cpython-310-x86_64-linux-gnu.so
777067b1e000-777067b1f000 r--p 0031a000 08:40 205292                     /usr/local/lib/python3.10/dist-packages/scipy/special/cython_special.cpython-310-x86_64-linux-gnu.so
777067b1f000-777067b24000 rw-p 0031b000 08:40 205292                     /usr/local/lib/python3.10/dist-packages/scipy/special/cython_special.cpython-310-x86_64-linux-gnu.so
777067b24000-777067b27000 rw-p 00000000 00:00 0 
777067b27000-777067b2d000 r--p 00000000 08:40 205604                     /usr/local/lib/python3.10/dist-packages/scipy/stats/_stats.cpython-310-x86_64-linux-gnu.so
777067b2d000-777067bc1000 r-xp 00006000 08:40 205604                     /usr/local/lib/python3.10/dist-packages/scipy/stats/_stats.cpython-310-x86_64-linux-gnu.so
777067bc1000-777067bcf000 r--p 0009a000 08:40 205604                     /usr/local/lib/python3.10/dist-packages/scipy/stats/_stats.cpython-310-x86_64-linux-gnu.so
777067bcf000-777067bd0000 r--p 000a7000 08:40 205604                     /usr/local/lib/python3.10/dist-packages/scipy/stats/_stats.cpython-310-x86_64-linux-gnu.so
777067bd0000-777067bd3000 rw-p 000a8000 08:40 205604                     /usr/local/lib/python3.10/dist-packages/scipy/stats/_stats.cpython-310-x86_64-linux-gnu.so
777067bd3000-777067bd5000 rw-p 00000000 00:00 0 
777067bd5000-777067bdb000 r--p 00000000 08:40 203719                     /usr/local/lib/python3.10/dist-packages/scipy/interpolate/_bspl.cpython-310-x86_64-linux-gnu.so
777067bdb000-777067c11000 r-xp 00006000 08:40 203719                     /usr/local/lib/python3.10/dist-packages/scipy/interpolate/_bspl.cpython-310-x86_64-linux-gnu.so
777067c11000-777067c1e000 r--p 0003c000 08:40 203719                     /usr/local/lib/python3.10/dist-packages/scipy/interpolate/_bspl.cpython-310-x86_64-linux-gnu.so
777067c1e000-777067c1f000 r--p 00048000 08:40 203719                     /usr/local/lib/python3.10/dist-packages/scipy/interpolate/_bspl.cpython-310-x86_64-linux-gnu.so
777067c1f000-777067c21000 rw-p 00049000 08:40 203719                     /usr/local/lib/python3.10/dist-packages/scipy/interpolate/_bspl.cpython-310-x86_64-linux-gnu.so
777067c21000-777067c22000 rw-p 00000000 00:00 0 
777067c22000-777067c25000 rw-p 0005f000 08:40 203719                     /usr/local/lib/python3.10/dist-packages/scipy/interpolate/_bspl.cpython-310-x86_64-linux-gnu.so
777067c25000-777067c27000 rw-p 00062000 08:40 203719                     /usr/local/lib/python3.10/dist-packages/scipy/interpolate/_bspl.cpython-310-x86_64-linux-gnu.so
777067c27000-777067c2c000 r--p 00000000 08:40 203740                     /usr/local/lib/python3.10/dist-packages/scipy/interpolate/_rgi_cython.cpython-310-x86_64-linux-gnu.so
777067c2c000-777067c5d000 r-xp 00005000 08:40 203740                     /usr/local/lib/python3.10/dist-packages/scipy/interpolate/_rgi_cython.cpython-310-x86_64-linux-gnu.so
777067c5d000-777067c65000 r--p 00036000 08:40 203740                     /usr/local/lib/python3.10/dist-packages/scipy/interpolate/_rgi_cython.cpython-310-x86_64-linux-gnu.so
777067c65000-777067c66000 r--p 0003d000 08:40 203740                     /usr/local/lib/python3.10/dist-packages/scipy/interpolate/_rgi_cython.cpython-310-x86_64-linux-gnu.so
777067c66000-777067c68000 rw-p 0003e000 08:40 203740                     /usr/local/lib/python3.10/dist-packages/scipy/interpolate/_rgi_cython.cpython-310-x86_64-linux-gnu.so
777067c68000-777067d69000 rw-p 00000000 00:00 0 
777067d69000-777067d6d000 r--p 00000000 08:40 203738                     /usr/local/lib/python3.10/dist-packages/scipy/interpolate/_rbfinterp_pythran.cpython-310-x86_64-linux-gnu.so
777067d6d000-777067d98000 r-xp 00004000 08:40 203738                     /usr/local/lib/python3.10/dist-packages/scipy/interpolate/_rbfinterp_pythran.cpython-310-x86_64-linux-gnu.so
777067d98000-777067d9e000 r--p 0002f000 08:40 203738                     /usr/local/lib/python3.10/dist-packages/scipy/interpolate/_rbfinterp_pythran.cpython-310-x86_64-linux-gnu.so
777067d9e000-777067d9f000 r--p 00034000 08:40 203738                     /usr/local/lib/python3.10/dist-packages/scipy/interpolate/_rbfinterp_pythran.cpython-310-x86_64-linux-gnu.so
777067d9f000-777067da0000 rw-p 00035000 08:40 203738                     /usr/local/lib/python3.10/dist-packages/scipy/interpolate/_rbfinterp_pythran.cpython-310-x86_64-linux-gnu.so
777067da0000-777067da6000 r--p 00000000 08:40 203729                     /usr/local/lib/python3.10/dist-packages/scipy/interpolate/_interpnd.cpython-310-x86_64-linux-gnu.so
777067da6000-777067df6000 r-xp 00006000 08:40 203729                     /usr/local/lib/python3.10/dist-packages/scipy/interpolate/_interpnd.cpython-310-x86_64-linux-gnu.so
777067df6000-777067e02000 r--p 00056000 08:40 203729                     /usr/local/lib/python3.10/dist-packages/scipy/interpolate/_interpnd.cpython-310-x86_64-linux-gnu.so
777067e02000-777067e03000 r--p 00061000 08:40 203729                     /usr/local/lib/python3.10/dist-packages/scipy/interpolate/_interpnd.cpython-310-x86_64-linux-gnu.so
777067e03000-777067e06000 rw-p 00062000 08:40 203729                     /usr/local/lib/python3.10/dist-packages/scipy/interpolate/_interpnd.cpython-310-x86_64-linux-gnu.so
777067e06000-777067e07000 rw-p 00000000 00:00 0 
777067e07000-777067e0c000 r--p 00000000 08:40 203735                     /usr/local/lib/python3.10/dist-packages/scipy/interpolate/_ppoly.cpython-310-x86_64-linux-gnu.so
777067e0c000-777067e62000 r-xp 00005000 08:40 203735                     /usr/local/lib/python3.10/dist-packages/scipy/interpolate/_ppoly.cpython-310-x86_64-linux-gnu.so
777067e62000-777067e6d000 r--p 0005b000 08:40 203735                     /usr/local/lib/python3.10/dist-packages/scipy/interpolate/_ppoly.cpython-310-x86_64-linux-gnu.so
777067e6d000-777067e6e000 r--p 00065000 08:40 203735                     /usr/local/lib/python3.10/dist-packages/scipy/interpolate/_ppoly.cpython-310-x86_64-linux-gnu.so
777067e6e000-777067e70000 rw-p 00066000 08:40 203735                     /usr/local/lib/python3.10/dist-packages/scipy/interpolate/_ppoly.cpython-310-x86_64-linux-gnu.so
777067e70000-777067e71000 rw-p 00000000 00:00 0 
777067e71000-777067e74000 r--p 00000000 08:40 203723                     /usr/local/lib/python3.10/dist-packages/scipy/interpolate/_dierckx.cpython-310-x86_64-linux-gnu.so
777067e74000-777067e80000 r-xp 00003000 08:40 203723                     /usr/local/lib/python3.10/dist-packages/scipy/interpolate/_dierckx.cpython-310-x86_64-linux-gnu.so
777067e80000-777067e85000 r--p 0000f000 08:40 203723                     /usr/local/lib/python3.10/dist-packages/scipy/interpolate/_dierckx.cpython-310-x86_64-linux-gnu.so
777067e85000-777067e86000 r--p 00013000 08:40 203723                     /usr/local/lib/python3.10/dist-packages/scipy/interpolate/_dierckx.cpython-310-x86_64-linux-gnu.so
777067e86000-777067e88000 rw-p 00014000 08:40 203723                     /usr/local/lib/python3.10/dist-packages/scipy/interpolate/_dierckx.cpython-310-x86_64-linux-gnu.so
777067e88000-777067e8a000 rw-p 00020000 08:40 203723                     /usr/local/lib/python3.10/dist-packages/scipy/interpolate/_dierckx.cpython-310-x86_64-linux-gnu.so
777067e8a000-777067e8b000 rw-p 00022000 08:40 203723                     /usr/local/lib/python3.10/dist-packages/scipy/interpolate/_dierckx.cpython-310-x86_64-linux-gnu.so
777067e8b000-777067e8f000 r--p 00000000 08:40 203722                     /usr/local/lib/python3.10/dist-packages/scipy/interpolate/_dfitpack.cpython-310-x86_64-linux-gnu.so
777067e8f000-777067ec5000 r-xp 00004000 08:40 203722                     /usr/local/lib/python3.10/dist-packages/scipy/interpolate/_dfitpack.cpython-310-x86_64-linux-gnu.so
777067ec5000-777067ed1000 r--p 0003a000 08:40 203722                     /usr/local/lib/python3.10/dist-packages/scipy/interpolate/_dfitpack.cpython-310-x86_64-linux-gnu.so
777067ed1000-777067ed2000 ---p 00046000 08:40 203722                     /usr/local/lib/python3.10/dist-packages/scipy/interpolate/_dfitpack.cpython-310-x86_64-linux-gnu.so
777067ed2000-777067ed3000 r--p 00046000 08:40 203722                     /usr/local/lib/python3.10/dist-packages/scipy/interpolate/_dfitpack.cpython-310-x86_64-linux-gnu.so
777067ed3000-777067edb000 rw-p 00047000 08:40 203722                     /usr/local/lib/python3.10/dist-packages/scipy/interpolate/_dfitpack.cpython-310-x86_64-linux-gnu.so
777067edb000-777067edd000 rw-p 00052000 08:40 203722                     /usr/local/lib/python3.10/dist-packages/scipy/interpolate/_dfitpack.cpython-310-x86_64-linux-gnu.so
777067edd000-777067ede000 rw-p 00054000 08:40 203722                     /usr/local/lib/python3.10/dist-packages/scipy/interpolate/_dfitpack.cpython-310-x86_64-linux-gnu.so
777067ede000-777067edf000 r--p 00000000 08:40 203724                     /usr/local/lib/python3.10/dist-packages/scipy/interpolate/_fitpack.cpython-310-x86_64-linux-gnu.so
777067edf000-777067eef000 r-xp 00001000 08:40 203724                     /usr/local/lib/python3.10/dist-packages/scipy/interpolate/_fitpack.cpython-310-x86_64-linux-gnu.so
777067eef000-777067ef1000 r--p 00011000 08:40 203724                     /usr/local/lib/python3.10/dist-packages/scipy/interpolate/_fitpack.cpython-310-x86_64-linux-gnu.so
777067ef1000-777067ef2000 r--p 00012000 08:40 203724                     /usr/local/lib/python3.10/dist-packages/scipy/interpolate/_fitpack.cpython-310-x86_64-linux-gnu.so
777067ef2000-777067ef3000 rw-p 00013000 08:40 203724                     /usr/local/lib/python3.10/dist-packages/scipy/interpolate/_fitpack.cpython-310-x86_64-linux-gnu.so
777067ef3000-777067ef4000 rw-p 00015000 08:40 203724                     /usr/local/lib/python3.10/dist-packages/scipy/interpolate/_fitpack.cpython-310-x86_64-linux-gnu.so
777067ef4000-777067ef5000 rw-p 00016000 08:40 203724                     /usr/local/lib/python3.10/dist-packages/scipy/interpolate/_fitpack.cpython-310-x86_64-linux-gnu.so
777067ef5000-777067ff5000 rw-p 00000000 00:00 0 
777067ff5000-777068011000 r--p 00000000 08:40 203640                     /usr/local/lib/python3.10/dist-packages/scipy/integrate/_lsoda.cpython-310-x86_64-linux-gnu.so
777068011000-77706802c000 r-xp 0001c000 08:40 203640                     /usr/local/lib/python3.10/dist-packages/scipy/integrate/_lsoda.cpython-310-x86_64-linux-gnu.so
77706802c000-77706803b000 r--p 00037000 08:40 203640                     /usr/local/lib/python3.10/dist-packages/scipy/integrate/_lsoda.cpython-310-x86_64-linux-gnu.so
77706803b000-77706803c000 ---p 00046000 08:40 203640                     /usr/local/lib/python3.10/dist-packages/scipy/integrate/_lsoda.cpython-310-x86_64-linux-gnu.so
77706803c000-77706803d000 r--p 00046000 08:40 203640                     /usr/local/lib/python3.10/dist-packages/scipy/integrate/_lsoda.cpython-310-x86_64-linux-gnu.so
77706803d000-777068042000 rw-p 00047000 08:40 203640                     /usr/local/lib/python3.10/dist-packages/scipy/integrate/_lsoda.cpython-310-x86_64-linux-gnu.so
777068042000-777068053000 rw-p 00067000 08:40 203640                     /usr/local/lib/python3.10/dist-packages/scipy/integrate/_lsoda.cpython-310-x86_64-linux-gnu.so
777068053000-77706805a000 rw-p 00078000 08:40 203640                     /usr/local/lib/python3.10/dist-packages/scipy/integrate/_lsoda.cpython-310-x86_64-linux-gnu.so
77706805a000-77706805d000 r--p 00000000 08:40 203610                     /usr/local/lib/python3.10/dist-packages/scipy/integrate/_dop.cpython-310-x86_64-linux-gnu.so
77706805d000-77706806b000 r-xp 00003000 08:40 203610                     /usr/local/lib/python3.10/dist-packages/scipy/integrate/_dop.cpython-310-x86_64-linux-gnu.so
77706806b000-77706806f000 r--p 00011000 08:40 203610                     /usr/local/lib/python3.10/dist-packages/scipy/integrate/_dop.cpython-310-x86_64-linux-gnu.so
77706806f000-777068070000 r--p 00014000 08:40 203610                     /usr/local/lib/python3.10/dist-packages/scipy/integrate/_dop.cpython-310-x86_64-linux-gnu.so
777068070000-777068072000 rw-p 00015000 08:40 203610                     /usr/local/lib/python3.10/dist-packages/scipy/integrate/_dop.cpython-310-x86_64-linux-gnu.so
777068072000-777068074000 rw-p 0001a000 08:40 203610                     /usr/local/lib/python3.10/dist-packages/scipy/integrate/_dop.cpython-310-x86_64-linux-gnu.so
777068074000-777068075000 rw-p 0001c000 08:40 203610                     /usr/local/lib/python3.10/dist-packages/scipy/integrate/_dop.cpython-310-x86_64-linux-gnu.so
777068075000-777068091000 r--p 00000000 08:40 203663                     /usr/local/lib/python3.10/dist-packages/scipy/integrate/_vode.cpython-310-x86_64-linux-gnu.so
777068091000-7770680b6000 r-xp 0001c000 08:40 203663                     /usr/local/lib/python3.10/dist-packages/scipy/integrate/_vode.cpython-310-x86_64-linux-gnu.so
7770680b6000-7770680c7000 r--p 00041000 08:40 203663                     /usr/local/lib/python3.10/dist-packages/scipy/integrate/_vode.cpython-310-x86_64-linux-gnu.so
7770680c7000-7770680c8000 r--p 00051000 08:40 203663                     /usr/local/lib/python3.10/dist-packages/scipy/integrate/_vode.cpython-310-x86_64-linux-gnu.so
7770680c8000-7770680cd000 rw-p 00052000 08:40 203663                     /usr/local/lib/python3.10/dist-packages/scipy/integrate/_vode.cpython-310-x86_64-linux-gnu.so
7770680cd000-7770680de000 rw-p 00073000 08:40 203663                     /usr/local/lib/python3.10/dist-packages/scipy/integrate/_vode.cpython-310-x86_64-linux-gnu.so
7770680de000-7770680e5000 rw-p 00084000 08:40 203663                     /usr/local/lib/python3.10/dist-packages/scipy/integrate/_vode.cpython-310-x86_64-linux-gnu.so
7770680e5000-7770680e7000 r--p 00000000 08:40 203645                     /usr/local/lib/python3.10/dist-packages/scipy/integrate/_quadpack.cpython-310-x86_64-linux-gnu.so
7770680e7000-7770680fb000 r-xp 00002000 08:40 203645                     /usr/local/lib/python3.10/dist-packages/scipy/integrate/_quadpack.cpython-310-x86_64-linux-gnu.so
7770680fb000-7770680fe000 r--p 00016000 08:40 203645                     /usr/local/lib/python3.10/dist-packages/scipy/integrate/_quadpack.cpython-310-x86_64-linux-gnu.so
7770680fe000-7770680ff000 r--p 00018000 08:40 203645                     /usr/local/lib/python3.10/dist-packages/scipy/integrate/_quadpack.cpython-310-x86_64-linux-gnu.so
7770680ff000-777068100000 rw-p 00019000 08:40 203645                     /usr/local/lib/python3.10/dist-packages/scipy/integrate/_quadpack.cpython-310-x86_64-linux-gnu.so
777068100000-77706811b000 r--p 00000000 08:40 203642                     /usr/local/lib/python3.10/dist-packages/scipy/integrate/_odepack.cpython-310-x86_64-linux-gnu.so
77706811b000-777068133000 r-xp 0001b000 08:40 203642                     /usr/local/lib/python3.10/dist-packages/scipy/integrate/_odepack.cpython-310-x86_64-linux-gnu.so
777068133000-777068141000 r--p 00033000 08:40 203642                     /usr/local/lib/python3.10/dist-packages/scipy/integrate/_odepack.cpython-310-x86_64-linux-gnu.so
777068141000-777068142000 r--p 00040000 08:40 203642                     /usr/local/lib/python3.10/dist-packages/scipy/integrate/_odepack.cpython-310-x86_64-linux-gnu.so
777068142000-777068146000 rw-p 00041000 08:40 203642                     /usr/local/lib/python3.10/dist-packages/scipy/integrate/_odepack.cpython-310-x86_64-linux-gnu.so
777068146000-777068147000 rw-p 00000000 00:00 0 
777068147000-777068157000 rw-p 0005f000 08:40 203642                     /usr/local/lib/python3.10/dist-packages/scipy/integrate/_odepack.cpython-310-x86_64-linux-gnu.so
777068157000-77706815d000 rw-p 0006f000 08:40 203642                     /usr/local/lib/python3.10/dist-packages/scipy/integrate/_odepack.cpython-310-x86_64-linux-gnu.so
77706815d000-77706825d000 rw-p 00000000 00:00 0 
77706825d000-777068262000 r--p 00000000 08:40 204509                     /usr/local/lib/python3.10/dist-packages/scipy/optimize/_pava_pybind.cpython-310-x86_64-linux-gnu.so
777068262000-77706827b000 r-xp 00005000 08:40 204509                     /usr/local/lib/python3.10/dist-packages/scipy/optimize/_pava_pybind.cpython-310-x86_64-linux-gnu.so
77706827b000-777068284000 r--p 0001e000 08:40 204509                     /usr/local/lib/python3.10/dist-packages/scipy/optimize/_pava_pybind.cpython-310-x86_64-linux-gnu.so
777068284000-777068285000 r--p 00026000 08:40 204509                     /usr/local/lib/python3.10/dist-packages/scipy/optimize/_pava_pybind.cpython-310-x86_64-linux-gnu.so
777068285000-777068286000 rw-p 00027000 08:40 204509                     /usr/local/lib/python3.10/dist-packages/scipy/optimize/_pava_pybind.cpython-310-x86_64-linux-gnu.so
777068286000-77706828c000 r--p 00000000 08:40 204444                     /usr/local/lib/python3.10/dist-packages/scipy/optimize/_bglu_dense.cpython-310-x86_64-linux-gnu.so
77706828c000-7770682c7000 r-xp 00006000 08:40 204444                     /usr/local/lib/python3.10/dist-packages/scipy/optimize/_bglu_dense.cpython-310-x86_64-linux-gnu.so
7770682c7000-7770682d1000 r--p 00041000 08:40 204444                     /usr/local/lib/python3.10/dist-packages/scipy/optimize/_bglu_dense.cpython-310-x86_64-linux-gnu.so
7770682d1000-7770682d2000 ---p 0004b000 08:40 204444                     /usr/local/lib/python3.10/dist-packages/scipy/optimize/_bglu_dense.cpython-310-x86_64-linux-gnu.so
7770682d2000-7770682d3000 r--p 0004b000 08:40 204444                     /usr/local/lib/python3.10/dist-packages/scipy/optimize/_bglu_dense.cpython-310-x86_64-linux-gnu.so
7770682d3000-7770682d6000 rw-p 0004c000 08:40 204444                     /usr/local/lib/python3.10/dist-packages/scipy/optimize/_bglu_dense.cpython-310-x86_64-linux-gnu.so
7770682d6000-7770682d7000 rw-p 00000000 00:00 0 
7770682d7000-7770682de000 r--p 00000000 08:40 203521                     /usr/local/lib/python3.10/dist-packages/scipy/fft/_pocketfft/pypocketfft.cpython-310-x86_64-linux-gnu.so
7770682de000-7770683b7000 r-xp 00007000 08:40 203521                     /usr/local/lib/python3.10/dist-packages/scipy/fft/_pocketfft/pypocketfft.cpython-310-x86_64-linux-gnu.so
7770683b7000-7770683d1000 r--p 000e0000 08:40 203521                     /usr/local/lib/python3.10/dist-packages/scipy/fft/_pocketfft/pypocketfft.cpython-310-x86_64-linux-gnu.so
7770683d1000-7770683d2000 ---p 000fa000 08:40 203521                     /usr/local/lib/python3.10/dist-packages/scipy/fft/_pocketfft/pypocketfft.cpython-310-x86_64-linux-gnu.so
7770683d2000-7770683d3000 r--p 000fa000 08:40 203521                     /usr/local/lib/python3.10/dist-packages/scipy/fft/_pocketfft/pypocketfft.cpython-310-x86_64-linux-gnu.so
7770683d3000-7770683d4000 rw-p 000fb000 08:40 203521                     /usr/local/lib/python3.10/dist-packages/scipy/fft/_pocketfft/pypocketfft.cpython-310-x86_64-linux-gnu.so
7770683d4000-7770683d6000 rw-p 00000000 00:00 0 
7770683d6000-7770683da000 r--p 00000000 08:40 203258                     /usr/local/lib/python3.10/dist-packages/scipy/_lib/_uarray/_uarray.cpython-310-x86_64-linux-gnu.so
7770683da000-7770683ed000 r-xp 00004000 08:40 203258                     /usr/local/lib/python3.10/dist-packages/scipy/_lib/_uarray/_uarray.cpython-310-x86_64-linux-gnu.so
7770683ed000-7770683f3000 r--p 00017000 08:40 203258                     /usr/local/lib/python3.10/dist-packages/scipy/_lib/_uarray/_uarray.cpython-310-x86_64-linux-gnu.so
7770683f3000-7770683f4000 r--p 0001c000 08:40 203258                     /usr/local/lib/python3.10/dist-packages/scipy/_lib/_uarray/_uarray.cpython-310-x86_64-linux-gnu.so
7770683f4000-7770683f5000 rw-p 0001d000 08:40 203258                     /usr/local/lib/python3.10/dist-packages/scipy/_lib/_uarray/_uarray.cpython-310-x86_64-linux-gnu.so
7770683f5000-7770683fa000 r--p 00000000 08:40 204178                     /usr/local/lib/python3.10/dist-packages/scipy/linalg/_decomp_interpolative.cpython-310-x86_64-linux-gnu.so
7770683fa000-7770684d7000 r-xp 00005000 08:40 204178                     /usr/local/lib/python3.10/dist-packages/scipy/linalg/_decomp_interpolative.cpython-310-x86_64-linux-gnu.so
7770684d7000-7770684e4000 r--p 000e2000 08:40 204178                     /usr/local/lib/python3.10/dist-packages/scipy/linalg/_decomp_interpolative.cpython-310-x86_64-linux-gnu.so
7770684e4000-7770684e5000 r--p 000ee000 08:40 204178                     /usr/local/lib/python3.10/dist-packages/scipy/linalg/_decomp_interpolative.cpython-310-x86_64-linux-gnu.so
7770684e5000-7770684e7000 rw-p 000ef000 08:40 204178                     /usr/local/lib/python3.10/dist-packages/scipy/linalg/_decomp_interpolative.cpython-310-x86_64-linux-gnu.so
7770684e7000-7770684e9000 rw-p 00000000 00:00 0 
7770684e9000-7770684ef000 r--p 00000000 08:40 204467                     /usr/local/lib/python3.10/dist-packages/scipy/optimize/_highspy/_highs_options.cpython-310-x86_64-linux-gnu.so
7770684ef000-777068524000 r-xp 00006000 08:40 204467                     /usr/local/lib/python3.10/dist-packages/scipy/optimize/_highspy/_highs_options.cpython-310-x86_64-linux-gnu.so
777068524000-777068535000 r--p 0003b000 08:40 204467                     /usr/local/lib/python3.10/dist-packages/scipy/optimize/_highspy/_highs_options.cpython-310-x86_64-linux-gnu.so
777068535000-777068536000 r--p 0004b000 08:40 204467                     /usr/local/lib/python3.10/dist-packages/scipy/optimize/_highspy/_highs_options.cpython-310-x86_64-linux-gnu.so
777068536000-777068537000 rw-p 0004c000 08:40 204467                     /usr/local/lib/python3.10/dist-packages/scipy/optimize/_highspy/_highs_options.cpython-310-x86_64-linux-gnu.so
777068537000-777068549000 r--p 00000000 08:40 204466                     /usr/local/lib/python3.10/dist-packages/scipy/optimize/_highspy/_core.cpython-310-x86_64-linux-gnu.so
777068549000-777068936000 r-xp 00012000 08:40 204466                     /usr/local/lib/python3.10/dist-packages/scipy/optimize/_highspy/_core.cpython-310-x86_64-linux-gnu.so
777068936000-7770689d7000 r--p 003ff000 08:40 204466                     /usr/local/lib/python3.10/dist-packages/scipy/optimize/_highspy/_core.cpython-310-x86_64-linux-gnu.so
7770689d7000-7770689dc000 r--p 0049f000 08:40 204466                     /usr/local/lib/python3.10/dist-packages/scipy/optimize/_highspy/_core.cpython-310-x86_64-linux-gnu.so
7770689dc000-7770689dd000 rw-p 004a4000 08:40 204466                     /usr/local/lib/python3.10/dist-packages/scipy/optimize/_highspy/_core.cpython-310-x86_64-linux-gnu.so
7770689dd000-777068ae2000 rw-p 00000000 00:00 0 
777068ae2000-777068ae5000 r--p 00000000 08:40 204451                     /usr/local/lib/python3.10/dist-packages/scipy/optimize/_cython_nnls.cpython-310-x86_64-linux-gnu.so
777068ae5000-777068af7000 r-xp 00003000 08:40 204451                     /usr/local/lib/python3.10/dist-packages/scipy/optimize/_cython_nnls.cpython-310-x86_64-linux-gnu.so
777068af7000-777068afb000 r--p 00015000 08:40 204451                     /usr/local/lib/python3.10/dist-packages/scipy/optimize/_cython_nnls.cpython-310-x86_64-linux-gnu.so
777068afb000-777068afc000 r--p 00018000 08:40 204451                     /usr/local/lib/python3.10/dist-packages/scipy/optimize/_cython_nnls.cpython-310-x86_64-linux-gnu.so
777068afc000-777068afd000 rw-p 00019000 08:40 204451                     /usr/local/lib/python3.10/dist-packages/scipy/optimize/_cython_nnls.cpython-310-x86_64-linux-gnu.so
777068afd000-777068b02000 r--p 00000000 08:40 204495                     /usr/local/lib/python3.10/dist-packages/scipy/optimize/_lsq/givens_elimination.cpython-310-x86_64-linux-gnu.so
777068b02000-777068b25000 r-xp 00005000 08:40 204495                     /usr/local/lib/python3.10/dist-packages/scipy/optimize/_lsq/givens_elimination.cpython-310-x86_64-linux-gnu.so
777068b25000-777068b2c000 r--p 00028000 08:40 204495                     /usr/local/lib/python3.10/dist-packages/scipy/optimize/_lsq/givens_elimination.cpython-310-x86_64-linux-gnu.so
777068b2c000-777068b2d000 ---p 0002f000 08:40 204495                     /usr/local/lib/python3.10/dist-packages/scipy/optimize/_lsq/givens_elimination.cpython-310-x86_64-linux-gnu.so
777068b2d000-777068b2e000 r--p 0002f000 08:40 204495                     /usr/local/lib/python3.10/dist-packages/scipy/optimize/_lsq/givens_elimination.cpython-310-x86_64-linux-gnu.so
777068b2e000-777068b30000 rw-p 00030000 08:40 204495                     /usr/local/lib/python3.10/dist-packages/scipy/optimize/_lsq/givens_elimination.cpython-310-x86_64-linux-gnu.so
777068b30000-777068b32000 r--p 00000000 08:40 204502                     /usr/local/lib/python3.10/dist-packages/scipy/optimize/_minpack.cpython-310-x86_64-linux-gnu.so
777068b32000-777068b44000 r-xp 00002000 08:40 204502                     /usr/local/lib/python3.10/dist-packages/scipy/optimize/_minpack.cpython-310-x86_64-linux-gnu.so
777068b44000-777068b46000 r--p 00014000 08:40 204502                     /usr/local/lib/python3.10/dist-packages/scipy/optimize/_minpack.cpython-310-x86_64-linux-gnu.so
777068b46000-777068b47000 r--p 00015000 08:40 204502                     /usr/local/lib/python3.10/dist-packages/scipy/optimize/_minpack.cpython-310-x86_64-linux-gnu.so
777068b47000-777068b48000 rw-p 00016000 08:40 204502                     /usr/local/lib/python3.10/dist-packages/scipy/optimize/_minpack.cpython-310-x86_64-linux-gnu.so
777068b48000-777068b4a000 r--p 00000000 08:40 204523                     /usr/local/lib/python3.10/dist-packages/scipy/optimize/_slsqp.cpython-310-x86_64-linux-gnu.so
777068b4a000-777068b57000 r-xp 00002000 08:40 204523                     /usr/local/lib/python3.10/dist-packages/scipy/optimize/_slsqp.cpython-310-x86_64-linux-gnu.so
777068b57000-777068b5a000 r--p 0000f000 08:40 204523                     /usr/local/lib/python3.10/dist-packages/scipy/optimize/_slsqp.cpython-310-x86_64-linux-gnu.so
777068b5a000-777068b5b000 r--p 00011000 08:40 204523                     /usr/local/lib/python3.10/dist-packages/scipy/optimize/_slsqp.cpython-310-x86_64-linux-gnu.so
777068b5b000-777068b5c000 rw-p 00012000 08:40 204523                     /usr/local/lib/python3.10/dist-packages/scipy/optimize/_slsqp.cpython-310-x86_64-linux-gnu.so
777068b5c000-777068b5e000 r--p 00000000 08:40 204447                     /usr/local/lib/python3.10/dist-packages/scipy/optimize/_cobyla.cpython-310-x86_64-linux-gnu.so
777068b5e000-777068b6c000 r-xp 00002000 08:40 204447                     /usr/local/lib/python3.10/dist-packages/scipy/optimize/_cobyla.cpython-310-x86_64-linux-gnu.so
777068b6c000-777068b6f000 r--p 00010000 08:40 204447                     /usr/local/lib/python3.10/dist-packages/scipy/optimize/_cobyla.cpython-310-x86_64-linux-gnu.so
777068b6f000-777068b70000 r--p 00012000 08:40 204447                     /usr/local/lib/python3.10/dist-packages/scipy/optimize/_cobyla.cpython-310-x86_64-linux-gnu.so
777068b70000-777068b71000 rw-p 00013000 08:40 204447                     /usr/local/lib/python3.10/dist-packages/scipy/optimize/_cobyla.cpython-310-x86_64-linux-gnu.so
777068b71000-777068b72000 rw-p 00017000 08:40 204447                     /usr/local/lib/python3.10/dist-packages/scipy/optimize/_cobyla.cpython-310-x86_64-linux-gnu.so
777068b72000-777068b73000 rw-p 00019000 08:40 204447                     /usr/local/lib/python3.10/dist-packages/scipy/optimize/_cobyla.cpython-310-x86_64-linux-gnu.so
777068b73000-777068b76000 r--p 00000000 08:40 204504                     /usr/local/lib/python3.10/dist-packages/scipy/optimize/_moduleTNC.cpython-310-x86_64-linux-gnu.so
777068b76000-777068b8f000 r-xp 00003000 08:40 204504                     /usr/local/lib/python3.10/dist-packages/scipy/optimize/_moduleTNC.cpython-310-x86_64-linux-gnu.so
777068b8f000-777068b93000 r--p 0001c000 08:40 204504                     /usr/local/lib/python3.10/dist-packages/scipy/optimize/_moduleTNC.cpython-310-x86_64-linux-gnu.so
777068b93000-777068b94000 r--p 0001f000 08:40 204504                     /usr/local/lib/python3.10/dist-packages/scipy/optimize/_moduleTNC.cpython-310-x86_64-linux-gnu.so
777068b94000-777068b95000 rw-p 00020000 08:40 204504                     /usr/local/lib/python3.10/dist-packages/scipy/optimize/_moduleTNC.cpython-310-x86_64-linux-gnu.so
777068b95000-777068bb0000 r--p 00000000 08:40 204470                     /usr/local/lib/python3.10/dist-packages/scipy/optimize/_lbfgsb.cpython-310-x86_64-linux-gnu.so
777068bb0000-777068bc5000 r-xp 0001b000 08:40 204470                     /usr/local/lib/python3.10/dist-packages/scipy/optimize/_lbfgsb.cpython-310-x86_64-linux-gnu.so
777068bc5000-777068bd1000 r--p 00030000 08:40 204470                     /usr/local/lib/python3.10/dist-packages/scipy/optimize/_lbfgsb.cpython-310-x86_64-linux-gnu.so
777068bd1000-777068bd2000 ---p 0003c000 08:40 204470                     /usr/local/lib/python3.10/dist-packages/scipy/optimize/_lbfgsb.cpython-310-x86_64-linux-gnu.so
777068bd2000-777068bd3000 r--p 0003c000 08:40 204470                     /usr/local/lib/python3.10/dist-packages/scipy/optimize/_lbfgsb.cpython-310-x86_64-linux-gnu.so
777068bd3000-777068bd7000 rw-p 0003d000 08:40 204470                     /usr/local/lib/python3.10/dist-packages/scipy/optimize/_lbfgsb.cpython-310-x86_64-linux-gnu.so
777068bd7000-777068be7000 rw-p 0005b000 08:40 204470                     /usr/local/lib/python3.10/dist-packages/scipy/optimize/_lbfgsb.cpython-310-x86_64-linux-gnu.so
777068be7000-777068bed000 rw-p 0006b000 08:40 204470                     /usr/local/lib/python3.10/dist-packages/scipy/optimize/_lbfgsb.cpython-310-x86_64-linux-gnu.so
777068bed000-777068bf2000 r--p 00000000 08:40 204531                     /usr/local/lib/python3.10/dist-packages/scipy/optimize/_trlib/_trlib.cpython-310-x86_64-linux-gnu.so
777068bf2000-777068c31000 r-xp 00005000 08:40 204531                     /usr/local/lib/python3.10/dist-packages/scipy/optimize/_trlib/_trlib.cpython-310-x86_64-linux-gnu.so
777068c31000-777068c3b000 r--p 00044000 08:40 204531                     /usr/local/lib/python3.10/dist-packages/scipy/optimize/_trlib/_trlib.cpython-310-x86_64-linux-gnu.so
777068c3b000-777068c3c000 r--p 0004d000 08:40 204531                     /usr/local/lib/python3.10/dist-packages/scipy/optimize/_trlib/_trlib.cpython-310-x86_64-linux-gnu.so
777068c3c000-777068c3e000 rw-p 0004e000 08:40 204531                     /usr/local/lib/python3.10/dist-packages/scipy/optimize/_trlib/_trlib.cpython-310-x86_64-linux-gnu.so
777068c3e000-777068c3f000 rw-p 00000000 00:00 0 
777068c3f000-777068c42000 rw-p 00059000 08:40 204531                     /usr/local/lib/python3.10/dist-packages/scipy/optimize/_trlib/_trlib.cpython-310-x86_64-linux-gnu.so
777068c42000-777068c44000 rw-p 0005c000 08:40 204531                     /usr/local/lib/python3.10/dist-packages/scipy/optimize/_trlib/_trlib.cpython-310-x86_64-linux-gnu.so
777068c44000-777068d44000 rw-p 00000000 00:00 0 
777068d44000-777068d4b000 r--p 00000000 08:40 205191                     /usr/local/lib/python3.10/dist-packages/scipy/spatial/transform/_rotation.cpython-310-x86_64-linux-gnu.so
777068d4b000-777068df8000 r-xp 00007000 08:40 205191                     /usr/local/lib/python3.10/dist-packages/scipy/spatial/transform/_rotation.cpython-310-x86_64-linux-gnu.so
777068df8000-777068e2b000 r--p 000b4000 08:40 205191                     /usr/local/lib/python3.10/dist-packages/scipy/spatial/transform/_rotation.cpython-310-x86_64-linux-gnu.so
777068e2b000-777068e2c000 r--p 000e6000 08:40 205191                     /usr/local/lib/python3.10/dist-packages/scipy/spatial/transform/_rotation.cpython-310-x86_64-linux-gnu.so
777068e2c000-777068e30000 rw-p 000e7000 08:40 205191                     /usr/local/lib/python3.10/dist-packages/scipy/spatial/transform/_rotation.cpython-310-x86_64-linux-gnu.so
777068e30000-777068e32000 rw-p 00000000 00:00 0 
777068e32000-777068e38000 r--p 00000000 08:40 205113                     /usr/local/lib/python3.10/dist-packages/scipy/spatial/_distance_pybind.cpython-310-x86_64-linux-gnu.so
777068e38000-777068e9e000 r-xp 00006000 08:40 205113                     /usr/local/lib/python3.10/dist-packages/scipy/spatial/_distance_pybind.cpython-310-x86_64-linux-gnu.so
777068e9e000-777068eaf000 r--p 0006c000 08:40 205113                     /usr/local/lib/python3.10/dist-packages/scipy/spatial/_distance_pybind.cpython-310-x86_64-linux-gnu.so
777068eaf000-777068eb0000 r--p 0007c000 08:40 205113                     /usr/local/lib/python3.10/dist-packages/scipy/spatial/_distance_pybind.cpython-310-x86_64-linux-gnu.so
777068eb0000-777068eb1000 rw-p 0007d000 08:40 205113                     /usr/local/lib/python3.10/dist-packages/scipy/spatial/_distance_pybind.cpython-310-x86_64-linux-gnu.so
777068eb1000-777068eb4000 r--p 00000000 08:40 205234                     /usr/local/lib/python3.10/dist-packages/scipy/special/_ellip_harm_2.cpython-310-x86_64-linux-gnu.so
777068eb4000-777068ec8000 r-xp 00003000 08:40 205234                     /usr/local/lib/python3.10/dist-packages/scipy/special/_ellip_harm_2.cpython-310-x86_64-linux-gnu.so
777068ec8000-777068ecb000 r--p 00017000 08:40 205234                     /usr/local/lib/python3.10/dist-packages/scipy/special/_ellip_harm_2.cpython-310-x86_64-linux-gnu.so
777068ecb000-777068ecc000 r--p 00019000 08:40 205234                     /usr/local/lib/python3.10/dist-packages/scipy/special/_ellip_harm_2.cpython-310-x86_64-linux-gnu.so
777068ecc000-777068ecd000 rw-p 0001a000 08:40 205234                     /usr/local/lib/python3.10/dist-packages/scipy/special/_ellip_harm_2.cpython-310-x86_64-linux-gnu.so
777068ecd000-777068ecf000 rw-p 0001f000 08:40 205234                     /usr/local/lib/python3.10/dist-packages/scipy/special/_ellip_harm_2.cpython-310-x86_64-linux-gnu.so
777068ecf000-777068ed0000 rw-p 00021000 08:40 205234                     /usr/local/lib/python3.10/dist-packages/scipy/special/_ellip_harm_2.cpython-310-x86_64-linux-gnu.so
777068ed0000-777068ed5000 r--p 00000000 08:40 205274                     /usr/local/lib/python3.10/dist-packages/scipy/special/_specfun.cpython-310-x86_64-linux-gnu.so
777068ed5000-777068f08000 r-xp 00005000 08:40 205274                     /usr/local/lib/python3.10/dist-packages/scipy/special/_specfun.cpython-310-x86_64-linux-gnu.so
777068f08000-777068f0f000 r--p 00038000 08:40 205274                     /usr/local/lib/python3.10/dist-packages/scipy/special/_specfun.cpython-310-x86_64-linux-gnu.so
777068f0f000-777068f10000 r--p 0003e000 08:40 205274                     /usr/local/lib/python3.10/dist-packages/scipy/special/_specfun.cpython-310-x86_64-linux-gnu.so
777068f10000-777068f12000 rw-p 0003f000 08:40 205274                     /usr/local/lib/python3.10/dist-packages/scipy/special/_specfun.cpython-310-x86_64-linux-gnu.so
777068f12000-777068f14000 r--p 00000000 08:40 205235                     /usr/local/lib/python3.10/dist-packages/scipy/special/_gufuncs.cpython-310-x86_64-linux-gnu.so
777068f14000-777068f9a000 r-xp 00002000 08:40 205235                     /usr/local/lib/python3.10/dist-packages/scipy/special/_gufuncs.cpython-310-x86_64-linux-gnu.so
777068f9a000-777068fa7000 r--p 00088000 08:40 205235                     /usr/local/lib/python3.10/dist-packages/scipy/special/_gufuncs.cpython-310-x86_64-linux-gnu.so
777068fa7000-777068fa8000 r--p 00094000 08:40 205235                     /usr/local/lib/python3.10/dist-packages/scipy/special/_gufuncs.cpython-310-x86_64-linux-gnu.so
777068fa8000-777068fa9000 rw-p 00095000 08:40 205235                     /usr/local/lib/python3.10/dist-packages/scipy/special/_gufuncs.cpython-310-x86_64-linux-gnu.so
777068fa9000-7770690a9000 rw-p 00000000 00:00 0 
7770690a9000-7770690ac000 r--p 00000000 08:40 205275                     /usr/local/lib/python3.10/dist-packages/scipy/special/_special_ufuncs.cpython-310-x86_64-linux-gnu.so
7770690ac000-7770691af000 r-xp 00003000 08:40 205275                     /usr/local/lib/python3.10/dist-packages/scipy/special/_special_ufuncs.cpython-310-x86_64-linux-gnu.so
7770691af000-7770691f2000 r--p 00106000 08:40 205275                     /usr/local/lib/python3.10/dist-packages/scipy/special/_special_ufuncs.cpython-310-x86_64-linux-gnu.so
7770691f2000-7770691f3000 r--p 00148000 08:40 205275                     /usr/local/lib/python3.10/dist-packages/scipy/special/_special_ufuncs.cpython-310-x86_64-linux-gnu.so
7770691f3000-7770691f4000 rw-p 00149000 08:40 205275                     /usr/local/lib/python3.10/dist-packages/scipy/special/_special_ufuncs.cpython-310-x86_64-linux-gnu.so
7770691f4000-7770691f9000 r--p 00000000 08:40 205285                     /usr/local/lib/python3.10/dist-packages/scipy/special/_ufuncs_cxx.cpython-310-x86_64-linux-gnu.so
7770691f9000-777069348000 r-xp 00005000 08:40 205285                     /usr/local/lib/python3.10/dist-packages/scipy/special/_ufuncs_cxx.cpython-310-x86_64-linux-gnu.so
777069348000-77706937b000 r--p 00154000 08:40 205285                     /usr/local/lib/python3.10/dist-packages/scipy/special/_ufuncs_cxx.cpython-310-x86_64-linux-gnu.so
77706937b000-77706937c000 r--p 00186000 08:40 205285                     /usr/local/lib/python3.10/dist-packages/scipy/special/_ufuncs_cxx.cpython-310-x86_64-linux-gnu.so
77706937c000-77706937d000 rw-p 00187000 08:40 205285                     /usr/local/lib/python3.10/dist-packages/scipy/special/_ufuncs_cxx.cpython-310-x86_64-linux-gnu.so
77706937d000-77706937e000 rw-p 00000000 00:00 0 
77706937e000-777069384000 r--p 00000000 08:40 205282                     /usr/local/lib/python3.10/dist-packages/scipy/special/_ufuncs.cpython-310-x86_64-linux-gnu.so
777069384000-777069489000 r-xp 00006000 08:40 205282                     /usr/local/lib/python3.10/dist-packages/scipy/special/_ufuncs.cpython-310-x86_64-linux-gnu.so
777069489000-7770694de000 r--p 0010b000 08:40 205282                     /usr/local/lib/python3.10/dist-packages/scipy/special/_ufuncs.cpython-310-x86_64-linux-gnu.so
7770694de000-7770694df000 r--p 0015f000 08:40 205282                     /usr/local/lib/python3.10/dist-packages/scipy/special/_ufuncs.cpython-310-x86_64-linux-gnu.so
7770694df000-7770694e0000 rw-p 00160000 08:40 205282                     /usr/local/lib/python3.10/dist-packages/scipy/special/_ufuncs.cpython-310-x86_64-linux-gnu.so
7770694e0000-7770694e8000 rw-p 00000000 00:00 0 
7770694e8000-7770694eb000 rw-p 00189000 08:40 205282                     /usr/local/lib/python3.10/dist-packages/scipy/special/_ufuncs.cpython-310-x86_64-linux-gnu.so
7770694eb000-7770694ed000 rw-p 0018c000 08:40 205282                     /usr/local/lib/python3.10/dist-packages/scipy/special/_ufuncs.cpython-310-x86_64-linux-gnu.so
7770694ed000-7770694f2000 r--p 00000000 08:40 205116                     /usr/local/lib/python3.10/dist-packages/scipy/spatial/_hausdorff.cpython-310-x86_64-linux-gnu.so
7770694f2000-777069519000 r-xp 00005000 08:40 205116                     /usr/local/lib/python3.10/dist-packages/scipy/spatial/_hausdorff.cpython-310-x86_64-linux-gnu.so
777069519000-777069520000 r--p 0002c000 08:40 205116                     /usr/local/lib/python3.10/dist-packages/scipy/spatial/_hausdorff.cpython-310-x86_64-linux-gnu.so
777069520000-777069521000 ---p 00033000 08:40 205116                     /usr/local/lib/python3.10/dist-packages/scipy/spatial/_hausdorff.cpython-310-x86_64-linux-gnu.so
777069521000-777069522000 r--p 00033000 08:40 205116                     /usr/local/lib/python3.10/dist-packages/scipy/spatial/_hausdorff.cpython-310-x86_64-linux-gnu.so
777069522000-777069524000 rw-p 00034000 08:40 205116                     /usr/local/lib/python3.10/dist-packages/scipy/spatial/_hausdorff.cpython-310-x86_64-linux-gnu.so
777069524000-777069525000 rw-p 00000000 00:00 0 
777069525000-77706952a000 r--p 00000000 08:40 205123                     /usr/local/lib/python3.10/dist-packages/scipy/spatial/_voronoi.cpython-310-x86_64-linux-gnu.so
77706952a000-77706954f000 r-xp 00005000 08:40 205123                     /usr/local/lib/python3.10/dist-packages/scipy/spatial/_voronoi.cpython-310-x86_64-linux-gnu.so
77706954f000-777069556000 r--p 0002a000 08:40 205123                     /usr/local/lib/python3.10/dist-packages/scipy/spatial/_voronoi.cpython-310-x86_64-linux-gnu.so
777069556000-777069557000 ---p 00031000 08:40 205123                     /usr/local/lib/python3.10/dist-packages/scipy/spatial/_voronoi.cpython-310-x86_64-linux-gnu.so
777069557000-777069558000 r--p 00031000 08:40 205123                     /usr/local/lib/python3.10/dist-packages/scipy/spatial/_voronoi.cpython-310-x86_64-linux-gnu.so
777069558000-77706955a000 rw-p 00032000 08:40 205123                     /usr/local/lib/python3.10/dist-packages/scipy/spatial/_voronoi.cpython-310-x86_64-linux-gnu.so
77706955a000-77706955b000 rw-p 00000000 00:00 0 
77706955b000-777069562000 r--p 00000000 08:40 205120                     /usr/local/lib/python3.10/dist-packages/scipy/spatial/_qhull.cpython-310-x86_64-linux-gnu.so
777069562000-77706962d000 r-xp 00007000 08:40 205120                     /usr/local/lib/python3.10/dist-packages/scipy/spatial/_qhull.cpython-310-x86_64-linux-gnu.so
77706962d000-777069665000 r--p 000d2000 08:40 205120                     /usr/local/lib/python3.10/dist-packages/scipy/spatial/_qhull.cpython-310-x86_64-linux-gnu.so
777069665000-777069666000 r--p 00109000 08:40 205120                     /usr/local/lib/python3.10/dist-packages/scipy/spatial/_qhull.cpython-310-x86_64-linux-gnu.so
777069666000-777069669000 rw-p 0010a000 08:40 205120                     /usr/local/lib/python3.10/dist-packages/scipy/spatial/_qhull.cpython-310-x86_64-linux-gnu.so
777069669000-77706966b000 rw-p 00000000 00:00 0 
77706966b000-777069673000 r--p 00000000 08:40 205112                     /usr/local/lib/python3.10/dist-packages/scipy/spatial/_ckdtree.cpython-310-x86_64-linux-gnu.so
777069673000-77706971d000 r-xp 00008000 08:40 205112                     /usr/local/lib/python3.10/dist-packages/scipy/spatial/_ckdtree.cpython-310-x86_64-linux-gnu.so
77706971d000-77706973c000 r--p 000b2000 08:40 205112                     /usr/local/lib/python3.10/dist-packages/scipy/spatial/_ckdtree.cpython-310-x86_64-linux-gnu.so
77706973c000-77706973d000 ---p 000d1000 08:40 205112                     /usr/local/lib/python3.10/dist-packages/scipy/spatial/_ckdtree.cpython-310-x86_64-linux-gnu.so
77706973d000-77706973e000 r--p 000d1000 08:40 205112                     /usr/local/lib/python3.10/dist-packages/scipy/spatial/_ckdtree.cpython-310-x86_64-linux-gnu.so
77706973e000-777069742000 rw-p 000d2000 08:40 205112                     /usr/local/lib/python3.10/dist-packages/scipy/spatial/_ckdtree.cpython-310-x86_64-linux-gnu.so
777069742000-777069743000 rw-p 00000000 00:00 0 
777069743000-777069748000 r--p 00000000 08:40 204875                     /usr/local/lib/python3.10/dist-packages/scipy/sparse/csgraph/_reordering.cpython-310-x86_64-linux-gnu.so
777069748000-77706977f000 r-xp 00005000 08:40 204875                     /usr/local/lib/python3.10/dist-packages/scipy/sparse/csgraph/_reordering.cpython-310-x86_64-linux-gnu.so
77706977f000-777069789000 r--p 0003c000 08:40 204875                     /usr/local/lib/python3.10/dist-packages/scipy/sparse/csgraph/_reordering.cpython-310-x86_64-linux-gnu.so
777069789000-77706978a000 r--p 00045000 08:40 204875                     /usr/local/lib/python3.10/dist-packages/scipy/sparse/csgraph/_reordering.cpython-310-x86_64-linux-gnu.so
77706978a000-77706978c000 rw-p 00046000 08:40 204875                     /usr/local/lib/python3.10/dist-packages/scipy/sparse/csgraph/_reordering.cpython-310-x86_64-linux-gnu.so
77706978c000-77706978d000 rw-p 00000000 00:00 0 
77706978d000-777069792000 r--p 00000000 08:40 204873                     /usr/local/lib/python3.10/dist-packages/scipy/sparse/csgraph/_matching.cpython-310-x86_64-linux-gnu.so
777069792000-7770697cb000 r-xp 00005000 08:40 204873                     /usr/local/lib/python3.10/dist-packages/scipy/sparse/csgraph/_matching.cpython-310-x86_64-linux-gnu.so
7770697cb000-7770697d9000 r--p 0003e000 08:40 204873                     /usr/local/lib/python3.10/dist-packages/scipy/sparse/csgraph/_matching.cpython-310-x86_64-linux-gnu.so
7770697d9000-7770697da000 r--p 0004b000 08:40 204873                     /usr/local/lib/python3.10/dist-packages/scipy/sparse/csgraph/_matching.cpython-310-x86_64-linux-gnu.so
7770697da000-7770697dc000 rw-p 0004c000 08:40 204873                     /usr/local/lib/python3.10/dist-packages/scipy/sparse/csgraph/_matching.cpython-310-x86_64-linux-gnu.so
7770697dc000-7770697dd000 rw-p 00000000 00:00 0 
7770697dd000-7770697e2000 r--p 00000000 08:40 204871                     /usr/local/lib/python3.10/dist-packages/scipy/sparse/csgraph/_flow.cpython-310-x86_64-linux-gnu.so
7770697e2000-77706981b000 r-xp 00005000 08:40 204871                     /usr/local/lib/python3.10/dist-packages/scipy/sparse/csgraph/_flow.cpython-310-x86_64-linux-gnu.so
77706981b000-777069827000 r--p 0003e000 08:40 204871                     /usr/local/lib/python3.10/dist-packages/scipy/sparse/csgraph/_flow.cpython-310-x86_64-linux-gnu.so
777069827000-777069828000 ---p 0004a000 08:40 204871                     /usr/local/lib/python3.10/dist-packages/scipy/sparse/csgraph/_flow.cpython-310-x86_64-linux-gnu.so
777069828000-777069829000 r--p 0004a000 08:40 204871                     /usr/local/lib/python3.10/dist-packages/scipy/sparse/csgraph/_flow.cpython-310-x86_64-linux-gnu.so
777069829000-77706982b000 rw-p 0004b000 08:40 204871                     /usr/local/lib/python3.10/dist-packages/scipy/sparse/csgraph/_flow.cpython-310-x86_64-linux-gnu.so
77706982b000-77706982c000 rw-p 00000000 00:00 0 
77706982c000-777069831000 r--p 00000000 08:40 204874                     /usr/local/lib/python3.10/dist-packages/scipy/sparse/csgraph/_min_spanning_tree.cpython-310-x86_64-linux-gnu.so
777069831000-77706985b000 r-xp 00005000 08:40 204874                     /usr/local/lib/python3.10/dist-packages/scipy/sparse/csgraph/_min_spanning_tree.cpython-310-x86_64-linux-gnu.so
77706985b000-777069864000 r--p 0002f000 08:40 204874                     /usr/local/lib/python3.10/dist-packages/scipy/sparse/csgraph/_min_spanning_tree.cpython-310-x86_64-linux-gnu.so
777069864000-777069865000 r--p 00037000 08:40 204874                     /usr/local/lib/python3.10/dist-packages/scipy/sparse/csgraph/_min_spanning_tree.cpython-310-x86_64-linux-gnu.so
777069865000-777069867000 rw-p 00038000 08:40 204874                     /usr/local/lib/python3.10/dist-packages/scipy/sparse/csgraph/_min_spanning_tree.cpython-310-x86_64-linux-gnu.so
777069867000-777069868000 rw-p 00000000 00:00 0 
777069868000-77706986d000 r--p 00000000 08:40 204878                     /usr/local/lib/python3.10/dist-packages/scipy/sparse/csgraph/_traversal.cpython-310-x86_64-linux-gnu.so
77706986d000-7770698eb000 r-xp 00005000 08:40 204878                     /usr/local/lib/python3.10/dist-packages/scipy/sparse/csgraph/_traversal.cpython-310-x86_64-linux-gnu.so
7770698eb000-7770698fc000 r--p 00083000 08:40 204878                     /usr/local/lib/python3.10/dist-packages/scipy/sparse/csgraph/_traversal.cpython-310-x86_64-linux-gnu.so
7770698fc000-7770698fd000 r--p 00093000 08:40 204878                     /usr/local/lib/python3.10/dist-packages/scipy/sparse/csgraph/_traversal.cpython-310-x86_64-linux-gnu.so
7770698fd000-7770698ff000 rw-p 00094000 08:40 204878                     /usr/local/lib/python3.10/dist-packages/scipy/sparse/csgraph/_traversal.cpython-310-x86_64-linux-gnu.so
7770698ff000-777069a00000 rw-p 00000000 00:00 0 
777069a00000-777069a3b000 r-xp 00000000 08:40 205745                     /usr/local/lib/python3.10/dist-packages/scipy.libs/libquadmath-96973f99.so.0.0.0
777069a3b000-777069c3a000 ---p 0003b000 08:40 205745                     /usr/local/lib/python3.10/dist-packages/scipy.libs/libquadmath-96973f99.so.0.0.0
777069c3a000-777069c3b000 r--p 0003a000 08:40 205745                     /usr/local/lib/python3.10/dist-packages/scipy.libs/libquadmath-96973f99.so.0.0.0
777069c3b000-777069c3c000 rw-p 0003b000 08:40 205745                     /usr/local/lib/python3.10/dist-packages/scipy.libs/libquadmath-96973f99.so.0.0.0
777069c3c000-777069c3d000 rw-p 0003c000 08:40 205745                     /usr/local/lib/python3.10/dist-packages/scipy.libs/libquadmath-96973f99.so.0.0.0
777069c3d000-777069c3e000 rw-s a01e66000 00:01 385                       /dev/zero (deleted)
777069c3e000-777069c3f000 rw-s a01e65000 00:01 384                       /dev/zero (deleted)
777069c3f000-777069c40000 rw-s a01e64000 00:01 383                       /dev/zero (deleted)
777069c40000-777069c41000 rw-s a01e63000 00:01 382                       /dev/zero (deleted)
777069c41000-777069c42000 rw-s a01e62000 00:01 381                       /dev/zero (deleted)
777069c42000-777069c43000 rw-s a01e61000 00:01 380                       /dev/zero (deleted)
777069c43000-777069c44000 r--p 00000000 08:40 204455                     /usr/local/lib/python3.10/dist-packages/scipy/optimize/_direct.cpython-310-x86_64-linux-gnu.so
777069c44000-777069c4a000 r-xp 00001000 08:40 204455                     /usr/local/lib/python3.10/dist-packages/scipy/optimize/_direct.cpython-310-x86_64-linux-gnu.so
777069c4a000-777069c4c000 r--p 00007000 08:40 204455                     /usr/local/lib/python3.10/dist-packages/scipy/optimize/_direct.cpython-310-x86_64-linux-gnu.so
777069c4c000-777069c4d000 r--p 00008000 08:40 204455                     /usr/local/lib/python3.10/dist-packages/scipy/optimize/_direct.cpython-310-x86_64-linux-gnu.so
777069c4d000-777069c4e000 rw-p 00009000 08:40 204455                     /usr/local/lib/python3.10/dist-packages/scipy/optimize/_direct.cpython-310-x86_64-linux-gnu.so
777069c4e000-777069c53000 r--p 00000000 08:40 204876                     /usr/local/lib/python3.10/dist-packages/scipy/sparse/csgraph/_shortest_path.cpython-310-x86_64-linux-gnu.so
777069c53000-777069cb6000 r-xp 00005000 08:40 204876                     /usr/local/lib/python3.10/dist-packages/scipy/sparse/csgraph/_shortest_path.cpython-310-x86_64-linux-gnu.so
777069cb6000-777069ccb000 r--p 00068000 08:40 204876                     /usr/local/lib/python3.10/dist-packages/scipy/sparse/csgraph/_shortest_path.cpython-310-x86_64-linux-gnu.so
777069ccb000-777069ccc000 ---p 0007d000 08:40 204876                     /usr/local/lib/python3.10/dist-packages/scipy/sparse/csgraph/_shortest_path.cpython-310-x86_64-linux-gnu.so
777069ccc000-777069ccd000 r--p 0007d000 08:40 204876                     /usr/local/lib/python3.10/dist-packages/scipy/sparse/csgraph/_shortest_path.cpython-310-x86_64-linux-gnu.so
777069ccd000-777069ccf000 rw-p 0007e000 08:40 204876                     /usr/local/lib/python3.10/dist-packages/scipy/sparse/csgraph/_shortest_path.cpython-310-x86_64-linux-gnu.so
777069ccf000-777069cd1000 rw-p 00000000 00:00 0 
777069cd1000-777069cee000 r--p 00000000 08:40 205028                     /usr/local/lib/python3.10/dist-packages/scipy/sparse/linalg/_propack/_zpropack.cpython-310-x86_64-linux-gnu.so
777069cee000-777069d0d000 r-xp 0001d000 08:40 205028                     /usr/local/lib/python3.10/dist-packages/scipy/sparse/linalg/_propack/_zpropack.cpython-310-x86_64-linux-gnu.so
777069d0d000-777069d1d000 r--p 0003c000 08:40 205028                     /usr/local/lib/python3.10/dist-packages/scipy/sparse/linalg/_propack/_zpropack.cpython-310-x86_64-linux-gnu.so
777069d1d000-777069d1e000 ---p 0004c000 08:40 205028                     /usr/local/lib/python3.10/dist-packages/scipy/sparse/linalg/_propack/_zpropack.cpython-310-x86_64-linux-gnu.so
777069d1e000-777069d1f000 r--p 0004c000 08:40 205028                     /usr/local/lib/python3.10/dist-packages/scipy/sparse/linalg/_propack/_zpropack.cpython-310-x86_64-linux-gnu.so
777069d1f000-777069d27000 rw-p 0004d000 08:40 205028                     /usr/local/lib/python3.10/dist-packages/scipy/sparse/linalg/_propack/_zpropack.cpython-310-x86_64-linux-gnu.so
777069d27000-777069d5d000 rw-p 00000000 00:00 0 
777069d5d000-777069d6e000 rw-p 00071000 08:40 205028                     /usr/local/lib/python3.10/dist-packages/scipy/sparse/linalg/_propack/_zpropack.cpython-310-x86_64-linux-gnu.so
777069d6e000-777069d75000 rw-p 00082000 08:40 205028                     /usr/local/lib/python3.10/dist-packages/scipy/sparse/linalg/_propack/_zpropack.cpython-310-x86_64-linux-gnu.so
777069d75000-777069d92000 r--p 00000000 08:40 205025                     /usr/local/lib/python3.10/dist-packages/scipy/sparse/linalg/_propack/_cpropack.cpython-310-x86_64-linux-gnu.so
777069d92000-777069db3000 r-xp 0001d000 08:40 205025                     /usr/local/lib/python3.10/dist-packages/scipy/sparse/linalg/_propack/_cpropack.cpython-310-x86_64-linux-gnu.so
777069db3000-777069dc3000 r--p 0003e000 08:40 205025                     /usr/local/lib/python3.10/dist-packages/scipy/sparse/linalg/_propack/_cpropack.cpython-310-x86_64-linux-gnu.so
777069dc3000-777069dc4000 ---p 0004e000 08:40 205025                     /usr/local/lib/python3.10/dist-packages/scipy/sparse/linalg/_propack/_cpropack.cpython-310-x86_64-linux-gnu.so
777069dc4000-777069dc5000 r--p 0004e000 08:40 205025                     /usr/local/lib/python3.10/dist-packages/scipy/sparse/linalg/_propack/_cpropack.cpython-310-x86_64-linux-gnu.so
777069dc5000-777069dcd000 rw-p 0004f000 08:40 205025                     /usr/local/lib/python3.10/dist-packages/scipy/sparse/linalg/_propack/_cpropack.cpython-310-x86_64-linux-gnu.so
777069dcd000-777069de8000 rw-p 00000000 00:00 0 
777069de8000-777069df9000 rw-p 00073000 08:40 205025                     /usr/local/lib/python3.10/dist-packages/scipy/sparse/linalg/_propack/_cpropack.cpython-310-x86_64-linux-gnu.so
777069df9000-777069e00000 rw-p 00084000 08:40 205025                     /usr/local/lib/python3.10/dist-packages/scipy/sparse/linalg/_propack/_cpropack.cpython-310-x86_64-linux-gnu.so
777069e00000-77706a076000 r-xp 00000000 08:40 205743                     /usr/local/lib/python3.10/dist-packages/scipy.libs/libgfortran-040039e1.so.5.0.0
77706a076000-77706a275000 ---p 00276000 08:40 205743                     /usr/local/lib/python3.10/dist-packages/scipy.libs/libgfortran-040039e1.so.5.0.0
77706a275000-77706a276000 r--p 00275000 08:40 205743                     /usr/local/lib/python3.10/dist-packages/scipy.libs/libgfortran-040039e1.so.5.0.0
77706a276000-77706a278000 rw-p 00276000 08:40 205743                     /usr/local/lib/python3.10/dist-packages/scipy.libs/libgfortran-040039e1.so.5.0.0
77706a278000-77706a284000 rw-p 0027b000 08:40 205743                     /usr/local/lib/python3.10/dist-packages/scipy.libs/libgfortran-040039e1.so.5.0.0
77706a284000-77706a28d000 rw-p 00287000 08:40 205743                     /usr/local/lib/python3.10/dist-packages/scipy.libs/libgfortran-040039e1.so.5.0.0
77706a28d000-77706a28e000 rw-s a01e60000 00:01 379                       /dev/zero (deleted)
77706a28e000-77706a28f000 rw-s a01e5f000 00:01 378                       /dev/zero (deleted)
77706a28f000-77706a292000 r--p 00000000 08:40 204459                     /usr/local/lib/python3.10/dist-packages/scipy/optimize/_group_columns.cpython-310-x86_64-linux-gnu.so
77706a292000-77706a29f000 r-xp 00003000 08:40 204459                     /usr/local/lib/python3.10/dist-packages/scipy/optimize/_group_columns.cpython-310-x86_64-linux-gnu.so
77706a29f000-77706a2a2000 r--p 00010000 08:40 204459                     /usr/local/lib/python3.10/dist-packages/scipy/optimize/_group_columns.cpython-310-x86_64-linux-gnu.so
77706a2a2000-77706a2a3000 r--p 00012000 08:40 204459                     /usr/local/lib/python3.10/dist-packages/scipy/optimize/_group_columns.cpython-310-x86_64-linux-gnu.so
77706a2a3000-77706a2a4000 rw-p 00013000 08:40 204459                     /usr/local/lib/python3.10/dist-packages/scipy/optimize/_group_columns.cpython-310-x86_64-linux-gnu.so
77706a2a4000-77706a2a6000 r--p 00000000 08:40 205114                     /usr/local/lib/python3.10/dist-packages/scipy/spatial/_distance_wrap.cpython-310-x86_64-linux-gnu.so
77706a2a6000-77706a2ba000 r-xp 00002000 08:40 205114                     /usr/local/lib/python3.10/dist-packages/scipy/spatial/_distance_wrap.cpython-310-x86_64-linux-gnu.so
77706a2ba000-77706a2bc000 r--p 00016000 08:40 205114                     /usr/local/lib/python3.10/dist-packages/scipy/spatial/_distance_wrap.cpython-310-x86_64-linux-gnu.so
77706a2bc000-77706a2bd000 ---p 00018000 08:40 205114                     /usr/local/lib/python3.10/dist-packages/scipy/spatial/_distance_wrap.cpython-310-x86_64-linux-gnu.so
77706a2bd000-77706a2be000 r--p 00018000 08:40 205114                     /usr/local/lib/python3.10/dist-packages/scipy/spatial/_distance_wrap.cpython-310-x86_64-linux-gnu.so
77706a2be000-77706a2bf000 rw-p 00019000 08:40 205114                     /usr/local/lib/python3.10/dist-packages/scipy/spatial/_distance_wrap.cpython-310-x86_64-linux-gnu.so
77706a2bf000-77706a2c2000 r--p 00000000 08:40 204877                     /usr/local/lib/python3.10/dist-packages/scipy/sparse/csgraph/_tools.cpython-310-x86_64-linux-gnu.so
77706a2c2000-77706a2e3000 r-xp 00003000 08:40 204877                     /usr/local/lib/python3.10/dist-packages/scipy/sparse/csgraph/_tools.cpython-310-x86_64-linux-gnu.so
77706a2e3000-77706a2ed000 r--p 00024000 08:40 204877                     /usr/local/lib/python3.10/dist-packages/scipy/sparse/csgraph/_tools.cpython-310-x86_64-linux-gnu.so
77706a2ed000-77706a2ee000 r--p 0002d000 08:40 204877                     /usr/local/lib/python3.10/dist-packages/scipy/sparse/csgraph/_tools.cpython-310-x86_64-linux-gnu.so
77706a2ee000-77706a2ef000 rw-p 0002e000 08:40 204877                     /usr/local/lib/python3.10/dist-packages/scipy/sparse/csgraph/_tools.cpython-310-x86_64-linux-gnu.so
77706a2ef000-77706a2f0000 rw-p 00000000 00:00 0 
77706a2f0000-77706a30d000 r--p 00000000 08:40 205026                     /usr/local/lib/python3.10/dist-packages/scipy/sparse/linalg/_propack/_dpropack.cpython-310-x86_64-linux-gnu.so
77706a30d000-77706a328000 r-xp 0001d000 08:40 205026                     /usr/local/lib/python3.10/dist-packages/scipy/sparse/linalg/_propack/_dpropack.cpython-310-x86_64-linux-gnu.so
77706a328000-77706a338000 r--p 00038000 08:40 205026                     /usr/local/lib/python3.10/dist-packages/scipy/sparse/linalg/_propack/_dpropack.cpython-310-x86_64-linux-gnu.so
77706a338000-77706a339000 r--p 00047000 08:40 205026                     /usr/local/lib/python3.10/dist-packages/scipy/sparse/linalg/_propack/_dpropack.cpython-310-x86_64-linux-gnu.so
77706a339000-77706a341000 rw-p 00048000 08:40 205026                     /usr/local/lib/python3.10/dist-packages/scipy/sparse/linalg/_propack/_dpropack.cpython-310-x86_64-linux-gnu.so
77706a341000-77706a352000 rw-p 0006b000 08:40 205026                     /usr/local/lib/python3.10/dist-packages/scipy/sparse/linalg/_propack/_dpropack.cpython-310-x86_64-linux-gnu.so
77706a352000-77706a359000 rw-p 0007c000 08:40 205026                     /usr/local/lib/python3.10/dist-packages/scipy/sparse/linalg/_propack/_dpropack.cpython-310-x86_64-linux-gnu.so
77706a359000-77706a376000 r--p 00000000 08:40 205027                     /usr/local/lib/python3.10/dist-packages/scipy/sparse/linalg/_propack/_spropack.cpython-310-x86_64-linux-gnu.so
77706a376000-77706a391000 r-xp 0001d000 08:40 205027                     /usr/local/lib/python3.10/dist-packages/scipy/sparse/linalg/_propack/_spropack.cpython-310-x86_64-linux-gnu.so
77706a391000-77706a3a1000 r--p 00038000 08:40 205027                     /usr/local/lib/python3.10/dist-packages/scipy/sparse/linalg/_propack/_spropack.cpython-310-x86_64-linux-gnu.so
77706a3a1000-77706a3a2000 r--p 00047000 08:40 205027                     /usr/local/lib/python3.10/dist-packages/scipy/sparse/linalg/_propack/_spropack.cpython-310-x86_64-linux-gnu.so
77706a3a2000-77706a3aa000 rw-p 00048000 08:40 205027                     /usr/local/lib/python3.10/dist-packages/scipy/sparse/linalg/_propack/_spropack.cpython-310-x86_64-linux-gnu.so
77706a3aa000-77706a3bb000 rw-p 0006b000 08:40 205027                     /usr/local/lib/python3.10/dist-packages/scipy/sparse/linalg/_propack/_spropack.cpython-310-x86_64-linux-gnu.so
77706a3bb000-77706a3c2000 rw-p 0007c000 08:40 205027                     /usr/local/lib/python3.10/dist-packages/scipy/sparse/linalg/_propack/_spropack.cpython-310-x86_64-linux-gnu.so
77706a3c2000-77706a3e0000 r--p 00000000 08:40 204955                     /usr/local/lib/python3.10/dist-packages/scipy/sparse/linalg/_eigen/arpack/_arpack.cpython-310-x86_64-linux-gnu.so
77706a3e0000-77706a437000 r-xp 0001e000 08:40 204955                     /usr/local/lib/python3.10/dist-packages/scipy/sparse/linalg/_eigen/arpack/_arpack.cpython-310-x86_64-linux-gnu.so
77706a437000-77706a453000 r--p 00075000 08:40 204955                     /usr/local/lib/python3.10/dist-packages/scipy/sparse/linalg/_eigen/arpack/_arpack.cpython-310-x86_64-linux-gnu.so
77706a453000-77706a454000 r--p 00090000 08:40 204955                     /usr/local/lib/python3.10/dist-packages/scipy/sparse/linalg/_eigen/arpack/_arpack.cpython-310-x86_64-linux-gnu.so
77706a454000-77706a462000 rw-p 00091000 08:40 204955                     /usr/local/lib/python3.10/dist-packages/scipy/sparse/linalg/_eigen/arpack/_arpack.cpython-310-x86_64-linux-gnu.so
77706a462000-77706a463000 rw-p 00000000 00:00 0 
77706a463000-77706a474000 rw-p 000bf000 08:40 204955                     /usr/local/lib/python3.10/dist-packages/scipy/sparse/linalg/_eigen/arpack/_arpack.cpython-310-x86_64-linux-gnu.so
77706a474000-77706a47b000 rw-p 000d0000 08:40 204955                     /usr/local/lib/python3.10/dist-packages/scipy/sparse/linalg/_eigen/arpack/_arpack.cpython-310-x86_64-linux-gnu.so
77706a47b000-77706a497000 r--p 00000000 08:40 204933                     /usr/local/lib/python3.10/dist-packages/scipy/sparse/linalg/_dsolve/_superlu.cpython-310-x86_64-linux-gnu.so
77706a497000-77706a4f0000 r-xp 0001c000 08:40 204933                     /usr/local/lib/python3.10/dist-packages/scipy/sparse/linalg/_dsolve/_superlu.cpython-310-x86_64-linux-gnu.so
77706a4f0000-77706a506000 r--p 00075000 08:40 204933                     /usr/local/lib/python3.10/dist-packages/scipy/sparse/linalg/_dsolve/_superlu.cpython-310-x86_64-linux-gnu.so
77706a506000-77706a507000 r--p 0008a000 08:40 204933                     /usr/local/lib/python3.10/dist-packages/scipy/sparse/linalg/_dsolve/_superlu.cpython-310-x86_64-linux-gnu.so
77706a507000-77706a50c000 rw-p 0008b000 08:40 204933                     /usr/local/lib/python3.10/dist-packages/scipy/sparse/linalg/_dsolve/_superlu.cpython-310-x86_64-linux-gnu.so
77706a50c000-77706a51d000 rw-p 000af000 08:40 204933                     /usr/local/lib/python3.10/dist-packages/scipy/sparse/linalg/_dsolve/_superlu.cpython-310-x86_64-linux-gnu.so
77706a51d000-77706a524000 rw-p 000c0000 08:40 204933                     /usr/local/lib/python3.10/dist-packages/scipy/sparse/linalg/_dsolve/_superlu.cpython-310-x86_64-linux-gnu.so
77706a524000-77706a52b000 r--p 00000000 08:40 204209                     /usr/local/lib/python3.10/dist-packages/scipy/linalg/cython_blas.cpython-310-x86_64-linux-gnu.so
77706a52b000-77706a557000 r-xp 00007000 08:40 204209                     /usr/local/lib/python3.10/dist-packages/scipy/linalg/cython_blas.cpython-310-x86_64-linux-gnu.so
77706a557000-77706a565000 r--p 00033000 08:40 204209                     /usr/local/lib/python3.10/dist-packages/scipy/linalg/cython_blas.cpython-310-x86_64-linux-gnu.so
77706a565000-77706a566000 ---p 00041000 08:40 204209                     /usr/local/lib/python3.10/dist-packages/scipy/linalg/cython_blas.cpython-310-x86_64-linux-gnu.so
77706a566000-77706a567000 r--p 00041000 08:40 204209                     /usr/local/lib/python3.10/dist-packages/scipy/linalg/cython_blas.cpython-310-x86_64-linux-gnu.so
77706a567000-77706a569000 rw-p 00042000 08:40 204209                     /usr/local/lib/python3.10/dist-packages/scipy/linalg/cython_blas.cpython-310-x86_64-linux-gnu.so
77706a569000-77706a56a000 rw-p 00000000 00:00 0 
77706a56a000-77706a56e000 rw-p 00051000 08:40 204209                     /usr/local/lib/python3.10/dist-packages/scipy/linalg/cython_blas.cpython-310-x86_64-linux-gnu.so
77706a56e000-77706a570000 rw-p 00055000 08:40 204209                     /usr/local/lib/python3.10/dist-packages/scipy/linalg/cython_blas.cpython-310-x86_64-linux-gnu.so
77706a570000-77706a574000 r--p 00000000 08:40 204188                     /usr/local/lib/python3.10/dist-packages/scipy/linalg/_decomp_update.cpython-310-x86_64-linux-gnu.so
77706a574000-77706a5b2000 r-xp 00004000 08:40 204188                     /usr/local/lib/python3.10/dist-packages/scipy/linalg/_decomp_update.cpython-310-x86_64-linux-gnu.so
77706a5b2000-77706a5c2000 r--p 00042000 08:40 204188                     /usr/local/lib/python3.10/dist-packages/scipy/linalg/_decomp_update.cpython-310-x86_64-linux-gnu.so
77706a5c2000-77706a5c3000 r--p 00051000 08:40 204188                     /usr/local/lib/python3.10/dist-packages/scipy/linalg/_decomp_update.cpython-310-x86_64-linux-gnu.so
77706a5c3000-77706a5c4000 rw-p 00052000 08:40 204188                     /usr/local/lib/python3.10/dist-packages/scipy/linalg/_decomp_update.cpython-310-x86_64-linux-gnu.so
77706a5c4000-77706a5c5000 rw-p 00000000 00:00 0 
77706a5c5000-77706a5c8000 r--p 00000000 08:40 204193                     /usr/local/lib/python3.10/dist-packages/scipy/linalg/_linalg_pythran.cpython-310-x86_64-linux-gnu.so
77706a5c8000-77706a5dc000 r-xp 00003000 08:40 204193                     /usr/local/lib/python3.10/dist-packages/scipy/linalg/_linalg_pythran.cpython-310-x86_64-linux-gnu.so
77706a5dc000-77706a5e0000 r--p 00017000 08:40 204193                     /usr/local/lib/python3.10/dist-packages/scipy/linalg/_linalg_pythran.cpython-310-x86_64-linux-gnu.so
77706a5e0000-77706a5e1000 r--p 0001a000 08:40 204193                     /usr/local/lib/python3.10/dist-packages/scipy/linalg/_linalg_pythran.cpython-310-x86_64-linux-gnu.so
77706a5e1000-77706a5e2000 rw-p 0001b000 08:40 204193                     /usr/local/lib/python3.10/dist-packages/scipy/linalg/_linalg_pythran.cpython-310-x86_64-linux-gnu.so
77706a5e2000-77706a5fd000 r--p 00000000 08:40 204195                     /usr/local/lib/python3.10/dist-packages/scipy/linalg/_matfuncs_expm.cpython-310-x86_64-linux-gnu.so
77706a5fd000-77706a61d000 r-xp 0001b000 08:40 204195                     /usr/local/lib/python3.10/dist-packages/scipy/linalg/_matfuncs_expm.cpython-310-x86_64-linux-gnu.so
77706a61d000-77706a62b000 r--p 0003b000 08:40 204195                     /usr/local/lib/python3.10/dist-packages/scipy/linalg/_matfuncs_expm.cpython-310-x86_64-linux-gnu.so
77706a62b000-77706a62c000 r--p 00048000 08:40 204195                     /usr/local/lib/python3.10/dist-packages/scipy/linalg/_matfuncs_expm.cpython-310-x86_64-linux-gnu.so
77706a62c000-77706a630000 rw-p 00049000 08:40 204195                     /usr/local/lib/python3.10/dist-packages/scipy/linalg/_matfuncs_expm.cpython-310-x86_64-linux-gnu.so
77706a630000-77706a640000 rw-p 00067000 08:40 204195                     /usr/local/lib/python3.10/dist-packages/scipy/linalg/_matfuncs_expm.cpython-310-x86_64-linux-gnu.so
77706a640000-77706a646000 rw-p 00077000 08:40 204195                     /usr/local/lib/python3.10/dist-packages/scipy/linalg/_matfuncs_expm.cpython-310-x86_64-linux-gnu.so
77706a646000-77706a64b000 r--p 00000000 08:40 204199                     /usr/local/lib/python3.10/dist-packages/scipy/linalg/_matfuncs_sqrtm_triu.cpython-310-x86_64-linux-gnu.so
77706a64b000-77706a679000 r-xp 00005000 08:40 204199                     /usr/local/lib/python3.10/dist-packages/scipy/linalg/_matfuncs_sqrtm_triu.cpython-310-x86_64-linux-gnu.so
77706a679000-77706a681000 r--p 00033000 08:40 204199                     /usr/local/lib/python3.10/dist-packages/scipy/linalg/_matfuncs_sqrtm_triu.cpython-310-x86_64-linux-gnu.so
77706a681000-77706a682000 r--p 0003a000 08:40 204199                     /usr/local/lib/python3.10/dist-packages/scipy/linalg/_matfuncs_sqrtm_triu.cpython-310-x86_64-linux-gnu.so
77706a682000-77706a684000 rw-p 0003b000 08:40 204199                     /usr/local/lib/python3.10/dist-packages/scipy/linalg/_matfuncs_sqrtm_triu.cpython-310-x86_64-linux-gnu.so
77706a684000-77706a685000 rw-p 00000000 00:00 0 
77706a685000-77706a68a000 r--p 00000000 08:40 204181                     /usr/local/lib/python3.10/dist-packages/scipy/linalg/_decomp_lu_cython.cpython-310-x86_64-linux-gnu.so
77706a68a000-77706a6b6000 r-xp 00005000 08:40 204181                     /usr/local/lib/python3.10/dist-packages/scipy/linalg/_decomp_lu_cython.cpython-310-x86_64-linux-gnu.so
77706a6b6000-77706a6be000 r--p 00031000 08:40 204181                     /usr/local/lib/python3.10/dist-packages/scipy/linalg/_decomp_lu_cython.cpython-310-x86_64-linux-gnu.so
77706a6be000-77706a6bf000 r--p 00038000 08:40 204181                     /usr/local/lib/python3.10/dist-packages/scipy/linalg/_decomp_lu_cython.cpython-310-x86_64-linux-gnu.so
77706a6bf000-77706a6c1000 rw-p 00039000 08:40 204181                     /usr/local/lib/python3.10/dist-packages/scipy/linalg/_decomp_lu_cython.cpython-310-x86_64-linux-gnu.so
77706a6c1000-77706a6c2000 rw-p 00000000 00:00 0 
77706a6c2000-77706a6c7000 r--p 00000000 08:40 204203                     /usr/local/lib/python3.10/dist-packages/scipy/linalg/_solve_toeplitz.cpython-310-x86_64-linux-gnu.so
77706a6c7000-77706a6f8000 r-xp 00005000 08:40 204203                     /usr/local/lib/python3.10/dist-packages/scipy/linalg/_solve_toeplitz.cpython-310-x86_64-linux-gnu.so
77706a6f8000-77706a700000 r--p 00036000 08:40 204203                     /usr/local/lib/python3.10/dist-packages/scipy/linalg/_solve_toeplitz.cpython-310-x86_64-linux-gnu.so
77706a700000-77706a701000 ---p 0003e000 08:40 204203                     /usr/local/lib/python3.10/dist-packages/scipy/linalg/_solve_toeplitz.cpython-310-x86_64-linux-gnu.so
77706a701000-77706a702000 r--p 0003e000 08:40 204203                     /usr/local/lib/python3.10/dist-packages/scipy/linalg/_solve_toeplitz.cpython-310-x86_64-linux-gnu.so
77706a702000-77706a704000 rw-p 0003f000 08:40 204203                     /usr/local/lib/python3.10/dist-packages/scipy/linalg/_solve_toeplitz.cpython-310-x86_64-linux-gnu.so
77706a704000-77706a705000 rw-p 00000000 00:00 0 
77706a705000-77706a71f000 r--p 00000000 08:40 204212                     /usr/local/lib/python3.10/dist-packages/scipy/linalg/cython_lapack.cpython-310-x86_64-linux-gnu.so
77706a71f000-77706a73e000 r-xp 0001a000 08:40 204212                     /usr/local/lib/python3.10/dist-packages/scipy/linalg/cython_lapack.cpython-310-x86_64-linux-gnu.so
77706a73e000-77706a796000 r--p 00039000 08:40 204212                     /usr/local/lib/python3.10/dist-packages/scipy/linalg/cython_lapack.cpython-310-x86_64-linux-gnu.so
77706a796000-77706a797000 ---p 00091000 08:40 204212                     /usr/local/lib/python3.10/dist-packages/scipy/linalg/cython_lapack.cpython-310-x86_64-linux-gnu.so
77706a797000-77706a798000 r--p 00091000 08:40 204212                     /usr/local/lib/python3.10/dist-packages/scipy/linalg/cython_lapack.cpython-310-x86_64-linux-gnu.so
77706a798000-77706a79c000 rw-p 00092000 08:40 204212                     /usr/local/lib/python3.10/dist-packages/scipy/linalg/cython_lapack.cpython-310-x86_64-linux-gnu.so
77706a79c000-77706a7ac000 rw-p 000c1000 08:40 204212                     /usr/local/lib/python3.10/dist-packages/scipy/linalg/cython_lapack.cpython-310-x86_64-linux-gnu.so
77706a7ac000-77706a7b2000 rw-p 000d1000 08:40 204212                     /usr/local/lib/python3.10/dist-packages/scipy/linalg/cython_lapack.cpython-310-x86_64-linux-gnu.so
77706a7b2000-77706a7b8000 r--p 00000000 08:40 204172                     /usr/local/lib/python3.10/dist-packages/scipy/linalg/_cythonized_array_utils.cpython-310-x86_64-linux-gnu.so
77706a7b8000-77706a82c000 r-xp 00006000 08:40 204172                     /usr/local/lib/python3.10/dist-packages/scipy/linalg/_cythonized_array_utils.cpython-310-x86_64-linux-gnu.so
77706a82c000-77706a83a000 r--p 0007a000 08:40 204172                     /usr/local/lib/python3.10/dist-packages/scipy/linalg/_cythonized_array_utils.cpython-310-x86_64-linux-gnu.so
77706a83a000-77706a83b000 ---p 00088000 08:40 204172                     /usr/local/lib/python3.10/dist-packages/scipy/linalg/_cythonized_array_utils.cpython-310-x86_64-linux-gnu.so
77706a83b000-77706a83c000 r--p 00088000 08:40 204172                     /usr/local/lib/python3.10/dist-packages/scipy/linalg/_cythonized_array_utils.cpython-310-x86_64-linux-gnu.so
77706a83c000-77706a83f000 rw-p 00089000 08:40 204172                     /usr/local/lib/python3.10/dist-packages/scipy/linalg/_cythonized_array_utils.cpython-310-x86_64-linux-gnu.so
77706a83f000-77706a940000 rw-p 00000000 00:00 0 
77706a940000-77706a97d000 r--p 00000000 08:40 204191                     /usr/local/lib/python3.10/dist-packages/scipy/linalg/_flapack.cpython-310-x86_64-linux-gnu.so
77706a97d000-77706aa4a000 r-xp 0003d000 08:40 204191                     /usr/local/lib/python3.10/dist-packages/scipy/linalg/_flapack.cpython-310-x86_64-linux-gnu.so
77706aa4a000-77706aaca000 r--p 0010a000 08:40 204191                     /usr/local/lib/python3.10/dist-packages/scipy/linalg/_flapack.cpython-310-x86_64-linux-gnu.so
77706aaca000-77706aacb000 r--p 00189000 08:40 204191                     /usr/local/lib/python3.10/dist-packages/scipy/linalg/_flapack.cpython-310-x86_64-linux-gnu.so
77706aacb000-77706ab5a000 rw-p 0018a000 08:40 204191                     /usr/local/lib/python3.10/dist-packages/scipy/linalg/_flapack.cpython-310-x86_64-linux-gnu.so
77706ab5a000-77706ab6b000 rw-p 00246000 08:40 204191                     /usr/local/lib/python3.10/dist-packages/scipy/linalg/_flapack.cpython-310-x86_64-linux-gnu.so
77706ab6b000-77706ab72000 rw-p 00257000 08:40 204191                     /usr/local/lib/python3.10/dist-packages/scipy/linalg/_flapack.cpython-310-x86_64-linux-gnu.so
77706ab72000-77706ab73000 ---p 00000000 00:00 0 
77706ab73000-77706b373000 rw-p 00000000 00:00 0 
77706b373000-77706b374000 ---p 00000000 00:00 0 
77706b374000-77706bb74000 rw-p 00000000 00:00 0 
77706bb74000-77706bb75000 ---p 00000000 00:00 0 
77706bb75000-77706c375000 rw-p 00000000 00:00 0 
77706c375000-77706c376000 ---p 00000000 00:00 0 
77706c376000-77706cb76000 rw-p 00000000 00:00 0 
77706cb76000-77706cb77000 ---p 00000000 00:00 0 
77706cb77000-77706d377000 rw-p 00000000 00:00 0 
77706d377000-77706d378000 ---p 00000000 00:00 0 
77706d378000-77706db78000 rw-p 00000000 00:00 0 
77706db78000-77706db79000 ---p 00000000 00:00 0 
77706db79000-77706e379000 rw-p 00000000 00:00 0 
77706e379000-77706e37a000 ---p 00000000 00:00 0 
77706e37a000-77706eb7a000 rw-p 00000000 00:00 0 
77706eb7a000-77706eb7b000 ---p 00000000 00:00 0 
77706eb7b000-77706f37b000 rw-p 00000000 00:00 0 
77706f37b000-77706f37c000 ---p 00000000 00:00 0 
77706f37c000-77706fb7c000 rw-p 00000000 00:00 0 
77706fb7c000-77706fb7d000 ---p 00000000 00:00 0 
77706fb7d000-77707037d000 rw-p 00000000 00:00 0 
77707037d000-77707037e000 ---p 00000000 00:00 0 
77707037e000-777070b7e000 rw-p 00000000 00:00 0 
777070b7e000-777070b7f000 ---p 00000000 00:00 0 
777070b7f000-77707137f000 rw-p 00000000 00:00 0 
77707137f000-777071380000 ---p 00000000 00:00 0 
777071380000-777071b80000 rw-p 00000000 00:00 0 
777071b80000-777071b81000 ---p 00000000 00:00 0 
777071b81000-777072381000 rw-p 00000000 00:00 0 
777072381000-777072382000 ---p 00000000 00:00 0 
777072382000-77709ab82000 rw-p 00000000 00:00 0 
77709ab82000-77709ac2d000 r--p 00000000 08:40 205746                     /usr/local/lib/python3.10/dist-packages/scipy.libs/libscipy_openblas-68440149.so
77709ac2d000-77709bd3e000 r-xp 000ab000 08:40 205746                     /usr/local/lib/python3.10/dist-packages/scipy.libs/libscipy_openblas-68440149.so
77709bd3e000-77709beed000 r--p 011bc000 08:40 205746                     /usr/local/lib/python3.10/dist-packages/scipy.libs/libscipy_openblas-68440149.so
77709beed000-77709bef3000 r--p 0136a000 08:40 205746                     /usr/local/lib/python3.10/dist-packages/scipy.libs/libscipy_openblas-68440149.so
77709bef3000-77709befe000 rw-p 01370000 08:40 205746                     /usr/local/lib/python3.10/dist-packages/scipy.libs/libscipy_openblas-68440149.so
77709befe000-77709bf06000 rw-p 00000000 00:00 0 
77709bf06000-77709bf48000 rw-p 01435000 08:40 205746                     /usr/local/lib/python3.10/dist-packages/scipy.libs/libscipy_openblas-68440149.so
77709bf48000-77709bf76000 rw-p 01477000 08:40 205746                     /usr/local/lib/python3.10/dist-packages/scipy.libs/libscipy_openblas-68440149.so
77709bf76000-77709bfa4000 rw-p 014a5000 08:40 205746                     /usr/local/lib/python3.10/dist-packages/scipy.libs/libscipy_openblas-68440149.so
77709bfa4000-77709bfd2000 rw-p 014d3000 08:40 205746                     /usr/local/lib/python3.10/dist-packages/scipy.libs/libscipy_openblas-68440149.so
77709bfd2000-77709c000000 rw-p 01501000 08:40 205746                     /usr/local/lib/python3.10/dist-packages/scipy.libs/libscipy_openblas-68440149.so
77709c000000-77709c021000 rw-p 00000000 00:00 0 
77709c021000-7770a0000000 ---p 00000000 00:00 0 
7770a0000000-7770a0001000 rw-s a01e5e000 00:01 377                       /dev/zero (deleted)
7770a0001000-7770a0002000 rw-s a01e5d000 00:01 376                       /dev/zero (deleted)
7770a0002000-7770a0003000 rw-s a01e5c000 00:01 375                       /dev/zero (deleted)
7770a0003000-7770a0004000 rw-s a01e5b000 00:01 374                       /dev/zero (deleted)
7770a0004000-7770a0005000 r--p 00000000 08:40 204480                     /usr/local/lib/python3.10/dist-packages/scipy/optimize/_lsap.cpython-310-x86_64-linux-gnu.so
7770a0005000-7770a0007000 r-xp 00001000 08:40 204480                     /usr/local/lib/python3.10/dist-packages/scipy/optimize/_lsap.cpython-310-x86_64-linux-gnu.so
7770a0007000-7770a0009000 r--p 00003000 08:40 204480                     /usr/local/lib/python3.10/dist-packages/scipy/optimize/_lsap.cpython-310-x86_64-linux-gnu.so
7770a0009000-7770a000a000 r--p 00004000 08:40 204480                     /usr/local/lib/python3.10/dist-packages/scipy/optimize/_lsap.cpython-310-x86_64-linux-gnu.so
7770a000a000-7770a000b000 rw-p 00005000 08:40 204480                     /usr/local/lib/python3.10/dist-packages/scipy/optimize/_lsap.cpython-310-x86_64-linux-gnu.so
7770a000b000-7770a0032000 r--p 00000000 08:40 204190                     /usr/local/lib/python3.10/dist-packages/scipy/linalg/_fblas.cpython-310-x86_64-linux-gnu.so
7770a0032000-7770a007a000 r-xp 00027000 08:40 204190                     /usr/local/lib/python3.10/dist-packages/scipy/linalg/_fblas.cpython-310-x86_64-linux-gnu.so
7770a007a000-7770a00a7000 r--p 0006f000 08:40 204190                     /usr/local/lib/python3.10/dist-packages/scipy/linalg/_fblas.cpython-310-x86_64-linux-gnu.so
7770a00a7000-7770a00a8000 r--p 0009b000 08:40 204190                     /usr/local/lib/python3.10/dist-packages/scipy/linalg/_fblas.cpython-310-x86_64-linux-gnu.so
7770a00a8000-7770a00d1000 rw-p 0009c000 08:40 204190                     /usr/local/lib/python3.10/dist-packages/scipy/linalg/_fblas.cpython-310-x86_64-linux-gnu.so
7770a00d1000-7770a00e2000 rw-p 000e5000 08:40 204190                     /usr/local/lib/python3.10/dist-packages/scipy/linalg/_fblas.cpython-310-x86_64-linux-gnu.so
7770a00e2000-7770a00e9000 rw-p 000f6000 08:40 204190                     /usr/local/lib/python3.10/dist-packages/scipy/linalg/_fblas.cpython-310-x86_64-linux-gnu.so
7770a00e9000-7770a00ef000 r--p 00000000 08:40 204846                     /usr/local/lib/python3.10/dist-packages/scipy/sparse/_csparsetools.cpython-310-x86_64-linux-gnu.so
7770a00ef000-7770a0193000 r-xp 00006000 08:40 204846                     /usr/local/lib/python3.10/dist-packages/scipy/sparse/_csparsetools.cpython-310-x86_64-linux-gnu.so
7770a0193000-7770a01a2000 r--p 000aa000 08:40 204846                     /usr/local/lib/python3.10/dist-packages/scipy/sparse/_csparsetools.cpython-310-x86_64-linux-gnu.so
7770a01a2000-7770a01a3000 r--p 000b8000 08:40 204846                     /usr/local/lib/python3.10/dist-packages/scipy/sparse/_csparsetools.cpython-310-x86_64-linux-gnu.so
7770a01a3000-7770a01a6000 rw-p 000b9000 08:40 204846                     /usr/local/lib/python3.10/dist-packages/scipy/sparse/_csparsetools.cpython-310-x86_64-linux-gnu.so
7770a01a6000-7770a01a8000 rw-p 00000000 00:00 0 
7770a01a8000-7770a01ab000 r--p 00000000 08:40 204856                     /usr/local/lib/python3.10/dist-packages/scipy/sparse/_sparsetools.cpython-310-x86_64-linux-gnu.so
7770a01ab000-7770a0562000 r-xp 00003000 08:40 204856                     /usr/local/lib/python3.10/dist-packages/scipy/sparse/_sparsetools.cpython-310-x86_64-linux-gnu.so
7770a0562000-7770a05b4000 r--p 003ba000 08:40 204856                     /usr/local/lib/python3.10/dist-packages/scipy/sparse/_sparsetools.cpython-310-x86_64-linux-gnu.so
7770a05b4000-7770a05b5000 r--p 0040b000 08:40 204856                     /usr/local/lib/python3.10/dist-packages/scipy/sparse/_sparsetools.cpython-310-x86_64-linux-gnu.so
7770a05b5000-7770a05b6000 rw-p 0040c000 08:40 204856                     /usr/local/lib/python3.10/dist-packages/scipy/sparse/_sparsetools.cpython-310-x86_64-linux-gnu.so
7770a05b6000-7770a06b6000 rw-p 00000000 00:00 0 
7770a06b6000-7770a06c0000 r--p 00000000 08:40 104033                     /usr/local/lib/python3.10/dist-packages/numpy/fft/_pocketfft_umath.cpython-310-x86_64-linux-gnu.so
7770a06c0000-7770a073c000 r-xp 0000a000 08:40 104033                     /usr/local/lib/python3.10/dist-packages/numpy/fft/_pocketfft_umath.cpython-310-x86_64-linux-gnu.so
7770a073c000-7770a0745000 r--p 00086000 08:40 104033                     /usr/local/lib/python3.10/dist-packages/numpy/fft/_pocketfft_umath.cpython-310-x86_64-linux-gnu.so
7770a0745000-7770a0746000 r--p 0008e000 08:40 104033                     /usr/local/lib/python3.10/dist-packages/numpy/fft/_pocketfft_umath.cpython-310-x86_64-linux-gnu.so
7770a0746000-7770a0747000 rw-p 0008f000 08:40 104033                     /usr/local/lib/python3.10/dist-packages/numpy/fft/_pocketfft_umath.cpython-310-x86_64-linux-gnu.so
7770a0747000-7770a0847000 rw-p 00000000 00:00 0 
7770a0847000-7770a084a000 r--p 00000000 08:40 172638                     /usr/lib/python3.10/lib-dynload/_codecs_cn.cpython-310-x86_64-linux-gnu.so
7770a084a000-7770a084c000 r-xp 00003000 08:40 172638                     /usr/lib/python3.10/lib-dynload/_codecs_cn.cpython-310-x86_64-linux-gnu.so
7770a084c000-7770a0867000 r--p 00005000 08:40 172638                     /usr/lib/python3.10/lib-dynload/_codecs_cn.cpython-310-x86_64-linux-gnu.so
7770a0867000-7770a086d000 r--p 0001f000 08:40 172638                     /usr/lib/python3.10/lib-dynload/_codecs_cn.cpython-310-x86_64-linux-gnu.so
7770a086d000-7770a086e000 rw-p 00025000 08:40 172638                     /usr/lib/python3.10/lib-dynload/_codecs_cn.cpython-310-x86_64-linux-gnu.so
7770a086e000-7770a0871000 r--p 00000000 08:40 172642                     /usr/lib/python3.10/lib-dynload/_codecs_kr.cpython-310-x86_64-linux-gnu.so
7770a0871000-7770a0873000 r-xp 00003000 08:40 172642                     /usr/lib/python3.10/lib-dynload/_codecs_kr.cpython-310-x86_64-linux-gnu.so
7770a0873000-7770a088d000 r--p 00005000 08:40 172642                     /usr/lib/python3.10/lib-dynload/_codecs_kr.cpython-310-x86_64-linux-gnu.so
7770a088d000-7770a0891000 r--p 0001e000 08:40 172642                     /usr/lib/python3.10/lib-dynload/_codecs_kr.cpython-310-x86_64-linux-gnu.so
7770a0891000-7770a0892000 rw-p 00022000 08:40 172642                     /usr/lib/python3.10/lib-dynload/_codecs_kr.cpython-310-x86_64-linux-gnu.so
7770a0892000-7770a0897000 r--p 00000000 08:40 172641                     /usr/lib/python3.10/lib-dynload/_codecs_jp.cpython-310-x86_64-linux-gnu.so
7770a0897000-7770a089b000 r-xp 00005000 08:40 172641                     /usr/lib/python3.10/lib-dynload/_codecs_jp.cpython-310-x86_64-linux-gnu.so
7770a089b000-7770a08c8000 r--p 00009000 08:40 172641                     /usr/lib/python3.10/lib-dynload/_codecs_jp.cpython-310-x86_64-linux-gnu.so
7770a08c8000-7770a08d5000 r--p 00035000 08:40 172641                     /usr/lib/python3.10/lib-dynload/_codecs_jp.cpython-310-x86_64-linux-gnu.so
7770a08d5000-7770a08d6000 rw-p 00042000 08:40 172641                     /usr/lib/python3.10/lib-dynload/_codecs_jp.cpython-310-x86_64-linux-gnu.so
7770a08d6000-7770a09d6000 rw-p 00000000 00:00 0 
7770a09d6000-7770a09d9000 r--p 00000000 08:40 172639                     /usr/lib/python3.10/lib-dynload/_codecs_hk.cpython-310-x86_64-linux-gnu.so
7770a09d9000-7770a09db000 r-xp 00003000 08:40 172639                     /usr/lib/python3.10/lib-dynload/_codecs_hk.cpython-310-x86_64-linux-gnu.so
7770a09db000-7770a09fa000 r--p 00005000 08:40 172639                     /usr/lib/python3.10/lib-dynload/_codecs_hk.cpython-310-x86_64-linux-gnu.so
7770a09fa000-7770a09fe000 r--p 00023000 08:40 172639                     /usr/lib/python3.10/lib-dynload/_codecs_hk.cpython-310-x86_64-linux-gnu.so
7770a09fe000-7770a09ff000 rw-p 00027000 08:40 172639                     /usr/lib/python3.10/lib-dynload/_codecs_hk.cpython-310-x86_64-linux-gnu.so
7770a09ff000-7770a10ff000 rw-p 00000000 00:00 0 
7770a10ff000-7770a1100000 rw-s a01e5a000 00:01 373                       /dev/zero (deleted)
7770a1100000-7770a1101000 rw-s a01e59000 00:01 372                       /dev/zero (deleted)
7770a1101000-7770a1102000 rw-s a01e58000 00:01 371                       /dev/zero (deleted)
7770a1102000-7770a1103000 rw-s a01e57000 00:01 370                       /dev/zero (deleted)
7770a1103000-7770a1104000 rw-s a01e56000 00:01 369                       /dev/zero (deleted)
7770a1104000-7770a1105000 rw-s a01e55000 00:01 368                       /dev/zero (deleted)
7770a1105000-7770a1108000 r--p 00000000 08:40 205232                     /usr/local/lib/python3.10/dist-packages/scipy/special/_comb.cpython-310-x86_64-linux-gnu.so
7770a1108000-7770a110f000 r-xp 00003000 08:40 205232                     /usr/local/lib/python3.10/dist-packages/scipy/special/_comb.cpython-310-x86_64-linux-gnu.so
7770a110f000-7770a1111000 r--p 0000a000 08:40 205232                     /usr/local/lib/python3.10/dist-packages/scipy/special/_comb.cpython-310-x86_64-linux-gnu.so
7770a1111000-7770a1112000 r--p 0000b000 08:40 205232                     /usr/local/lib/python3.10/dist-packages/scipy/special/_comb.cpython-310-x86_64-linux-gnu.so
7770a1112000-7770a1113000 rw-p 0000c000 08:40 205232                     /usr/local/lib/python3.10/dist-packages/scipy/special/_comb.cpython-310-x86_64-linux-gnu.so
7770a1113000-7770a1125000 r--p 00000000 08:40 106998                     /usr/local/lib/python3.10/dist-packages/81d243bd2c585b0f4821__mypyc.cpython-310-x86_64-linux-gnu.so
7770a1125000-7770a1156000 r-xp 00012000 08:40 106998                     /usr/local/lib/python3.10/dist-packages/81d243bd2c585b0f4821__mypyc.cpython-310-x86_64-linux-gnu.so
7770a1156000-7770a1163000 r--p 00043000 08:40 106998                     /usr/local/lib/python3.10/dist-packages/81d243bd2c585b0f4821__mypyc.cpython-310-x86_64-linux-gnu.so
7770a1163000-7770a1164000 r--p 00050000 08:40 106998                     /usr/local/lib/python3.10/dist-packages/81d243bd2c585b0f4821__mypyc.cpython-310-x86_64-linux-gnu.so
7770a1164000-7770a116a000 rw-p 00051000 08:40 106998                     /usr/local/lib/python3.10/dist-packages/81d243bd2c585b0f4821__mypyc.cpython-310-x86_64-linux-gnu.so
7770a116a000-7770a126b000 rw-p 00000000 00:00 0 
7770a126b000-7770a1275000 r--p 00000000 08:40 788669                     /usr/local/lib/python3.10/dist-packages/pandas/_libs/parsers.cpython-310-x86_64-linux-gnu.so
7770a1275000-7770a12e3000 r-xp 0000a000 08:40 788669                     /usr/local/lib/python3.10/dist-packages/pandas/_libs/parsers.cpython-310-x86_64-linux-gnu.so
7770a12e3000-7770a12f0000 r--p 00078000 08:40 788669                     /usr/local/lib/python3.10/dist-packages/pandas/_libs/parsers.cpython-310-x86_64-linux-gnu.so
7770a12f0000-7770a12f3000 r--p 00084000 08:40 788669                     /usr/local/lib/python3.10/dist-packages/pandas/_libs/parsers.cpython-310-x86_64-linux-gnu.so
7770a12f3000-7770a12f6000 rw-p 00087000 08:40 788669                     /usr/local/lib/python3.10/dist-packages/pandas/_libs/parsers.cpython-310-x86_64-linux-gnu.so
7770a12f6000-7770a13f8000 rw-p 00000000 00:00 0 
7770a13f8000-7770a1404000 r--p 00000000 08:40 788641                     /usr/local/lib/python3.10/dist-packages/pandas/_libs/groupby.cpython-310-x86_64-linux-gnu.so
7770a1404000-7770a1654000 r-xp 0000c000 08:40 788641                     /usr/local/lib/python3.10/dist-packages/pandas/_libs/groupby.cpython-310-x86_64-linux-gnu.so
7770a1654000-7770a1671000 r--p 0025c000 08:40 788641                     /usr/local/lib/python3.10/dist-packages/pandas/_libs/groupby.cpython-310-x86_64-linux-gnu.so
7770a1671000-7770a1674000 r--p 00279000 08:40 788641                     /usr/local/lib/python3.10/dist-packages/pandas/_libs/groupby.cpython-310-x86_64-linux-gnu.so
7770a1674000-7770a167a000 rw-p 0027c000 08:40 788641                     /usr/local/lib/python3.10/dist-packages/pandas/_libs/groupby.cpython-310-x86_64-linux-gnu.so
7770a167a000-7770a177e000 rw-p 00000000 00:00 0 
7770a177e000-7770a1785000 r--p 00000000 08:40 788673                     /usr/local/lib/python3.10/dist-packages/pandas/_libs/reshape.cpython-310-x86_64-linux-gnu.so
7770a1785000-7770a17be000 r-xp 00007000 08:40 788673                     /usr/local/lib/python3.10/dist-packages/pandas/_libs/reshape.cpython-310-x86_64-linux-gnu.so
7770a17be000-7770a17c7000 r--p 00040000 08:40 788673                     /usr/local/lib/python3.10/dist-packages/pandas/_libs/reshape.cpython-310-x86_64-linux-gnu.so
7770a17c7000-7770a17c9000 r--p 00048000 08:40 788673                     /usr/local/lib/python3.10/dist-packages/pandas/_libs/reshape.cpython-310-x86_64-linux-gnu.so
7770a17c9000-7770a17cb000 rw-p 0004a000 08:40 788673                     /usr/local/lib/python3.10/dist-packages/pandas/_libs/reshape.cpython-310-x86_64-linux-gnu.so
7770a17cb000-7770a17cc000 rw-p 00000000 00:00 0 
7770a17cc000-7770a17d2000 r--p 00000000 08:40 788722                     /usr/local/lib/python3.10/dist-packages/pandas/_libs/window/indexers.cpython-310-x86_64-linux-gnu.so
7770a17d2000-7770a17f5000 r-xp 00006000 08:40 788722                     /usr/local/lib/python3.10/dist-packages/pandas/_libs/window/indexers.cpython-310-x86_64-linux-gnu.so
7770a17f5000-7770a17fc000 r--p 00029000 08:40 788722                     /usr/local/lib/python3.10/dist-packages/pandas/_libs/window/indexers.cpython-310-x86_64-linux-gnu.so
7770a17fc000-7770a17fd000 r--p 00030000 08:40 788722                     /usr/local/lib/python3.10/dist-packages/pandas/_libs/window/indexers.cpython-310-x86_64-linux-gnu.so
7770a17fd000-7770a17ff000 rw-p 00031000 08:40 788722                     /usr/local/lib/python3.10/dist-packages/pandas/_libs/window/indexers.cpython-310-x86_64-linux-gnu.so
7770a17ff000-7770a1c00000 rw-p 00000000 00:00 0 
7770a1c00000-7770a1c39000 r-xp 00000000 08:40 193372                     /usr/local/lib/python3.10/dist-packages/kiwisolver/_cext.cpython-310-x86_64-linux-gnu.so
7770a1c39000-7770a1e38000 ---p 00039000 08:40 193372                     /usr/local/lib/python3.10/dist-packages/kiwisolver/_cext.cpython-310-x86_64-linux-gnu.so
7770a1e38000-7770a1e39000 r--p 00038000 08:40 193372                     /usr/local/lib/python3.10/dist-packages/kiwisolver/_cext.cpython-310-x86_64-linux-gnu.so
7770a1e39000-7770a1e3a000 rw-p 00039000 08:40 193372                     /usr/local/lib/python3.10/dist-packages/kiwisolver/_cext.cpython-310-x86_64-linux-gnu.so
7770a1e3a000-7770a1e3b000 rw-p 00000000 00:00 0 
7770a1e3b000-7770a1e3c000 rw-s a01e54000 00:01 367                       /dev/zero (deleted)
7770a1e3c000-7770a1e3d000 rw-s a01e53000 00:01 366                       /dev/zero (deleted)
7770a1e3d000-7770a1e3e000 rw-s a01e52000 00:01 362                       /dev/zero (deleted)
7770a1e3e000-7770a1e3f000 rw-s a01e51000 00:01 361                       /dev/zero (deleted)
7770a1e3f000-7770a1e42000 r--p 00000000 08:40 203379                     /usr/local/lib/python3.10/dist-packages/scipy/_lib/messagestream.cpython-310-x86_64-linux-gnu.so
7770a1e42000-7770a1e4c000 r-xp 00003000 08:40 203379                     /usr/local/lib/python3.10/dist-packages/scipy/_lib/messagestream.cpython-310-x86_64-linux-gnu.so
7770a1e4c000-7770a1e4f000 r--p 0000d000 08:40 203379                     /usr/local/lib/python3.10/dist-packages/scipy/_lib/messagestream.cpython-310-x86_64-linux-gnu.so
7770a1e4f000-7770a1e50000 r--p 0000f000 08:40 203379                     /usr/local/lib/python3.10/dist-packages/scipy/_lib/messagestream.cpython-310-x86_64-linux-gnu.so
7770a1e50000-7770a1e51000 rw-p 00010000 08:40 203379                     /usr/local/lib/python3.10/dist-packages/scipy/_lib/messagestream.cpython-310-x86_64-linux-gnu.so
7770a1e51000-7770a1e53000 r--p 00000000 08:40 172643                     /usr/lib/python3.10/lib-dynload/_codecs_tw.cpython-310-x86_64-linux-gnu.so
7770a1e53000-7770a1e54000 r-xp 00002000 08:40 172643                     /usr/lib/python3.10/lib-dynload/_codecs_tw.cpython-310-x86_64-linux-gnu.so
7770a1e54000-7770a1e68000 r--p 00003000 08:40 172643                     /usr/lib/python3.10/lib-dynload/_codecs_tw.cpython-310-x86_64-linux-gnu.so
7770a1e68000-7770a1e6d000 r--p 00016000 08:40 172643                     /usr/lib/python3.10/lib-dynload/_codecs_tw.cpython-310-x86_64-linux-gnu.so
7770a1e6d000-7770a1e6e000 rw-p 0001b000 08:40 172643                     /usr/lib/python3.10/lib-dynload/_codecs_tw.cpython-310-x86_64-linux-gnu.so
7770a1e6e000-7770a1e76000 r--p 00000000 08:40 788720                     /usr/local/lib/python3.10/dist-packages/pandas/_libs/window/aggregations.cpython-310-x86_64-linux-gnu.so
7770a1e76000-7770a1ec5000 r-xp 00008000 08:40 788720                     /usr/local/lib/python3.10/dist-packages/pandas/_libs/window/aggregations.cpython-310-x86_64-linux-gnu.so
7770a1ec5000-7770a1ecf000 r--p 00057000 08:40 788720                     /usr/local/lib/python3.10/dist-packages/pandas/_libs/window/aggregations.cpython-310-x86_64-linux-gnu.so
7770a1ecf000-7770a1ed1000 r--p 00061000 08:40 788720                     /usr/local/lib/python3.10/dist-packages/pandas/_libs/window/aggregations.cpython-310-x86_64-linux-gnu.so
7770a1ed1000-7770a1ed3000 rw-p 00063000 08:40 788720                     /usr/local/lib/python3.10/dist-packages/pandas/_libs/window/aggregations.cpython-310-x86_64-linux-gnu.so
7770a1ed3000-7770a1ed4000 rw-p 00000000 00:00 0 
7770a1ed4000-7770a1eed000 r--p 00000000 08:40 193936                     /usr/local/lib/python3.10/dist-packages/matplotlib/ft2font.cpython-310-x86_64-linux-gnu.so
7770a1eed000-7770a1fba000 r-xp 00019000 08:40 193936                     /usr/local/lib/python3.10/dist-packages/matplotlib/ft2font.cpython-310-x86_64-linux-gnu.so
7770a1fba000-7770a1ff7000 r--p 000e6000 08:40 193936                     /usr/local/lib/python3.10/dist-packages/matplotlib/ft2font.cpython-310-x86_64-linux-gnu.so
7770a1ff7000-7770a1ffe000 r--p 00122000 08:40 193936                     /usr/local/lib/python3.10/dist-packages/matplotlib/ft2font.cpython-310-x86_64-linux-gnu.so
7770a1ffe000-7770a1fff000 rw-p 00129000 08:40 193936                     /usr/local/lib/python3.10/dist-packages/matplotlib/ft2font.cpython-310-x86_64-linux-gnu.so
7770a1fff000-7770a2400000 rw-p 00000000 00:00 0 
7770a2400000-7770a2403000 r-xp 00000000 08:40 200820                     /usr/local/lib/python3.10/dist-packages/pillow.libs/libXau-154567c4.so.6.0.0
7770a2403000-7770a2602000 ---p 00003000 08:40 200820                     /usr/local/lib/python3.10/dist-packages/pillow.libs/libXau-154567c4.so.6.0.0
7770a2602000-7770a2603000 r--p 00002000 08:40 200820                     /usr/local/lib/python3.10/dist-packages/pillow.libs/libXau-154567c4.so.6.0.0
7770a2603000-7770a2604000 rw-p 00000000 00:00 0 
7770a2604000-7770a2605000 rw-p 00005000 08:40 200820                     /usr/local/lib/python3.10/dist-packages/pillow.libs/libXau-154567c4.so.6.0.0
7770a2605000-7770a2606000 rw-s a01e50000 00:01 360                       /dev/zero (deleted)
7770a2606000-7770a2607000 rw-s a01e4f000 00:01 359                       /dev/zero (deleted)
7770a2607000-7770a2608000 r--p 00000000 08:40 231038                     /usr/local/lib/python3.10/dist-packages/tensorflow/lite/python/_pywrap_analyzer_wrapper.so
7770a2608000-7770a2609000 r-xp 00000000 08:40 231038                     /usr/local/lib/python3.10/dist-packages/tensorflow/lite/python/_pywrap_analyzer_wrapper.so
7770a2609000-7770a260a000 r--p 00000000 08:40 231038                     /usr/local/lib/python3.10/dist-packages/tensorflow/lite/python/_pywrap_analyzer_wrapper.so
7770a260a000-7770a260b000 rw-p 00000000 08:40 231038                     /usr/local/lib/python3.10/dist-packages/tensorflow/lite/python/_pywrap_analyzer_wrapper.so
7770a260b000-7770a260e000 r--p 00000000 08:40 172656                     /usr/lib/python3.10/lib-dynload/_multibytecodec.cpython-310-x86_64-linux-gnu.so
7770a260e000-7770a2614000 r-xp 00003000 08:40 172656                     /usr/lib/python3.10/lib-dynload/_multibytecodec.cpython-310-x86_64-linux-gnu.so
7770a2614000-7770a2616000 r--p 00009000 08:40 172656                     /usr/lib/python3.10/lib-dynload/_multibytecodec.cpython-310-x86_64-linux-gnu.so
7770a2616000-7770a2617000 r--p 0000a000 08:40 172656                     /usr/lib/python3.10/lib-dynload/_multibytecodec.cpython-310-x86_64-linux-gnu.so
7770a2617000-7770a2618000 rw-p 0000b000 08:40 172656                     /usr/lib/python3.10/lib-dynload/_multibytecodec.cpython-310-x86_64-linux-gnu.so
7770a2618000-7770a261c000 r--p 00000000 08:40 788679                     /usr/local/lib/python3.10/dist-packages/pandas/_libs/testing.cpython-310-x86_64-linux-gnu.so
7770a261c000-7770a2630000 r-xp 00004000 08:40 788679                     /usr/local/lib/python3.10/dist-packages/pandas/_libs/testing.cpython-310-x86_64-linux-gnu.so
7770a2630000-7770a2633000 r--p 00018000 08:40 788679                     /usr/local/lib/python3.10/dist-packages/pandas/_libs/testing.cpython-310-x86_64-linux-gnu.so
7770a2633000-7770a2634000 r--p 0001b000 08:40 788679                     /usr/local/lib/python3.10/dist-packages/pandas/_libs/testing.cpython-310-x86_64-linux-gnu.so
7770a2634000-7770a2635000 rw-p 0001c000 08:40 788679                     /usr/local/lib/python3.10/dist-packages/pandas/_libs/testing.cpython-310-x86_64-linux-gnu.so
7770a2635000-7770a263a000 r--p 00000000 08:40 200837                     /usr/local/lib/python3.10/dist-packages/pillow.libs/libzstd-761a17b6.so.1.5.7
7770a263a000-7770a27ca000 r-xp 00005000 08:40 200837                     /usr/local/lib/python3.10/dist-packages/pillow.libs/libzstd-761a17b6.so.1.5.7
7770a27ca000-7770a27e9000 r--p 00195000 08:40 200837                     /usr/local/lib/python3.10/dist-packages/pillow.libs/libzstd-761a17b6.so.1.5.7
7770a27e9000-7770a27ea000 r--p 001b4000 08:40 200837                     /usr/local/lib/python3.10/dist-packages/pillow.libs/libzstd-761a17b6.so.1.5.7
7770a27ea000-7770a27eb000 rw-p 001b5000 08:40 200837                     /usr/local/lib/python3.10/dist-packages/pillow.libs/libzstd-761a17b6.so.1.5.7
7770a27eb000-7770a27ed000 rw-p 001b6000 08:40 200837                     /usr/local/lib/python3.10/dist-packages/pillow.libs/libzstd-761a17b6.so.1.5.7
7770a27ed000-7770a27ee000 ---p 00000000 00:00 0 
7770a27ee000-7770a2fee000 rw-p 00000000 00:00 0 
7770a2fee000-7770a2fef000 ---p 00000000 00:00 0 
7770a2fef000-7770a37ef000 rw-p 00000000 00:00 0 
7770a37ef000-7770a37f0000 ---p 00000000 00:00 0 
7770a37f0000-7770a3ff0000 rw-p 00000000 00:00 0 
7770a3ff0000-7770a3ff1000 ---p 00000000 00:00 0 
7770a3ff1000-7770a47f1000 rw-p 00000000 00:00 0 
7770a47f1000-7770a47f2000 r--p 00000000 08:40 231041                     /usr/local/lib/python3.10/dist-packages/tensorflow/lite/python/_pywrap_tensorflow_interpreter_wrapper.so
7770a47f2000-7770a47f3000 r-xp 00000000 08:40 231041                     /usr/local/lib/python3.10/dist-packages/tensorflow/lite/python/_pywrap_tensorflow_interpreter_wrapper.so
7770a47f3000-7770a47f4000 r--p 00000000 08:40 231041                     /usr/local/lib/python3.10/dist-packages/tensorflow/lite/python/_pywrap_tensorflow_interpreter_wrapper.so
7770a47f4000-7770a47f5000 rw-p 00000000 08:40 231041                     /usr/local/lib/python3.10/dist-packages/tensorflow/lite/python/_pywrap_tensorflow_interpreter_wrapper.so
7770a47f5000-7770a47f9000 r--p 00000000 08:40 203237                     /usr/local/lib/python3.10/dist-packages/scipy/_lib/_ccallback_c.cpython-310-x86_64-linux-gnu.so
7770a47f9000-7770a4807000 r-xp 00004000 08:40 203237                     /usr/local/lib/python3.10/dist-packages/scipy/_lib/_ccallback_c.cpython-310-x86_64-linux-gnu.so
7770a4807000-7770a480a000 r--p 00012000 08:40 203237                     /usr/local/lib/python3.10/dist-packages/scipy/_lib/_ccallback_c.cpython-310-x86_64-linux-gnu.so
7770a480a000-7770a480b000 r--p 00014000 08:40 203237                     /usr/local/lib/python3.10/dist-packages/scipy/_lib/_ccallback_c.cpython-310-x86_64-linux-gnu.so
7770a480b000-7770a480c000 rw-p 00015000 08:40 203237                     /usr/local/lib/python3.10/dist-packages/scipy/_lib/_ccallback_c.cpython-310-x86_64-linux-gnu.so
7770a480c000-7770a480d000 rw-p 00000000 00:00 0 
7770a480d000-7770a480f000 r--p 00000000 08:40 788657                     /usr/local/lib/python3.10/dist-packages/pandas/_libs/json.cpython-310-x86_64-linux-gnu.so
7770a480f000-7770a4818000 r-xp 00002000 08:40 788657                     /usr/local/lib/python3.10/dist-packages/pandas/_libs/json.cpython-310-x86_64-linux-gnu.so
7770a4818000-7770a481b000 r--p 0000b000 08:40 788657                     /usr/local/lib/python3.10/dist-packages/pandas/_libs/json.cpython-310-x86_64-linux-gnu.so
7770a481b000-7770a481c000 r--p 0000e000 08:40 788657                     /usr/local/lib/python3.10/dist-packages/pandas/_libs/json.cpython-310-x86_64-linux-gnu.so
7770a481c000-7770a481d000 rw-p 0000f000 08:40 788657                     /usr/local/lib/python3.10/dist-packages/pandas/_libs/json.cpython-310-x86_64-linux-gnu.so
7770a481d000-7770a491d000 rw-p 00000000 00:00 0 
7770a491d000-7770a4925000 r--p 00000000 08:40 788655                     /usr/local/lib/python3.10/dist-packages/pandas/_libs/join.cpython-310-x86_64-linux-gnu.so
7770a4925000-7770a4a67000 r-xp 00008000 08:40 788655                     /usr/local/lib/python3.10/dist-packages/pandas/_libs/join.cpython-310-x86_64-linux-gnu.so
7770a4a67000-7770a4a75000 r--p 0014a000 08:40 788655                     /usr/local/lib/python3.10/dist-packages/pandas/_libs/join.cpython-310-x86_64-linux-gnu.so
7770a4a75000-7770a4a77000 r--p 00157000 08:40 788655                     /usr/local/lib/python3.10/dist-packages/pandas/_libs/join.cpython-310-x86_64-linux-gnu.so
7770a4a77000-7770a4a7a000 rw-p 00159000 08:40 788655                     /usr/local/lib/python3.10/dist-packages/pandas/_libs/join.cpython-310-x86_64-linux-gnu.so
7770a4a7a000-7770a4a7c000 rw-p 00000000 00:00 0 
7770a4a7c000-7770a4a82000 r--p 00000000 08:40 788683                     /usr/local/lib/python3.10/dist-packages/pandas/_libs/writers.cpython-310-x86_64-linux-gnu.so
7770a4a82000-7770a4aad000 r-xp 00006000 08:40 788683                     /usr/local/lib/python3.10/dist-packages/pandas/_libs/writers.cpython-310-x86_64-linux-gnu.so
7770a4aad000-7770a4ab5000 r--p 00031000 08:40 788683                     /usr/local/lib/python3.10/dist-packages/pandas/_libs/writers.cpython-310-x86_64-linux-gnu.so
7770a4ab5000-7770a4ab7000 r--p 00038000 08:40 788683                     /usr/local/lib/python3.10/dist-packages/pandas/_libs/writers.cpython-310-x86_64-linux-gnu.so
7770a4ab7000-7770a4ab9000 rw-p 0003a000 08:40 788683                     /usr/local/lib/python3.10/dist-packages/pandas/_libs/writers.cpython-310-x86_64-linux-gnu.so
7770a4ab9000-7770a4aba000 rw-p 00000000 00:00 0 
7770a4aba000-7770a4ac7000 r--p 00000000 08:40 788647                     /usr/local/lib/python3.10/dist-packages/pandas/_libs/index.cpython-310-x86_64-linux-gnu.so
7770a4ac7000-7770a4b71000 r-xp 0000d000 08:40 788647                     /usr/local/lib/python3.10/dist-packages/pandas/_libs/index.cpython-310-x86_64-linux-gnu.so
7770a4b71000-7770a4b89000 r--p 000b7000 08:40 788647                     /usr/local/lib/python3.10/dist-packages/pandas/_libs/index.cpython-310-x86_64-linux-gnu.so
7770a4b89000-7770a4b8c000 r--p 000ce000 08:40 788647                     /usr/local/lib/python3.10/dist-packages/pandas/_libs/index.cpython-310-x86_64-linux-gnu.so
7770a4b8c000-7770a4b94000 rw-p 000d1000 08:40 788647                     /usr/local/lib/python3.10/dist-packages/pandas/_libs/index.cpython-310-x86_64-linux-gnu.so
7770a4b94000-7770a4b98000 rw-p 00000000 00:00 0 
7770a4b98000-7770a4b9c000 r--p 00000000 08:40 788649                     /usr/local/lib/python3.10/dist-packages/pandas/_libs/indexing.cpython-310-x86_64-linux-gnu.so
7770a4b9c000-7770a4ba4000 r-xp 00004000 08:40 788649                     /usr/local/lib/python3.10/dist-packages/pandas/_libs/indexing.cpython-310-x86_64-linux-gnu.so
7770a4ba4000-7770a4ba7000 r--p 0000c000 08:40 788649                     /usr/local/lib/python3.10/dist-packages/pandas/_libs/indexing.cpython-310-x86_64-linux-gnu.so
7770a4ba7000-7770a4ba8000 r--p 0000e000 08:40 788649                     /usr/local/lib/python3.10/dist-packages/pandas/_libs/indexing.cpython-310-x86_64-linux-gnu.so
7770a4ba8000-7770a4ba9000 rw-p 0000f000 08:40 788649                     /usr/local/lib/python3.10/dist-packages/pandas/_libs/indexing.cpython-310-x86_64-linux-gnu.so
7770a4ba9000-7770a4ca9000 rw-p 00000000 00:00 0 
7770a4ca9000-7770a4cb1000 r--p 00000000 08:40 788651                     /usr/local/lib/python3.10/dist-packages/pandas/_libs/internals.cpython-310-x86_64-linux-gnu.so
7770a4cb1000-7770a4cfb000 r-xp 00008000 08:40 788651                     /usr/local/lib/python3.10/dist-packages/pandas/_libs/internals.cpython-310-x86_64-linux-gnu.so
7770a4cfb000-7770a4d07000 r--p 00052000 08:40 788651                     /usr/local/lib/python3.10/dist-packages/pandas/_libs/internals.cpython-310-x86_64-linux-gnu.so
7770a4d07000-7770a4d09000 r--p 0005d000 08:40 788651                     /usr/local/lib/python3.10/dist-packages/pandas/_libs/internals.cpython-310-x86_64-linux-gnu.so
7770a4d09000-7770a4d0c000 rw-p 0005f000 08:40 788651                     /usr/local/lib/python3.10/dist-packages/pandas/_libs/internals.cpython-310-x86_64-linux-gnu.so
7770a4d0c000-7770a4d0e000 rw-p 00000000 00:00 0 
7770a4d0e000-7770a4d16000 r--p 00000000 08:40 788677                     /usr/local/lib/python3.10/dist-packages/pandas/_libs/sparse.cpython-310-x86_64-linux-gnu.so
7770a4d16000-7770a4df0000 r-xp 00008000 08:40 788677                     /usr/local/lib/python3.10/dist-packages/pandas/_libs/sparse.cpython-310-x86_64-linux-gnu.so
7770a4df0000-7770a4dfd000 r--p 000e2000 08:40 788677                     /usr/local/lib/python3.10/dist-packages/pandas/_libs/sparse.cpython-310-x86_64-linux-gnu.so
7770a4dfd000-7770a4dff000 r--p 000ef000 08:40 788677                     /usr/local/lib/python3.10/dist-packages/pandas/_libs/sparse.cpython-310-x86_64-linux-gnu.so
7770a4dff000-7770a4e02000 rw-p 000f1000 08:40 788677                     /usr/local/lib/python3.10/dist-packages/pandas/_libs/sparse.cpython-310-x86_64-linux-gnu.so
7770a4e02000-7770a4f04000 rw-p 00000000 00:00 0 
7770a4f04000-7770a4f0b000 r--p 00000000 08:40 788681                     /usr/local/lib/python3.10/dist-packages/pandas/_libs/tslib.cpython-310-x86_64-linux-gnu.so
7770a4f0b000-7770a4f49000 r-xp 00007000 08:40 788681                     /usr/local/lib/python3.10/dist-packages/pandas/_libs/tslib.cpython-310-x86_64-linux-gnu.so
7770a4f49000-7770a4f53000 r--p 00045000 08:40 788681                     /usr/local/lib/python3.10/dist-packages/pandas/_libs/tslib.cpython-310-x86_64-linux-gnu.so
7770a4f53000-7770a4f55000 r--p 0004e000 08:40 788681                     /usr/local/lib/python3.10/dist-packages/pandas/_libs/tslib.cpython-310-x86_64-linux-gnu.so
7770a4f55000-7770a4f57000 rw-p 00050000 08:40 788681                     /usr/local/lib/python3.10/dist-packages/pandas/_libs/tslib.cpython-310-x86_64-linux-gnu.so
7770a4f57000-7770a4f58000 rw-p 00000000 00:00 0 
7770a4f58000-7770a4f5d000 r--p 00000000 08:40 788637                     /usr/local/lib/python3.10/dist-packages/pandas/_libs/arrays.cpython-310-x86_64-linux-gnu.so
7770a4f5d000-7770a4f70000 r-xp 00005000 08:40 788637                     /usr/local/lib/python3.10/dist-packages/pandas/_libs/arrays.cpython-310-x86_64-linux-gnu.so
7770a4f70000-7770a4f74000 r--p 00018000 08:40 788637                     /usr/local/lib/python3.10/dist-packages/pandas/_libs/arrays.cpython-310-x86_64-linux-gnu.so
7770a4f74000-7770a4f75000 r--p 0001c000 08:40 788637                     /usr/local/lib/python3.10/dist-packages/pandas/_libs/arrays.cpython-310-x86_64-linux-gnu.so
7770a4f75000-7770a4f77000 rw-p 0001d000 08:40 788637                     /usr/local/lib/python3.10/dist-packages/pandas/_libs/arrays.cpython-310-x86_64-linux-gnu.so
7770a4f77000-7770a4f7d000 r--p 00000000 08:40 788643                     /usr/local/lib/python3.10/dist-packages/pandas/_libs/hashing.cpython-310-x86_64-linux-gnu.so
7770a4f7d000-7770a4fa1000 r-xp 00006000 08:40 788643                     /usr/local/lib/python3.10/dist-packages/pandas/_libs/hashing.cpython-310-x86_64-linux-gnu.so
7770a4fa1000-7770a4fa8000 r--p 0002a000 08:40 788643                     /usr/local/lib/python3.10/dist-packages/pandas/_libs/hashing.cpython-310-x86_64-linux-gnu.so
7770a4fa8000-7770a4fa9000 r--p 00031000 08:40 788643                     /usr/local/lib/python3.10/dist-packages/pandas/_libs/hashing.cpython-310-x86_64-linux-gnu.so
7770a4fa9000-7770a4fab000 rw-p 00032000 08:40 788643                     /usr/local/lib/python3.10/dist-packages/pandas/_libs/hashing.cpython-310-x86_64-linux-gnu.so
7770a4fab000-7770a50ac000 rw-p 00000000 00:00 0 
7770a50ac000-7770a50b2000 r--p 00000000 08:40 788663                     /usr/local/lib/python3.10/dist-packages/pandas/_libs/ops.cpython-310-x86_64-linux-gnu.so
7770a50b2000-7770a50e0000 r-xp 00006000 08:40 788663                     /usr/local/lib/python3.10/dist-packages/pandas/_libs/ops.cpython-310-x86_64-linux-gnu.so
7770a50e0000-7770a50e8000 r--p 00034000 08:40 788663                     /usr/local/lib/python3.10/dist-packages/pandas/_libs/ops.cpython-310-x86_64-linux-gnu.so
7770a50e8000-7770a50ea000 r--p 0003b000 08:40 788663                     /usr/local/lib/python3.10/dist-packages/pandas/_libs/ops.cpython-310-x86_64-linux-gnu.so
7770a50ea000-7770a50ec000 rw-p 0003d000 08:40 788663                     /usr/local/lib/python3.10/dist-packages/pandas/_libs/ops.cpython-310-x86_64-linux-gnu.so
7770a50ec000-7770a51ed000 rw-p 00000000 00:00 0 
7770a51ed000-7770a5208000 r--p 00000000 08:40 100862                     /usr/local/lib/python3.10/dist-packages/pyarrow/_compute.cpython-310-x86_64-linux-gnu.so
7770a5208000-7770a52a3000 r-xp 0001b000 08:40 100862                     /usr/local/lib/python3.10/dist-packages/pyarrow/_compute.cpython-310-x86_64-linux-gnu.so
7770a52a3000-7770a52cd000 r--p 000b6000 08:40 100862                     /usr/local/lib/python3.10/dist-packages/pyarrow/_compute.cpython-310-x86_64-linux-gnu.so
7770a52cd000-7770a52d0000 r--p 000df000 08:40 100862                     /usr/local/lib/python3.10/dist-packages/pyarrow/_compute.cpython-310-x86_64-linux-gnu.so
7770a52d0000-7770a52de000 rw-p 000e2000 08:40 100862                     /usr/local/lib/python3.10/dist-packages/pyarrow/_compute.cpython-310-x86_64-linux-gnu.so
7770a52de000-7770a53e2000 rw-p 00000000 00:00 0 
7770a53e2000-7770a53ee000 r--p 00000000 08:40 788659                     /usr/local/lib/python3.10/dist-packages/pandas/_libs/lib.cpython-310-x86_64-linux-gnu.so
7770a53ee000-7770a5494000 r-xp 0000c000 08:40 788659                     /usr/local/lib/python3.10/dist-packages/pandas/_libs/lib.cpython-310-x86_64-linux-gnu.so
7770a5494000-7770a54ad000 r--p 000b2000 08:40 788659                     /usr/local/lib/python3.10/dist-packages/pandas/_libs/lib.cpython-310-x86_64-linux-gnu.so
7770a54ad000-7770a54b1000 r--p 000ca000 08:40 788659                     /usr/local/lib/python3.10/dist-packages/pandas/_libs/lib.cpython-310-x86_64-linux-gnu.so
7770a54b1000-7770a54b7000 rw-p 000ce000 08:40 788659                     /usr/local/lib/python3.10/dist-packages/pandas/_libs/lib.cpython-310-x86_64-linux-gnu.so
7770a54b7000-7770a54b9000 rw-p 00000000 00:00 0 
7770a54b9000-7770a54c5000 r--p 00000000 08:40 788635                     /usr/local/lib/python3.10/dist-packages/pandas/_libs/algos.cpython-310-x86_64-linux-gnu.so
7770a54c5000-7770a56a9000 r-xp 0000c000 08:40 788635                     /usr/local/lib/python3.10/dist-packages/pandas/_libs/algos.cpython-310-x86_64-linux-gnu.so
7770a56a9000-7770a56c6000 r--p 001f0000 08:40 788635                     /usr/local/lib/python3.10/dist-packages/pandas/_libs/algos.cpython-310-x86_64-linux-gnu.so
7770a56c6000-7770a56c9000 r--p 0020d000 08:40 788635                     /usr/local/lib/python3.10/dist-packages/pandas/_libs/algos.cpython-310-x86_64-linux-gnu.so
7770a56c9000-7770a56cd000 rw-p 00210000 08:40 788635                     /usr/local/lib/python3.10/dist-packages/pandas/_libs/algos.cpython-310-x86_64-linux-gnu.so
7770a56cd000-7770a56d2000 rw-p 00000000 00:00 0 
7770a56d2000-7770a56d6000 r--p 00000000 08:40 788665                     /usr/local/lib/python3.10/dist-packages/pandas/_libs/ops_dispatch.cpython-310-x86_64-linux-gnu.so
7770a56d6000-7770a56dd000 r-xp 00004000 08:40 788665                     /usr/local/lib/python3.10/dist-packages/pandas/_libs/ops_dispatch.cpython-310-x86_64-linux-gnu.so
7770a56dd000-7770a56df000 r--p 0000b000 08:40 788665                     /usr/local/lib/python3.10/dist-packages/pandas/_libs/ops_dispatch.cpython-310-x86_64-linux-gnu.so
7770a56df000-7770a56e0000 r--p 0000d000 08:40 788665                     /usr/local/lib/python3.10/dist-packages/pandas/_libs/ops_dispatch.cpython-310-x86_64-linux-gnu.so
7770a56e0000-7770a56e1000 rw-p 0000e000 08:40 788665                     /usr/local/lib/python3.10/dist-packages/pandas/_libs/ops_dispatch.cpython-310-x86_64-linux-gnu.so
7770a56e1000-7770a56e7000 r--p 00000000 08:40 788716                     /usr/local/lib/python3.10/dist-packages/pandas/_libs/tslibs/vectorized.cpython-310-x86_64-linux-gnu.so
7770a56e7000-7770a5711000 r-xp 00006000 08:40 788716                     /usr/local/lib/python3.10/dist-packages/pandas/_libs/tslibs/vectorized.cpython-310-x86_64-linux-gnu.so
7770a5711000-7770a5719000 r--p 00030000 08:40 788716                     /usr/local/lib/python3.10/dist-packages/pandas/_libs/tslibs/vectorized.cpython-310-x86_64-linux-gnu.so
7770a5719000-7770a571a000 r--p 00038000 08:40 788716                     /usr/local/lib/python3.10/dist-packages/pandas/_libs/tslibs/vectorized.cpython-310-x86_64-linux-gnu.so
7770a571a000-7770a571c000 rw-p 00039000 08:40 788716                     /usr/local/lib/python3.10/dist-packages/pandas/_libs/tslibs/vectorized.cpython-310-x86_64-linux-gnu.so
7770a571c000-7770a571d000 rw-p 00000000 00:00 0 
7770a571d000-7770a5726000 r--p 00000000 08:40 788704                     /usr/local/lib/python3.10/dist-packages/pandas/_libs/tslibs/period.cpython-310-x86_64-linux-gnu.so
7770a5726000-7770a577c000 r-xp 00009000 08:40 788704                     /usr/local/lib/python3.10/dist-packages/pandas/_libs/tslibs/period.cpython-310-x86_64-linux-gnu.so
7770a577c000-7770a5795000 r--p 0005f000 08:40 788704                     /usr/local/lib/python3.10/dist-packages/pandas/_libs/tslibs/period.cpython-310-x86_64-linux-gnu.so
7770a5795000-7770a5798000 r--p 00077000 08:40 788704                     /usr/local/lib/python3.10/dist-packages/pandas/_libs/tslibs/period.cpython-310-x86_64-linux-gnu.so
7770a5798000-7770a579b000 rw-p 0007a000 08:40 788704                     /usr/local/lib/python3.10/dist-packages/pandas/_libs/tslibs/period.cpython-310-x86_64-linux-gnu.so
7770a579b000-7770a579c000 rw-p 00000000 00:00 0 
7770a579c000-7770a57a4000 r--p 00000000 08:40 788706                     /usr/local/lib/python3.10/dist-packages/pandas/_libs/tslibs/strptime.cpython-310-x86_64-linux-gnu.so
7770a57a4000-7770a57ec000 r-xp 00008000 08:40 788706                     /usr/local/lib/python3.10/dist-packages/pandas/_libs/tslibs/strptime.cpython-310-x86_64-linux-gnu.so
7770a57ec000-7770a57f6000 r--p 00050000 08:40 788706                     /usr/local/lib/python3.10/dist-packages/pandas/_libs/tslibs/strptime.cpython-310-x86_64-linux-gnu.so
7770a57f6000-7770a57f8000 r--p 0005a000 08:40 788706                     /usr/local/lib/python3.10/dist-packages/pandas/_libs/tslibs/strptime.cpython-310-x86_64-linux-gnu.so
7770a57f8000-7770a57fa000 rw-p 0005c000 08:40 788706                     /usr/local/lib/python3.10/dist-packages/pandas/_libs/tslibs/strptime.cpython-310-x86_64-linux-gnu.so
7770a57fa000-7770a57fc000 rw-p 00000000 00:00 0 
7770a57fc000-7770a5805000 r--p 00000000 08:40 788702                     /usr/local/lib/python3.10/dist-packages/pandas/_libs/tslibs/parsing.cpython-310-x86_64-linux-gnu.so
7770a5805000-7770a5856000 r-xp 00009000 08:40 788702                     /usr/local/lib/python3.10/dist-packages/pandas/_libs/tslibs/parsing.cpython-310-x86_64-linux-gnu.so
7770a5856000-7770a5863000 r--p 0005a000 08:40 788702                     /usr/local/lib/python3.10/dist-packages/pandas/_libs/tslibs/parsing.cpython-310-x86_64-linux-gnu.so
7770a5863000-7770a5865000 r--p 00067000 08:40 788702                     /usr/local/lib/python3.10/dist-packages/pandas/_libs/tslibs/parsing.cpython-310-x86_64-linux-gnu.so
7770a5865000-7770a5868000 rw-p 00069000 08:40 788702                     /usr/local/lib/python3.10/dist-packages/pandas/_libs/tslibs/parsing.cpython-310-x86_64-linux-gnu.so
7770a5868000-7770a5869000 rw-p 00000000 00:00 0 
7770a5869000-7770a586d000 r--p 00000000 08:40 788671                     /usr/local/lib/python3.10/dist-packages/pandas/_libs/properties.cpython-310-x86_64-linux-gnu.so
7770a586d000-7770a5879000 r-xp 00004000 08:40 788671                     /usr/local/lib/python3.10/dist-packages/pandas/_libs/properties.cpython-310-x86_64-linux-gnu.so
7770a5879000-7770a587c000 r--p 00010000 08:40 788671                     /usr/local/lib/python3.10/dist-packages/pandas/_libs/properties.cpython-310-x86_64-linux-gnu.so
7770a587c000-7770a587d000 r--p 00012000 08:40 788671                     /usr/local/lib/python3.10/dist-packages/pandas/_libs/properties.cpython-310-x86_64-linux-gnu.so
7770a587d000-7770a587e000 rw-p 00013000 08:40 788671                     /usr/local/lib/python3.10/dist-packages/pandas/_libs/properties.cpython-310-x86_64-linux-gnu.so
7770a587e000-7770a587f000 rw-p 00000000 00:00 0 
7770a587f000-7770a5886000 r--p 00000000 08:40 788714                     /usr/local/lib/python3.10/dist-packages/pandas/_libs/tslibs/tzconversion.cpython-310-x86_64-linux-gnu.so
7770a5886000-7770a58c3000 r-xp 00007000 08:40 788714                     /usr/local/lib/python3.10/dist-packages/pandas/_libs/tslibs/tzconversion.cpython-310-x86_64-linux-gnu.so
7770a58c3000-7770a58cc000 r--p 00044000 08:40 788714                     /usr/local/lib/python3.10/dist-packages/pandas/_libs/tslibs/tzconversion.cpython-310-x86_64-linux-gnu.so
7770a58cc000-7770a58ce000 r--p 0004d000 08:40 788714                     /usr/local/lib/python3.10/dist-packages/pandas/_libs/tslibs/tzconversion.cpython-310-x86_64-linux-gnu.so
7770a58ce000-7770a58d0000 rw-p 0004f000 08:40 788714                     /usr/local/lib/python3.10/dist-packages/pandas/_libs/tslibs/tzconversion.cpython-310-x86_64-linux-gnu.so
7770a58d0000-7770a58d1000 rw-p 00000000 00:00 0 
7770a58d1000-7770a58d8000 r--p 00000000 08:40 788694                     /usr/local/lib/python3.10/dist-packages/pandas/_libs/tslibs/fields.cpython-310-x86_64-linux-gnu.so
7770a58d8000-7770a5916000 r-xp 00007000 08:40 788694                     /usr/local/lib/python3.10/dist-packages/pandas/_libs/tslibs/fields.cpython-310-x86_64-linux-gnu.so
7770a5916000-7770a5920000 r--p 00045000 08:40 788694                     /usr/local/lib/python3.10/dist-packages/pandas/_libs/tslibs/fields.cpython-310-x86_64-linux-gnu.so
7770a5920000-7770a5922000 r--p 0004e000 08:40 788694                     /usr/local/lib/python3.10/dist-packages/pandas/_libs/tslibs/fields.cpython-310-x86_64-linux-gnu.so
7770a5922000-7770a5924000 rw-p 00050000 08:40 788694                     /usr/local/lib/python3.10/dist-packages/pandas/_libs/tslibs/fields.cpython-310-x86_64-linux-gnu.so
7770a5924000-7770a5c25000 rw-p 00000000 00:00 0 
7770a5c25000-7770a5c2b000 r--p 00000000 08:40 788712                     /usr/local/lib/python3.10/dist-packages/pandas/_libs/tslibs/timezones.cpython-310-x86_64-linux-gnu.so
7770a5c2b000-7770a5c5d000 r-xp 00006000 08:40 788712                     /usr/local/lib/python3.10/dist-packages/pandas/_libs/tslibs/timezones.cpython-310-x86_64-linux-gnu.so
7770a5c5d000-7770a5c66000 r--p 00038000 08:40 788712                     /usr/local/lib/python3.10/dist-packages/pandas/_libs/tslibs/timezones.cpython-310-x86_64-linux-gnu.so
7770a5c66000-7770a5c68000 r--p 00040000 08:40 788712                     /usr/local/lib/python3.10/dist-packages/pandas/_libs/tslibs/timezones.cpython-310-x86_64-linux-gnu.so
7770a5c68000-7770a5c6a000 rw-p 00042000 08:40 788712                     /usr/local/lib/python3.10/dist-packages/pandas/_libs/tslibs/timezones.cpython-310-x86_64-linux-gnu.so
7770a5c6a000-7770a5c6b000 rw-p 00000000 00:00 0 
7770a5c6b000-7770a5c75000 r--p 00000000 08:40 788708                     /usr/local/lib/python3.10/dist-packages/pandas/_libs/tslibs/timedeltas.cpython-310-x86_64-linux-gnu.so
7770a5c75000-7770a5ce3000 r-xp 0000a000 08:40 788708                     /usr/local/lib/python3.10/dist-packages/pandas/_libs/tslibs/timedeltas.cpython-310-x86_64-linux-gnu.so
7770a5ce3000-7770a5cf8000 r--p 00078000 08:40 788708                     /usr/local/lib/python3.10/dist-packages/pandas/_libs/tslibs/timedeltas.cpython-310-x86_64-linux-gnu.so
7770a5cf8000-7770a5cfb000 r--p 0008c000 08:40 788708                     /usr/local/lib/python3.10/dist-packages/pandas/_libs/tslibs/timedeltas.cpython-310-x86_64-linux-gnu.so
7770a5cfb000-7770a5cfe000 rw-p 0008f000 08:40 788708                     /usr/local/lib/python3.10/dist-packages/pandas/_libs/tslibs/timedeltas.cpython-310-x86_64-linux-gnu.so
7770a5cfe000-7770a5d00000 rw-p 00000000 00:00 0 
7770a5d00000-7770a5d06000 r--p 00000000 08:40 788696                     /usr/local/lib/python3.10/dist-packages/pandas/_libs/tslibs/nattype.cpython-310-x86_64-linux-gnu.so
7770a5d06000-7770a5d27000 r-xp 00006000 08:40 788696                     /usr/local/lib/python3.10/dist-packages/pandas/_libs/tslibs/nattype.cpython-310-x86_64-linux-gnu.so
7770a5d27000-7770a5d35000 r--p 00027000 08:40 788696                     /usr/local/lib/python3.10/dist-packages/pandas/_libs/tslibs/nattype.cpython-310-x86_64-linux-gnu.so
7770a5d35000-7770a5d37000 r--p 00034000 08:40 788696                     /usr/local/lib/python3.10/dist-packages/pandas/_libs/tslibs/nattype.cpython-310-x86_64-linux-gnu.so
7770a5d37000-7770a5d39000 rw-p 00036000 08:40 788696                     /usr/local/lib/python3.10/dist-packages/pandas/_libs/tslibs/nattype.cpython-310-x86_64-linux-gnu.so
7770a5d39000-7770a5d3a000 rw-p 00000000 00:00 0 
7770a5d3a000-7770a5d45000 r--p 00000000 08:40 788710                     /usr/local/lib/python3.10/dist-packages/pandas/_libs/tslibs/timestamps.cpython-310-x86_64-linux-gnu.so
7770a5d45000-7770a5dac000 r-xp 0000b000 08:40 788710                     /usr/local/lib/python3.10/dist-packages/pandas/_libs/tslibs/timestamps.cpython-310-x86_64-linux-gnu.so
7770a5dac000-7770a5dcd000 r--p 00072000 08:40 788710                     /usr/local/lib/python3.10/dist-packages/pandas/_libs/tslibs/timestamps.cpython-310-x86_64-linux-gnu.so
7770a5dcd000-7770a5dd0000 r--p 00092000 08:40 788710                     /usr/local/lib/python3.10/dist-packages/pandas/_libs/tslibs/timestamps.cpython-310-x86_64-linux-gnu.so
7770a5dd0000-7770a5dd3000 rw-p 00095000 08:40 788710                     /usr/local/lib/python3.10/dist-packages/pandas/_libs/tslibs/timestamps.cpython-310-x86_64-linux-gnu.so
7770a5dd3000-7770a5ed5000 rw-p 00000000 00:00 0 
7770a5ed5000-7770a5ee5000 r--p 00000000 08:40 788700                     /usr/local/lib/python3.10/dist-packages/pandas/_libs/tslibs/offsets.cpython-310-x86_64-linux-gnu.so
7770a5ee5000-7770a5fa4000 r-xp 00010000 08:40 788700                     /usr/local/lib/python3.10/dist-packages/pandas/_libs/tslibs/offsets.cpython-310-x86_64-linux-gnu.so
7770a5fa4000-7770a5fc9000 r--p 000cf000 08:40 788700                     /usr/local/lib/python3.10/dist-packages/pandas/_libs/tslibs/offsets.cpython-310-x86_64-linux-gnu.so
7770a5fc9000-7770a5fcd000 r--p 000f3000 08:40 788700                     /usr/local/lib/python3.10/dist-packages/pandas/_libs/tslibs/offsets.cpython-310-x86_64-linux-gnu.so
7770a5fcd000-7770a5fd7000 rw-p 000f7000 08:40 788700                     /usr/local/lib/python3.10/dist-packages/pandas/_libs/tslibs/offsets.cpython-310-x86_64-linux-gnu.so
7770a5fd7000-7770a5fdb000 rw-p 00000000 00:00 0 
7770a5fdb000-7770a5fde000 r--p 00000000 08:40 788687                     /usr/local/lib/python3.10/dist-packages/pandas/_libs/tslibs/base.cpython-310-x86_64-linux-gnu.so
7770a5fde000-7770a5fe5000 r-xp 00003000 08:40 788687                     /usr/local/lib/python3.10/dist-packages/pandas/_libs/tslibs/base.cpython-310-x86_64-linux-gnu.so
7770a5fe5000-7770a5fe7000 r--p 0000a000 08:40 788687                     /usr/local/lib/python3.10/dist-packages/pandas/_libs/tslibs/base.cpython-310-x86_64-linux-gnu.so
7770a5fe7000-7770a5fe8000 r--p 0000c000 08:40 788687                     /usr/local/lib/python3.10/dist-packages/pandas/_libs/tslibs/base.cpython-310-x86_64-linux-gnu.so
7770a5fe8000-7770a5fe9000 rw-p 0000d000 08:40 788687                     /usr/local/lib/python3.10/dist-packages/pandas/_libs/tslibs/base.cpython-310-x86_64-linux-gnu.so
7770a5fe9000-7770a5ff0000 r--p 00000000 08:40 788690                     /usr/local/lib/python3.10/dist-packages/pandas/_libs/tslibs/conversion.cpython-310-x86_64-linux-gnu.so
7770a5ff0000-7770a6026000 r-xp 00007000 08:40 788690                     /usr/local/lib/python3.10/dist-packages/pandas/_libs/tslibs/conversion.cpython-310-x86_64-linux-gnu.so
7770a6026000-7770a6030000 r--p 0003d000 08:40 788690                     /usr/local/lib/python3.10/dist-packages/pandas/_libs/tslibs/conversion.cpython-310-x86_64-linux-gnu.so
7770a6030000-7770a6032000 r--p 00046000 08:40 788690                     /usr/local/lib/python3.10/dist-packages/pandas/_libs/tslibs/conversion.cpython-310-x86_64-linux-gnu.so
7770a6032000-7770a6034000 rw-p 00048000 08:40 788690                     /usr/local/lib/python3.10/dist-packages/pandas/_libs/tslibs/conversion.cpython-310-x86_64-linux-gnu.so
7770a6034000-7770a6035000 rw-p 00000000 00:00 0 
7770a6035000-7770a6039000 r--p 00000000 08:40 788698                     /usr/local/lib/python3.10/dist-packages/pandas/_libs/tslibs/np_datetime.cpython-310-x86_64-linux-gnu.so
7770a6039000-7770a6050000 r-xp 00004000 08:40 788698                     /usr/local/lib/python3.10/dist-packages/pandas/_libs/tslibs/np_datetime.cpython-310-x86_64-linux-gnu.so
7770a6050000-7770a6055000 r--p 0001b000 08:40 788698                     /usr/local/lib/python3.10/dist-packages/pandas/_libs/tslibs/np_datetime.cpython-310-x86_64-linux-gnu.so
7770a6055000-7770a6056000 r--p 00020000 08:40 788698                     /usr/local/lib/python3.10/dist-packages/pandas/_libs/tslibs/np_datetime.cpython-310-x86_64-linux-gnu.so
7770a6056000-7770a6057000 rw-p 00021000 08:40 788698                     /usr/local/lib/python3.10/dist-packages/pandas/_libs/tslibs/np_datetime.cpython-310-x86_64-linux-gnu.so
7770a6057000-7770a6058000 rw-p 00000000 00:00 0 
7770a6058000-7770a605c000 r--p 00000000 08:40 788688                     /usr/local/lib/python3.10/dist-packages/pandas/_libs/tslibs/ccalendar.cpython-310-x86_64-linux-gnu.so
7770a605c000-7770a606a000 r-xp 00004000 08:40 788688                     /usr/local/lib/python3.10/dist-packages/pandas/_libs/tslibs/ccalendar.cpython-310-x86_64-linux-gnu.so
7770a606a000-7770a606d000 r--p 00012000 08:40 788688                     /usr/local/lib/python3.10/dist-packages/pandas/_libs/tslibs/ccalendar.cpython-310-x86_64-linux-gnu.so
7770a606d000-7770a606e000 r--p 00015000 08:40 788688                     /usr/local/lib/python3.10/dist-packages/pandas/_libs/tslibs/ccalendar.cpython-310-x86_64-linux-gnu.so
7770a606e000-7770a606f000 rw-p 00016000 08:40 788688                     /usr/local/lib/python3.10/dist-packages/pandas/_libs/tslibs/ccalendar.cpython-310-x86_64-linux-gnu.so
7770a606f000-7770a6076000 r--p 00000000 08:40 788692                     /usr/local/lib/python3.10/dist-packages/pandas/_libs/tslibs/dtypes.cpython-310-x86_64-linux-gnu.so
7770a6076000-7770a6092000 r-xp 00007000 08:40 788692                     /usr/local/lib/python3.10/dist-packages/pandas/_libs/tslibs/dtypes.cpython-310-x86_64-linux-gnu.so
7770a6092000-7770a6098000 r--p 00023000 08:40 788692                     /usr/local/lib/python3.10/dist-packages/pandas/_libs/tslibs/dtypes.cpython-310-x86_64-linux-gnu.so
7770a6098000-7770a609a000 r--p 00029000 08:40 788692                     /usr/local/lib/python3.10/dist-packages/pandas/_libs/tslibs/dtypes.cpython-310-x86_64-linux-gnu.so
7770a609a000-7770a609b000 rw-p 0002b000 08:40 788692                     /usr/local/lib/python3.10/dist-packages/pandas/_libs/tslibs/dtypes.cpython-310-x86_64-linux-gnu.so
7770a609b000-7770a609d000 rw-p 00000000 00:00 0 
7770a609d000-7770a60a3000 r--p 00000000 08:40 788661                     /usr/local/lib/python3.10/dist-packages/pandas/_libs/missing.cpython-310-x86_64-linux-gnu.so
7770a60a3000-7770a60c3000 r-xp 00006000 08:40 788661                     /usr/local/lib/python3.10/dist-packages/pandas/_libs/missing.cpython-310-x86_64-linux-gnu.so
7770a60c3000-7770a60ca000 r--p 00026000 08:40 788661                     /usr/local/lib/python3.10/dist-packages/pandas/_libs/missing.cpython-310-x86_64-linux-gnu.so
7770a60ca000-7770a60cc000 r--p 0002c000 08:40 788661                     /usr/local/lib/python3.10/dist-packages/pandas/_libs/missing.cpython-310-x86_64-linux-gnu.so
7770a60cc000-7770a60ce000 rw-p 0002e000 08:40 788661                     /usr/local/lib/python3.10/dist-packages/pandas/_libs/missing.cpython-310-x86_64-linux-gnu.so
7770a60ce000-7770a60cf000 rw-p 00000000 00:00 0 
7770a60cf000-7770a60e4000 r--p 00000000 08:40 788645                     /usr/local/lib/python3.10/dist-packages/pandas/_libs/hashtable.cpython-310-x86_64-linux-gnu.so
7770a60e4000-7770a62ad000 r-xp 00015000 08:40 788645                     /usr/local/lib/python3.10/dist-packages/pandas/_libs/hashtable.cpython-310-x86_64-linux-gnu.so
7770a62ad000-7770a62e4000 r--p 001de000 08:40 788645                     /usr/local/lib/python3.10/dist-packages/pandas/_libs/hashtable.cpython-310-x86_64-linux-gnu.so
7770a62e4000-7770a62e9000 r--p 00215000 08:40 788645                     /usr/local/lib/python3.10/dist-packages/pandas/_libs/hashtable.cpython-310-x86_64-linux-gnu.so
7770a62e9000-7770a62f6000 rw-p 0021a000 08:40 788645                     /usr/local/lib/python3.10/dist-packages/pandas/_libs/hashtable.cpython-310-x86_64-linux-gnu.so
7770a62f6000-7770a62fe000 rw-p 00000000 00:00 0 
7770a62fe000-7770a630b000 r--p 00000000 08:40 788653                     /usr/local/lib/python3.10/dist-packages/pandas/_libs/interval.cpython-310-x86_64-linux-gnu.so
7770a630b000-7770a642d000 r-xp 0000d000 08:40 788653                     /usr/local/lib/python3.10/dist-packages/pandas/_libs/interval.cpython-310-x86_64-linux-gnu.so
7770a642d000-7770a644b000 r--p 0012f000 08:40 788653                     /usr/local/lib/python3.10/dist-packages/pandas/_libs/interval.cpython-310-x86_64-linux-gnu.so
7770a644b000-7770a644d000 r--p 0014d000 08:40 788653                     /usr/local/lib/python3.10/dist-packages/pandas/_libs/interval.cpython-310-x86_64-linux-gnu.so
7770a644d000-7770a6454000 rw-p 0014f000 08:40 788653                     /usr/local/lib/python3.10/dist-packages/pandas/_libs/interval.cpython-310-x86_64-linux-gnu.so
7770a6454000-7770a6456000 rw-p 00000000 00:00 0 
7770a6456000-7770a6462000 r--p 00000000 08:40 103753                     /usr/local/lib/python3.10/dist-packages/numpy/random/_generator.cpython-310-x86_64-linux-gnu.so
7770a6462000-7770a64d7000 r-xp 0000c000 08:40 103753                     /usr/local/lib/python3.10/dist-packages/numpy/random/_generator.cpython-310-x86_64-linux-gnu.so
7770a64d7000-7770a652e000 r--p 00081000 08:40 103753                     /usr/local/lib/python3.10/dist-packages/numpy/random/_generator.cpython-310-x86_64-linux-gnu.so
7770a652e000-7770a652f000 ---p 000d8000 08:40 103753                     /usr/local/lib/python3.10/dist-packages/numpy/random/_generator.cpython-310-x86_64-linux-gnu.so
7770a652f000-7770a6532000 r--p 000d8000 08:40 103753                     /usr/local/lib/python3.10/dist-packages/numpy/random/_generator.cpython-310-x86_64-linux-gnu.so
7770a6532000-7770a6535000 rw-p 000db000 08:40 103753                     /usr/local/lib/python3.10/dist-packages/numpy/random/_generator.cpython-310-x86_64-linux-gnu.so
7770a6535000-7770a6537000 rw-p 00000000 00:00 0 
7770a6537000-7770a653b000 r--p 00000000 08:40 103751                     /usr/local/lib/python3.10/dist-packages/numpy/random/_pcg64.cpython-310-x86_64-linux-gnu.so
7770a653b000-7770a654c000 r-xp 00004000 08:40 103751                     /usr/local/lib/python3.10/dist-packages/numpy/random/_pcg64.cpython-310-x86_64-linux-gnu.so
7770a654c000-7770a6552000 r--p 00015000 08:40 103751                     /usr/local/lib/python3.10/dist-packages/numpy/random/_pcg64.cpython-310-x86_64-linux-gnu.so
7770a6552000-7770a6553000 r--p 0001a000 08:40 103751                     /usr/local/lib/python3.10/dist-packages/numpy/random/_pcg64.cpython-310-x86_64-linux-gnu.so
7770a6553000-7770a6554000 rw-p 0001b000 08:40 103751                     /usr/local/lib/python3.10/dist-packages/numpy/random/_pcg64.cpython-310-x86_64-linux-gnu.so
7770a6554000-7770a6555000 rw-p 00000000 00:00 0 
7770a6555000-7770a6559000 r--p 00000000 08:40 103754                     /usr/local/lib/python3.10/dist-packages/numpy/random/_philox.cpython-310-x86_64-linux-gnu.so
7770a6559000-7770a6567000 r-xp 00004000 08:40 103754                     /usr/local/lib/python3.10/dist-packages/numpy/random/_philox.cpython-310-x86_64-linux-gnu.so
7770a6567000-7770a656c000 r--p 00012000 08:40 103754                     /usr/local/lib/python3.10/dist-packages/numpy/random/_philox.cpython-310-x86_64-linux-gnu.so
7770a656c000-7770a656d000 r--p 00016000 08:40 103754                     /usr/local/lib/python3.10/dist-packages/numpy/random/_philox.cpython-310-x86_64-linux-gnu.so
7770a656d000-7770a656e000 rw-p 00017000 08:40 103754                     /usr/local/lib/python3.10/dist-packages/numpy/random/_philox.cpython-310-x86_64-linux-gnu.so
7770a656e000-7770a656f000 rw-p 00000000 00:00 0 
7770a656f000-7770a6573000 r--p 00000000 08:40 103735                     /usr/local/lib/python3.10/dist-packages/numpy/random/_bounded_integers.cpython-310-x86_64-linux-gnu.so
7770a6573000-7770a65b4000 r-xp 00004000 08:40 103735                     /usr/local/lib/python3.10/dist-packages/numpy/random/_bounded_integers.cpython-310-x86_64-linux-gnu.so
7770a65b4000-7770a65bd000 r--p 00045000 08:40 103735                     /usr/local/lib/python3.10/dist-packages/numpy/random/_bounded_integers.cpython-310-x86_64-linux-gnu.so
7770a65bd000-7770a65be000 r--p 0004d000 08:40 103735                     /usr/local/lib/python3.10/dist-packages/numpy/random/_bounded_integers.cpython-310-x86_64-linux-gnu.so
7770a65be000-7770a65bf000 rw-p 0004e000 08:40 103735                     /usr/local/lib/python3.10/dist-packages/numpy/random/_bounded_integers.cpython-310-x86_64-linux-gnu.so
7770a65bf000-7770a65c0000 rw-p 00000000 00:00 0 
7770a65c0000-7770a7000000 rw-p 00000000 00:00 0 
7770a7000000-7770a7001000 rw-s a01e4e000 00:01 358                       /dev/zero (deleted)
7770a7001000-7770a7003000 r--p 00000000 08:40 172672                     /usr/lib/python3.10/lib-dynload/_zoneinfo.cpython-310-x86_64-linux-gnu.so
7770a7003000-7770a7009000 r-xp 00002000 08:40 172672                     /usr/lib/python3.10/lib-dynload/_zoneinfo.cpython-310-x86_64-linux-gnu.so
7770a7009000-7770a700b000 r--p 00008000 08:40 172672                     /usr/lib/python3.10/lib-dynload/_zoneinfo.cpython-310-x86_64-linux-gnu.so
7770a700b000-7770a700c000 r--p 00009000 08:40 172672                     /usr/lib/python3.10/lib-dynload/_zoneinfo.cpython-310-x86_64-linux-gnu.so
7770a700c000-7770a700d000 rw-p 0000a000 08:40 172672                     /usr/lib/python3.10/lib-dynload/_zoneinfo.cpython-310-x86_64-linux-gnu.so
7770a700d000-7770a7016000 r--p 00000000 08:40 103747                     /usr/local/lib/python3.10/dist-packages/numpy/random/mtrand.cpython-310-x86_64-linux-gnu.so
7770a7016000-7770a7066000 r-xp 00009000 08:40 103747                     /usr/local/lib/python3.10/dist-packages/numpy/random/mtrand.cpython-310-x86_64-linux-gnu.so
7770a7066000-7770a70b9000 r--p 00059000 08:40 103747                     /usr/local/lib/python3.10/dist-packages/numpy/random/mtrand.cpython-310-x86_64-linux-gnu.so
7770a70b9000-7770a70bc000 r--p 000ab000 08:40 103747                     /usr/local/lib/python3.10/dist-packages/numpy/random/mtrand.cpython-310-x86_64-linux-gnu.so
7770a70bc000-7770a70be000 rw-p 000ae000 08:40 103747                     /usr/local/lib/python3.10/dist-packages/numpy/random/mtrand.cpython-310-x86_64-linux-gnu.so
7770a70be000-7770a70c0000 rw-p 00000000 00:00 0 
7770a70c0000-7770a70c4000 r--p 00000000 08:40 103739                     /usr/local/lib/python3.10/dist-packages/numpy/random/_common.cpython-310-x86_64-linux-gnu.so
7770a70c4000-7770a70f0000 r-xp 00004000 08:40 103739                     /usr/local/lib/python3.10/dist-packages/numpy/random/_common.cpython-310-x86_64-linux-gnu.so
7770a70f0000-7770a70f4000 r--p 00030000 08:40 103739                     /usr/local/lib/python3.10/dist-packages/numpy/random/_common.cpython-310-x86_64-linux-gnu.so
7770a70f4000-7770a70f5000 ---p 00034000 08:40 103739                     /usr/local/lib/python3.10/dist-packages/numpy/random/_common.cpython-310-x86_64-linux-gnu.so
7770a70f5000-7770a70f6000 r--p 00034000 08:40 103739                     /usr/local/lib/python3.10/dist-packages/numpy/random/_common.cpython-310-x86_64-linux-gnu.so
7770a70f6000-7770a70f7000 rw-p 00035000 08:40 103739                     /usr/local/lib/python3.10/dist-packages/numpy/random/_common.cpython-310-x86_64-linux-gnu.so
7770a70f7000-7770a71f8000 rw-p 00000000 00:00 0 
7770a71f8000-7770a74af000 r--p 00000000 08:40 100992                     /usr/local/lib/python3.10/dist-packages/pyarrow/libarrow.so.2300
7770a74af000-7770a911e000 r-xp 002b7000 08:40 100992                     /usr/local/lib/python3.10/dist-packages/pyarrow/libarrow.so.2300
7770a911e000-7770a9880000 r--p 01f26000 08:40 100992                     /usr/local/lib/python3.10/dist-packages/pyarrow/libarrow.so.2300
7770a9880000-7770a997b000 r--p 02688000 08:40 100992                     /usr/local/lib/python3.10/dist-packages/pyarrow/libarrow.so.2300
7770a997b000-7770a99af000 rw-p 02783000 08:40 100992                     /usr/local/lib/python3.10/dist-packages/pyarrow/libarrow.so.2300
7770a99af000-7770a9bda000 rw-p 00000000 00:00 0 
7770a9bda000-7770a9c84000 r--p 00000000 08:40 100994                     /usr/local/lib/python3.10/dist-packages/pyarrow/libarrow_compute.so.2300
7770a9c84000-7770aa796000 r-xp 000aa000 08:40 100994                     /usr/local/lib/python3.10/dist-packages/pyarrow/libarrow_compute.so.2300
7770aa796000-7770aa996000 r--p 00bbc000 08:40 100994                     /usr/local/lib/python3.10/dist-packages/pyarrow/libarrow_compute.so.2300
7770aa996000-7770aa9b6000 r--p 00dbb000 08:40 100994                     /usr/local/lib/python3.10/dist-packages/pyarrow/libarrow_compute.so.2300
7770aa9b6000-7770aa9b9000 rw-p 00ddb000 08:40 100994                     /usr/local/lib/python3.10/dist-packages/pyarrow/libarrow_compute.so.2300
7770aa9b9000-7770aa9c6000 rw-p 00000000 00:00 0 
7770aa9c6000-7770aa9f0000 r--p 00000000 08:40 100993                     /usr/local/lib/python3.10/dist-packages/pyarrow/libarrow_acero.so.2300
7770aa9f0000-7770aaace000 r-xp 0002a000 08:40 100993                     /usr/local/lib/python3.10/dist-packages/pyarrow/libarrow_acero.so.2300
7770aaace000-7770aab03000 r--p 00108000 08:40 100993                     /usr/local/lib/python3.10/dist-packages/pyarrow/libarrow_acero.so.2300
7770aab03000-7770aab08000 r--p 0013d000 08:40 100993                     /usr/local/lib/python3.10/dist-packages/pyarrow/libarrow_acero.so.2300
7770aab08000-7770aab09000 rw-p 00142000 08:40 100993                     /usr/local/lib/python3.10/dist-packages/pyarrow/libarrow_acero.so.2300
7770aab09000-7770aab0a000 rw-p 00000000 00:00 0 
7770aab0a000-7770aacb0000 r--p 00000000 08:40 101007                     /usr/local/lib/python3.10/dist-packages/pyarrow/libparquet.so.2300
7770aacb0000-7770ab234000 r-xp 001a6000 08:40 101007                     /usr/local/lib/python3.10/dist-packages/pyarrow/libparquet.so.2300
7770ab234000-7770ab3f5000 r--p 0072a000 08:40 101007                     /usr/local/lib/python3.10/dist-packages/pyarrow/libparquet.so.2300
7770ab3f5000-7770ab48f000 r--p 008ea000 08:40 101007                     /usr/local/lib/python3.10/dist-packages/pyarrow/libparquet.so.2300
7770ab48f000-7770ab49b000 rw-p 00984000 08:40 101007                     /usr/local/lib/python3.10/dist-packages/pyarrow/libparquet.so.2300
7770ab49b000-7770ab49f000 rw-p 00000000 00:00 0 
7770ab49f000-7770ab4de000 r--p 00000000 08:40 100995                     /usr/local/lib/python3.10/dist-packages/pyarrow/libarrow_dataset.so.2300
7770ab4de000-7770ab5b2000 r-xp 0003f000 08:40 100995                     /usr/local/lib/python3.10/dist-packages/pyarrow/libarrow_dataset.so.2300
7770ab5b2000-7770ab5f3000 r--p 00113000 08:40 100995                     /usr/local/lib/python3.10/dist-packages/pyarrow/libarrow_dataset.so.2300
7770ab5f3000-7770ab5fb000 r--p 00153000 08:40 100995                     /usr/local/lib/python3.10/dist-packages/pyarrow/libarrow_dataset.so.2300
7770ab5fb000-7770ab5fc000 rw-p 0015b000 08:40 100995                     /usr/local/lib/python3.10/dist-packages/pyarrow/libarrow_dataset.so.2300
7770ab5fc000-7770ab646000 r--p 00000000 08:40 101006                     /usr/local/lib/python3.10/dist-packages/pyarrow/libarrow_substrait.so.2300
7770ab646000-7770ab92b000 r-xp 0004a000 08:40 101006                     /usr/local/lib/python3.10/dist-packages/pyarrow/libarrow_substrait.so.2300
7770ab92b000-7770ab9d7000 r--p 0032f000 08:40 101006                     /usr/local/lib/python3.10/dist-packages/pyarrow/libarrow_substrait.so.2300
7770ab9d7000-7770ab9e4000 r--p 003db000 08:40 101006                     /usr/local/lib/python3.10/dist-packages/pyarrow/libarrow_substrait.so.2300
7770ab9e4000-7770ab9fa000 rw-p 003e8000 08:40 101006                     /usr/local/lib/python3.10/dist-packages/pyarrow/libarrow_substrait.so.2300
7770ab9fa000-7770ab9fb000 rw-p 00000000 00:00 0 
7770ab9fb000-7770aba3e000 r--p 00000000 08:40 100998                     /usr/local/lib/python3.10/dist-packages/pyarrow/libarrow_python.so.2300
7770aba3e000-7770abb3f000 r-xp 00043000 08:40 100998                     /usr/local/lib/python3.10/dist-packages/pyarrow/libarrow_python.so.2300
7770abb3f000-7770abb82000 r--p 00144000 08:40 100998                     /usr/local/lib/python3.10/dist-packages/pyarrow/libarrow_python.so.2300
7770abb82000-7770abb8e000 r--p 00186000 08:40 100998                     /usr/local/lib/python3.10/dist-packages/pyarrow/libarrow_python.so.2300
7770abb8e000-7770abb90000 rw-p 00192000 08:40 100998                     /usr/local/lib/python3.10/dist-packages/pyarrow/libarrow_python.so.2300
7770abb90000-7770abbce000 r--p 00000000 08:40 100987                     /usr/local/lib/python3.10/dist-packages/pyarrow/lib.cpython-310-x86_64-linux-gnu.so
7770abbce000-7770abe15000 r-xp 0003e000 08:40 100987                     /usr/local/lib/python3.10/dist-packages/pyarrow/lib.cpython-310-x86_64-linux-gnu.so
7770abe15000-7770abec7000 r--p 00285000 08:40 100987                     /usr/local/lib/python3.10/dist-packages/pyarrow/lib.cpython-310-x86_64-linux-gnu.so
7770abec7000-7770abec9000 r--p 00337000 08:40 100987                     /usr/local/lib/python3.10/dist-packages/pyarrow/lib.cpython-310-x86_64-linux-gnu.so
7770abec9000-7770abef1000 rw-p 00339000 08:40 100987                     /usr/local/lib/python3.10/dist-packages/pyarrow/lib.cpython-310-x86_64-linux-gnu.so
7770abef1000-7770d0000000 rw-p 00000000 00:00 0 
7770d0000000-7770d002a000 rw-p 00000000 00:00 0 
7770d002a000-7770d4000000 ---p 00000000 00:00 0 
7770d4000000-7770d8000000 rw-p 00000000 00:00 0 
7770d8000000-7770d8021000 rw-p 00000000 00:00 0 
7770d8021000-7770dc000000 ---p 00000000 00:00 0 
7770dc000000-7770dc021000 rw-p 00000000 00:00 0 
7770dc021000-7770e0000000 ---p 00000000 00:00 0 
7770e0000000-7770e0001000 r--p 00000000 08:40 231043                     /usr/local/lib/python3.10/dist-packages/tensorflow/lite/python/_pywrap_tensorflow_lite_metrics_wrapper.so
7770e0001000-7770e0002000 r-xp 00000000 08:40 231043                     /usr/local/lib/python3.10/dist-packages/tensorflow/lite/python/_pywrap_tensorflow_lite_metrics_wrapper.so
7770e0002000-7770e0003000 r--p 00000000 08:40 231043                     /usr/local/lib/python3.10/dist-packages/tensorflow/lite/python/_pywrap_tensorflow_lite_metrics_wrapper.so
7770e0003000-7770e0004000 rw-p 00000000 08:40 231043                     /usr/local/lib/python3.10/dist-packages/tensorflow/lite/python/_pywrap_tensorflow_lite_metrics_wrapper.so
7770e0004000-7770e0005000 r--p 00000000 08:40 204570                     /usr/local/lib/python3.10/dist-packages/scipy/optimize/_zeros.cpython-310-x86_64-linux-gnu.so
7770e0005000-7770e0007000 r-xp 00001000 08:40 204570                     /usr/local/lib/python3.10/dist-packages/scipy/optimize/_zeros.cpython-310-x86_64-linux-gnu.so
7770e0007000-7770e0008000 r--p 00003000 08:40 204570                     /usr/local/lib/python3.10/dist-packages/scipy/optimize/_zeros.cpython-310-x86_64-linux-gnu.so
7770e0008000-7770e0009000 r--p 00003000 08:40 204570                     /usr/local/lib/python3.10/dist-packages/scipy/optimize/_zeros.cpython-310-x86_64-linux-gnu.so
7770e0009000-7770e000a000 rw-p 00004000 08:40 204570                     /usr/local/lib/python3.10/dist-packages/scipy/optimize/_zeros.cpython-310-x86_64-linux-gnu.so
7770e000a000-7770e0010000 r--p 00000000 08:40 103734                     /usr/local/lib/python3.10/dist-packages/numpy/random/bit_generator.cpython-310-x86_64-linux-gnu.so
7770e0010000-7770e002f000 r-xp 00006000 08:40 103734                     /usr/local/lib/python3.10/dist-packages/numpy/random/bit_generator.cpython-310-x86_64-linux-gnu.so
7770e002f000-7770e0039000 r--p 00025000 08:40 103734                     /usr/local/lib/python3.10/dist-packages/numpy/random/bit_generator.cpython-310-x86_64-linux-gnu.so
7770e0039000-7770e003a000 ---p 0002f000 08:40 103734                     /usr/local/lib/python3.10/dist-packages/numpy/random/bit_generator.cpython-310-x86_64-linux-gnu.so
7770e003a000-7770e003b000 r--p 0002f000 08:40 103734                     /usr/local/lib/python3.10/dist-packages/numpy/random/bit_generator.cpython-310-x86_64-linux-gnu.so
7770e003b000-7770e003d000 rw-p 00030000 08:40 103734                     /usr/local/lib/python3.10/dist-packages/numpy/random/bit_generator.cpython-310-x86_64-linux-gnu.so
7770e003d000-7770e003e000 rw-p 00000000 00:00 0 
7770e003e000-7770e004d000 r--p 00000000 08:40 193767                     /usr/local/lib/python3.10/dist-packages/matplotlib/_image.cpython-310-x86_64-linux-gnu.so
7770e004d000-7770e009e000 r-xp 0000f000 08:40 193767                     /usr/local/lib/python3.10/dist-packages/matplotlib/_image.cpython-310-x86_64-linux-gnu.so
7770e009e000-7770e00af000 r--p 00060000 08:40 193767                     /usr/local/lib/python3.10/dist-packages/matplotlib/_image.cpython-310-x86_64-linux-gnu.so
7770e00af000-7770e00b0000 r--p 00070000 08:40 193767                     /usr/local/lib/python3.10/dist-packages/matplotlib/_image.cpython-310-x86_64-linux-gnu.so
7770e00b0000-7770e00b1000 rw-p 00071000 08:40 193767                     /usr/local/lib/python3.10/dist-packages/matplotlib/_image.cpython-310-x86_64-linux-gnu.so
7770e00b1000-7770e00b2000 rw-p 00000000 00:00 0 
7770e00b2000-7770e00b8000 r--p 00000000 08:40 200826                     /usr/local/lib/python3.10/dist-packages/pillow.libs/libjpeg-32d42e18.so.62.4.0
7770e00b8000-7770e0150000 r-xp 00006000 08:40 200826                     /usr/local/lib/python3.10/dist-packages/pillow.libs/libjpeg-32d42e18.so.62.4.0
7770e0150000-7770e0179000 r--p 0009e000 08:40 200826                     /usr/local/lib/python3.10/dist-packages/pillow.libs/libjpeg-32d42e18.so.62.4.0
7770e0179000-7770e017a000 r--p 000c7000 08:40 200826                     /usr/local/lib/python3.10/dist-packages/pillow.libs/libjpeg-32d42e18.so.62.4.0
7770e017a000-7770e017b000 rw-p 000c8000 08:40 200826                     /usr/local/lib/python3.10/dist-packages/pillow.libs/libjpeg-32d42e18.so.62.4.0
7770e017b000-7770e017d000 rw-p 000c9000 08:40 200826                     /usr/local/lib/python3.10/dist-packages/pillow.libs/libjpeg-32d42e18.so.62.4.0
7770e017d000-7770e017f000 rw-p 000cb000 08:40 200826                     /usr/local/lib/python3.10/dist-packages/pillow.libs/libjpeg-32d42e18.so.62.4.0
7770e017f000-7770e0180000 r--p 00000000 08:40 187394                     /usr/local/lib/python3.10/dist-packages/h5py.libs/libsz-b97e7bd9.so.2.0.1
7770e0180000-7770e0181000 r-xp 00001000 08:40 187394                     /usr/local/lib/python3.10/dist-packages/h5py.libs/libsz-b97e7bd9.so.2.0.1
7770e0181000-7770e0182000 r--p 00002000 08:40 187394                     /usr/local/lib/python3.10/dist-packages/h5py.libs/libsz-b97e7bd9.so.2.0.1
7770e0182000-7770e0183000 r--p 00002000 08:40 187394                     /usr/local/lib/python3.10/dist-packages/h5py.libs/libsz-b97e7bd9.so.2.0.1
7770e0183000-7770e0184000 rw-p 00003000 08:40 187394                     /usr/local/lib/python3.10/dist-packages/h5py.libs/libsz-b97e7bd9.so.2.0.1
7770e0184000-7770e0185000 rw-p 00008000 08:40 187394                     /usr/local/lib/python3.10/dist-packages/h5py.libs/libsz-b97e7bd9.so.2.0.1
7770e0185000-7770e0186000 rw-p 00009000 08:40 187394                     /usr/local/lib/python3.10/dist-packages/h5py.libs/libsz-b97e7bd9.so.2.0.1
7770e0186000-7770e0188000 r--p 00000000 08:40 207582                     /usr/local/lib/python3.10/dist-packages/sklearn/utils/_sorting.cpython-310-x86_64-linux-gnu.so
7770e0188000-7770e018a000 r-xp 00002000 08:40 207582                     /usr/local/lib/python3.10/dist-packages/sklearn/utils/_sorting.cpython-310-x86_64-linux-gnu.so
7770e018a000-7770e018b000 r--p 00004000 08:40 207582                     /usr/local/lib/python3.10/dist-packages/sklearn/utils/_sorting.cpython-310-x86_64-linux-gnu.so
7770e018b000-7770e018c000 r--p 00004000 08:40 207582                     /usr/local/lib/python3.10/dist-packages/sklearn/utils/_sorting.cpython-310-x86_64-linux-gnu.so
7770e018c000-7770e018d000 rw-p 00005000 08:40 207582                     /usr/local/lib/python3.10/dist-packages/sklearn/utils/_sorting.cpython-310-x86_64-linux-gnu.so
7770e018d000-7770e018f000 r--p 00000000 08:40 207535                     /usr/local/lib/python3.10/dist-packages/sklearn/utils/_heap.cpython-310-x86_64-linux-gnu.so
7770e018f000-7770e0190000 r-xp 00002000 08:40 207535                     /usr/local/lib/python3.10/dist-packages/sklearn/utils/_heap.cpython-310-x86_64-linux-gnu.so
7770e0190000-7770e0191000 r--p 00003000 08:40 207535                     /usr/local/lib/python3.10/dist-packages/sklearn/utils/_heap.cpython-310-x86_64-linux-gnu.so
7770e0191000-7770e0192000 r--p 00003000 08:40 207535                     /usr/local/lib/python3.10/dist-packages/sklearn/utils/_heap.cpython-310-x86_64-linux-gnu.so
7770e0192000-7770e0193000 rw-p 00004000 08:40 207535                     /usr/local/lib/python3.10/dist-packages/sklearn/utils/_heap.cpython-310-x86_64-linux-gnu.so
7770e0193000-7770e0197000 r--p 00000000 08:40 207094                     /usr/local/lib/python3.10/dist-packages/sklearn/metrics/cluster/_expected_mutual_info_fast.cpython-310-x86_64-linux-gnu.so
7770e0197000-7770e01a4000 r-xp 00004000 08:40 207094                     /usr/local/lib/python3.10/dist-packages/sklearn/metrics/cluster/_expected_mutual_info_fast.cpython-310-x86_64-linux-gnu.so
7770e01a4000-7770e01a8000 r--p 00011000 08:40 207094                     /usr/local/lib/python3.10/dist-packages/sklearn/metrics/cluster/_expected_mutual_info_fast.cpython-310-x86_64-linux-gnu.so
7770e01a8000-7770e01a9000 r--p 00014000 08:40 207094                     /usr/local/lib/python3.10/dist-packages/sklearn/metrics/cluster/_expected_mutual_info_fast.cpython-310-x86_64-linux-gnu.so
7770e01a9000-7770e01aa000 rw-p 00015000 08:40 207094                     /usr/local/lib/python3.10/dist-packages/sklearn/metrics/cluster/_expected_mutual_info_fast.cpython-310-x86_64-linux-gnu.so
7770e01aa000-7770e01ad000 r--p 00000000 08:40 207545                     /usr/local/lib/python3.10/dist-packages/sklearn/utils/_openmp_helpers.cpython-310-x86_64-linux-gnu.so
7770e01ad000-7770e01b4000 r-xp 00003000 08:40 207545                     /usr/local/lib/python3.10/dist-packages/sklearn/utils/_openmp_helpers.cpython-310-x86_64-linux-gnu.so
7770e01b4000-7770e01b6000 r--p 0000a000 08:40 207545                     /usr/local/lib/python3.10/dist-packages/sklearn/utils/_openmp_helpers.cpython-310-x86_64-linux-gnu.so
7770e01b6000-7770e01b7000 ---p 0000c000 08:40 207545                     /usr/local/lib/python3.10/dist-packages/sklearn/utils/_openmp_helpers.cpython-310-x86_64-linux-gnu.so
7770e01b7000-7770e01b8000 r--p 0000c000 08:40 207545                     /usr/local/lib/python3.10/dist-packages/sklearn/utils/_openmp_helpers.cpython-310-x86_64-linux-gnu.so
7770e01b8000-7770e01b9000 rw-p 0000d000 08:40 207545                     /usr/local/lib/python3.10/dist-packages/sklearn/utils/_openmp_helpers.cpython-310-x86_64-linux-gnu.so
7770e01b9000-7770e01bb000 rw-p 00012000 08:40 207545                     /usr/local/lib/python3.10/dist-packages/sklearn/utils/_openmp_helpers.cpython-310-x86_64-linux-gnu.so
7770e01bb000-7770e01bc000 rw-p 00014000 08:40 207545                     /usr/local/lib/python3.10/dist-packages/sklearn/utils/_openmp_helpers.cpython-310-x86_64-linux-gnu.so
7770e01bc000-7770e01c0000 r--p 00000000 08:40 207617                     /usr/local/lib/python3.10/dist-packages/sklearn/utils/murmurhash.cpython-310-x86_64-linux-gnu.so
7770e01c0000-7770e01d2000 r-xp 00004000 08:40 207617                     /usr/local/lib/python3.10/dist-packages/sklearn/utils/murmurhash.cpython-310-x86_64-linux-gnu.so
7770e01d2000-7770e01d7000 r--p 00016000 08:40 207617                     /usr/local/lib/python3.10/dist-packages/sklearn/utils/murmurhash.cpython-310-x86_64-linux-gnu.so
7770e01d7000-7770e01d8000 ---p 0001b000 08:40 207617                     /usr/local/lib/python3.10/dist-packages/sklearn/utils/murmurhash.cpython-310-x86_64-linux-gnu.so
7770e01d8000-7770e01d9000 r--p 0001b000 08:40 207617                     /usr/local/lib/python3.10/dist-packages/sklearn/utils/murmurhash.cpython-310-x86_64-linux-gnu.so
7770e01d9000-7770e01da000 rw-p 0001c000 08:40 207617                     /usr/local/lib/python3.10/dist-packages/sklearn/utils/murmurhash.cpython-310-x86_64-linux-gnu.so
7770e01da000-7770e01df000 r--p 00000000 08:40 205962                     /usr/local/lib/python3.10/dist-packages/sklearn/_cyutility.cpython-310-x86_64-linux-gnu.so
7770e01df000-7770e01fc000 r-xp 00005000 08:40 205962                     /usr/local/lib/python3.10/dist-packages/sklearn/_cyutility.cpython-310-x86_64-linux-gnu.so
7770e01fc000-7770e0202000 r--p 00022000 08:40 205962                     /usr/local/lib/python3.10/dist-packages/sklearn/_cyutility.cpython-310-x86_64-linux-gnu.so
7770e0202000-7770e0203000 ---p 00028000 08:40 205962                     /usr/local/lib/python3.10/dist-packages/sklearn/_cyutility.cpython-310-x86_64-linux-gnu.so
7770e0203000-7770e0204000 r--p 00028000 08:40 205962                     /usr/local/lib/python3.10/dist-packages/sklearn/_cyutility.cpython-310-x86_64-linux-gnu.so
7770e0204000-7770e0206000 rw-p 00029000 08:40 205962                     /usr/local/lib/python3.10/dist-packages/sklearn/_cyutility.cpython-310-x86_64-linux-gnu.so
7770e0206000-7770e020a000 r--p 00000000 08:40 207539                     /usr/local/lib/python3.10/dist-packages/sklearn/utils/_isfinite.cpython-310-x86_64-linux-gnu.so
7770e020a000-7770e0218000 r-xp 00004000 08:40 207539                     /usr/local/lib/python3.10/dist-packages/sklearn/utils/_isfinite.cpython-310-x86_64-linux-gnu.so
7770e0218000-7770e021c000 r--p 00012000 08:40 207539                     /usr/local/lib/python3.10/dist-packages/sklearn/utils/_isfinite.cpython-310-x86_64-linux-gnu.so
7770e021c000-7770e021d000 ---p 00016000 08:40 207539                     /usr/local/lib/python3.10/dist-packages/sklearn/utils/_isfinite.cpython-310-x86_64-linux-gnu.so
7770e021d000-7770e021e000 r--p 00016000 08:40 207539                     /usr/local/lib/python3.10/dist-packages/sklearn/utils/_isfinite.cpython-310-x86_64-linux-gnu.so
7770e021e000-7770e021f000 rw-p 00017000 08:40 207539                     /usr/local/lib/python3.10/dist-packages/sklearn/utils/_isfinite.cpython-310-x86_64-linux-gnu.so
7770e021f000-7770e0220000 rw-p 00000000 00:00 0 
7770e0220000-7770e0221000 r--p 00000000 08:40 172659                     /usr/lib/python3.10/lib-dynload/_posixshmem.cpython-310-x86_64-linux-gnu.so
7770e0221000-7770e0222000 r-xp 00001000 08:40 172659                     /usr/lib/python3.10/lib-dynload/_posixshmem.cpython-310-x86_64-linux-gnu.so
7770e0222000-7770e0223000 r--p 00002000 08:40 172659                     /usr/lib/python3.10/lib-dynload/_posixshmem.cpython-310-x86_64-linux-gnu.so
7770e0223000-7770e0224000 r--p 00002000 08:40 172659                     /usr/lib/python3.10/lib-dynload/_posixshmem.cpython-310-x86_64-linux-gnu.so
7770e0224000-7770e0225000 rw-p 00003000 08:40 172659                     /usr/lib/python3.10/lib-dynload/_posixshmem.cpython-310-x86_64-linux-gnu.so
7770e0225000-7770e0227000 r--p 00000000 08:40 172657                     /usr/lib/python3.10/lib-dynload/_multiprocessing.cpython-310-x86_64-linux-gnu.so
7770e0227000-7770e0229000 r-xp 00002000 08:40 172657                     /usr/lib/python3.10/lib-dynload/_multiprocessing.cpython-310-x86_64-linux-gnu.so
7770e0229000-7770e022a000 r--p 00004000 08:40 172657                     /usr/lib/python3.10/lib-dynload/_multiprocessing.cpython-310-x86_64-linux-gnu.so
7770e022a000-7770e022b000 r--p 00004000 08:40 172657                     /usr/lib/python3.10/lib-dynload/_multiprocessing.cpython-310-x86_64-linux-gnu.so
7770e022b000-7770e022c000 rw-p 00005000 08:40 172657                     /usr/lib/python3.10/lib-dynload/_multiprocessing.cpython-310-x86_64-linux-gnu.so
7770e022c000-7770e022e000 r--p 00000000 08:40 205928                     /usr/local/lib/python3.10/dist-packages/sklearn/__check_build/_check_build.cpython-310-x86_64-linux-gnu.so
7770e022e000-7770e0231000 r-xp 00002000 08:40 205928                     /usr/local/lib/python3.10/dist-packages/sklearn/__check_build/_check_build.cpython-310-x86_64-linux-gnu.so
7770e0231000-7770e0232000 r--p 00005000 08:40 205928                     /usr/local/lib/python3.10/dist-packages/sklearn/__check_build/_check_build.cpython-310-x86_64-linux-gnu.so
7770e0232000-7770e0233000 ---p 00006000 08:40 205928                     /usr/local/lib/python3.10/dist-packages/sklearn/__check_build/_check_build.cpython-310-x86_64-linux-gnu.so
7770e0233000-7770e0234000 r--p 00006000 08:40 205928                     /usr/local/lib/python3.10/dist-packages/sklearn/__check_build/_check_build.cpython-310-x86_64-linux-gnu.so
7770e0234000-7770e0235000 rw-p 00007000 08:40 205928                     /usr/local/lib/python3.10/dist-packages/sklearn/__check_build/_check_build.cpython-310-x86_64-linux-gnu.so
7770e0235000-7770e0335000 rw-p 00000000 00:00 0 
7770e0335000-7770e033a000 r--p 00000000 08:40 203424                     /usr/local/lib/python3.10/dist-packages/scipy/cluster/_optimal_leaf_ordering.cpython-310-x86_64-linux-gnu.so
7770e033a000-7770e0378000 r-xp 00005000 08:40 203424                     /usr/local/lib/python3.10/dist-packages/scipy/cluster/_optimal_leaf_ordering.cpython-310-x86_64-linux-gnu.so
7770e0378000-7770e0381000 r--p 00043000 08:40 203424                     /usr/local/lib/python3.10/dist-packages/scipy/cluster/_optimal_leaf_ordering.cpython-310-x86_64-linux-gnu.so
7770e0381000-7770e0382000 r--p 0004b000 08:40 203424                     /usr/local/lib/python3.10/dist-packages/scipy/cluster/_optimal_leaf_ordering.cpython-310-x86_64-linux-gnu.so
7770e0382000-7770e0384000 rw-p 0004c000 08:40 203424                     /usr/local/lib/python3.10/dist-packages/scipy/cluster/_optimal_leaf_ordering.cpython-310-x86_64-linux-gnu.so
7770e0384000-7770e0385000 rw-p 00000000 00:00 0 
7770e0385000-7770e038a000 r--p 00000000 08:40 203423                     /usr/local/lib/python3.10/dist-packages/scipy/cluster/_hierarchy.cpython-310-x86_64-linux-gnu.so
7770e038a000-7770e03d1000 r-xp 00005000 08:40 203423                     /usr/local/lib/python3.10/dist-packages/scipy/cluster/_hierarchy.cpython-310-x86_64-linux-gnu.so
7770e03d1000-7770e03de000 r--p 0004c000 08:40 203423                     /usr/local/lib/python3.10/dist-packages/scipy/cluster/_hierarchy.cpython-310-x86_64-linux-gnu.so
7770e03de000-7770e03df000 r--p 00058000 08:40 203423                     /usr/local/lib/python3.10/dist-packages/scipy/cluster/_hierarchy.cpython-310-x86_64-linux-gnu.so
7770e03df000-7770e03e2000 rw-p 00059000 08:40 203423                     /usr/local/lib/python3.10/dist-packages/scipy/cluster/_hierarchy.cpython-310-x86_64-linux-gnu.so
7770e03e2000-7770e03e3000 rw-p 00000000 00:00 0 
7770e03e3000-7770e03e6000 r--p 00000000 08:40 203425                     /usr/local/lib/python3.10/dist-packages/scipy/cluster/_vq.cpython-310-x86_64-linux-gnu.so
7770e03e6000-7770e03f9000 r-xp 00003000 08:40 203425                     /usr/local/lib/python3.10/dist-packages/scipy/cluster/_vq.cpython-310-x86_64-linux-gnu.so
7770e03f9000-7770e03fd000 r--p 00016000 08:40 203425                     /usr/local/lib/python3.10/dist-packages/scipy/cluster/_vq.cpython-310-x86_64-linux-gnu.so
7770e03fd000-7770e03fe000 r--p 00019000 08:40 203425                     /usr/local/lib/python3.10/dist-packages/scipy/cluster/_vq.cpython-310-x86_64-linux-gnu.so
7770e03fe000-7770e03ff000 rw-p 0001a000 08:40 203425                     /usr/local/lib/python3.10/dist-packages/scipy/cluster/_vq.cpython-310-x86_64-linux-gnu.so
7770e03ff000-7770e0600000 rw-p 00000000 00:00 0 
7770e0600000-7770e063b000 r-xp 00000000 08:40 104185                     /usr/local/lib/python3.10/dist-packages/numpy.libs/libquadmath-96973f99-934c22de.so.0.0.0
7770e063b000-7770e083a000 ---p 0003b000 08:40 104185                     /usr/local/lib/python3.10/dist-packages/numpy.libs/libquadmath-96973f99-934c22de.so.0.0.0
7770e083a000-7770e083b000 r--p 0003a000 08:40 104185                     /usr/local/lib/python3.10/dist-packages/numpy.libs/libquadmath-96973f99-934c22de.so.0.0.0
7770e083b000-7770e083c000 rw-p 0003b000 08:40 104185                     /usr/local/lib/python3.10/dist-packages/numpy.libs/libquadmath-96973f99-934c22de.so.0.0.0
7770e083c000-7770e083d000 rw-p 0003c000 08:40 104185                     /usr/local/lib/python3.10/dist-packages/numpy.libs/libquadmath-96973f99-934c22de.so.0.0.0
7770e083d000-7770e083e000 rw-p 0003d000 08:40 104185                     /usr/local/lib/python3.10/dist-packages/numpy.libs/libquadmath-96973f99-934c22de.so.0.0.0
7770e083e000-7770e083f000 rw-s a01e4d000 00:01 356                       /dev/zero (deleted)
7770e083f000-7770e0841000 r--p 00000000 08:40 172640                     /usr/lib/python3.10/lib-dynload/_codecs_iso2022.cpython-310-x86_64-linux-gnu.so
7770e0841000-7770e0844000 r-xp 00002000 08:40 172640                     /usr/lib/python3.10/lib-dynload/_codecs_iso2022.cpython-310-x86_64-linux-gnu.so
7770e0844000-7770e0845000 r--p 00005000 08:40 172640                     /usr/lib/python3.10/lib-dynload/_codecs_iso2022.cpython-310-x86_64-linux-gnu.so
7770e0845000-7770e0846000 ---p 00006000 08:40 172640                     /usr/lib/python3.10/lib-dynload/_codecs_iso2022.cpython-310-x86_64-linux-gnu.so
7770e0846000-7770e0847000 r--p 00006000 08:40 172640                     /usr/lib/python3.10/lib-dynload/_codecs_iso2022.cpython-310-x86_64-linux-gnu.so
7770e0847000-7770e0848000 rw-p 00007000 08:40 172640                     /usr/lib/python3.10/lib-dynload/_codecs_iso2022.cpython-310-x86_64-linux-gnu.so
7770e0848000-7770e0850000 r--p 00000000 08:40 200832                     /usr/local/lib/python3.10/dist-packages/pillow.libs/libtiff-295fd75c.so.6.2.0
7770e0850000-7770e08c5000 r-xp 00008000 08:40 200832                     /usr/local/lib/python3.10/dist-packages/pillow.libs/libtiff-295fd75c.so.6.2.0
7770e08c5000-7770e08f7000 r--p 0007d000 08:40 200832                     /usr/local/lib/python3.10/dist-packages/pillow.libs/libtiff-295fd75c.so.6.2.0
7770e08f7000-7770e08fb000 r--p 000af000 08:40 200832                     /usr/local/lib/python3.10/dist-packages/pillow.libs/libtiff-295fd75c.so.6.2.0
7770e08fb000-7770e08fc000 rw-p 000b3000 08:40 200832                     /usr/local/lib/python3.10/dist-packages/pillow.libs/libtiff-295fd75c.so.6.2.0
7770e08fc000-7770e08fe000 rw-p 000b5000 08:40 200832                     /usr/local/lib/python3.10/dist-packages/pillow.libs/libtiff-295fd75c.so.6.2.0
7770e08fe000-7770e0900000 rw-p 000b7000 08:40 200832                     /usr/local/lib/python3.10/dist-packages/pillow.libs/libtiff-295fd75c.so.6.2.0
7770e0900000-7770e0a00000 rw-p 00000000 00:00 0 
7770e0a00000-7770e0c76000 r-xp 00000000 08:40 102846                     /usr/local/lib/python3.10/dist-packages/numpy.libs/libgfortran-040039e1-0352e75f.so.5.0.0
7770e0c76000-7770e0e75000 ---p 00276000 08:40 102846                     /usr/local/lib/python3.10/dist-packages/numpy.libs/libgfortran-040039e1-0352e75f.so.5.0.0
7770e0e75000-7770e0e76000 r--p 00275000 08:40 102846                     /usr/local/lib/python3.10/dist-packages/numpy.libs/libgfortran-040039e1-0352e75f.so.5.0.0
7770e0e76000-7770e0e78000 rw-p 00276000 08:40 102846                     /usr/local/lib/python3.10/dist-packages/numpy.libs/libgfortran-040039e1-0352e75f.so.5.0.0
7770e0e78000-7770e0e84000 rw-p 0027b000 08:40 102846                     /usr/local/lib/python3.10/dist-packages/numpy.libs/libgfortran-040039e1-0352e75f.so.5.0.0
7770e0e84000-7770e0e8d000 rw-p 00287000 08:40 102846                     /usr/local/lib/python3.10/dist-packages/numpy.libs/libgfortran-040039e1-0352e75f.so.5.0.0
7770e0e8d000-7770e0e96000 rw-p 00290000 08:40 102846                     /usr/local/lib/python3.10/dist-packages/numpy.libs/libgfortran-040039e1-0352e75f.so.5.0.0
7770e0e96000-7770e0e9f000 rw-p 00299000 08:40 102846                     /usr/local/lib/python3.10/dist-packages/numpy.libs/libgfortran-040039e1-0352e75f.so.5.0.0
7770e0e9f000-7770e0ea8000 rw-p 002a2000 08:40 102846                     /usr/local/lib/python3.10/dist-packages/numpy.libs/libgfortran-040039e1-0352e75f.so.5.0.0
7770e0ea8000-7770e0eb1000 rw-p 002ab000 08:40 102846                     /usr/local/lib/python3.10/dist-packages/numpy.libs/libgfortran-040039e1-0352e75f.so.5.0.0
7770e0eb1000-7770e0eb2000 r--p 00000000 08:40 205295                     /usr/local/lib/python3.10/dist-packages/scipy/special/libsf_error_state.so
7770e0eb2000-7770e0eb3000 r-xp 00001000 08:40 205295                     /usr/local/lib/python3.10/dist-packages/scipy/special/libsf_error_state.so
7770e0eb3000-7770e0eb4000 r--p 00002000 08:40 205295                     /usr/local/lib/python3.10/dist-packages/scipy/special/libsf_error_state.so
7770e0eb4000-7770e0eb5000 r--p 00002000 08:40 205295                     /usr/local/lib/python3.10/dist-packages/scipy/special/libsf_error_state.so
7770e0eb5000-7770e0eb6000 rw-p 00003000 08:40 205295                     /usr/local/lib/python3.10/dist-packages/scipy/special/libsf_error_state.so
7770e0eb6000-7770e0eb7000 r--p 00000000 08:40 107006                     /usr/local/lib/python3.10/dist-packages/charset_normalizer/md.cpython-310-x86_64-linux-gnu.so
7770e0eb7000-7770e0eb8000 r-xp 00001000 08:40 107006                     /usr/local/lib/python3.10/dist-packages/charset_normalizer/md.cpython-310-x86_64-linux-gnu.so
7770e0eb8000-7770e0eb9000 r--p 00002000 08:40 107006                     /usr/local/lib/python3.10/dist-packages/charset_normalizer/md.cpython-310-x86_64-linux-gnu.so
7770e0eb9000-7770e0eba000 r--p 00002000 08:40 107006                     /usr/local/lib/python3.10/dist-packages/charset_normalizer/md.cpython-310-x86_64-linux-gnu.so
7770e0eba000-7770e0ebb000 rw-p 00003000 08:40 107006                     /usr/local/lib/python3.10/dist-packages/charset_normalizer/md.cpython-310-x86_64-linux-gnu.so
7770e0ebb000-7770e0ebc000 r--p 00000000 08:40 788667                     /usr/local/lib/python3.10/dist-packages/pandas/_libs/pandas_datetime.cpython-310-x86_64-linux-gnu.so
7770e0ebc000-7770e0ec2000 r-xp 00001000 08:40 788667                     /usr/local/lib/python3.10/dist-packages/pandas/_libs/pandas_datetime.cpython-310-x86_64-linux-gnu.so
7770e0ec2000-7770e0ec3000 r--p 00007000 08:40 788667                     /usr/local/lib/python3.10/dist-packages/pandas/_libs/pandas_datetime.cpython-310-x86_64-linux-gnu.so
7770e0ec3000-7770e0ec4000 r--p 00008000 08:40 788667                     /usr/local/lib/python3.10/dist-packages/pandas/_libs/pandas_datetime.cpython-310-x86_64-linux-gnu.so
7770e0ec4000-7770e0ec5000 rw-p 00009000 08:40 788667                     /usr/local/lib/python3.10/dist-packages/pandas/_libs/pandas_datetime.cpython-310-x86_64-linux-gnu.so
7770e0ec5000-7770e0ecd000 r--p 00000000 08:40 200829                     /usr/local/lib/python3.10/dist-packages/pillow.libs/libopenjp2-94e588ba.so.2.5.4
7770e0ecd000-7770e0f3c000 r-xp 00008000 08:40 200829                     /usr/local/lib/python3.10/dist-packages/pillow.libs/libopenjp2-94e588ba.so.2.5.4
7770e0f3c000-7770e0f4f000 r--p 00077000 08:40 200829                     /usr/local/lib/python3.10/dist-packages/pillow.libs/libopenjp2-94e588ba.so.2.5.4
7770e0f4f000-7770e0f50000 r--p 0008a000 08:40 200829                     /usr/local/lib/python3.10/dist-packages/pillow.libs/libopenjp2-94e588ba.so.2.5.4
7770e0f50000-7770e0f51000 rw-p 0008b000 08:40 200829                     /usr/local/lib/python3.10/dist-packages/pillow.libs/libopenjp2-94e588ba.so.2.5.4
7770e0f51000-7770e0f54000 rw-p 0008d000 08:40 200829                     /usr/local/lib/python3.10/dist-packages/pillow.libs/libopenjp2-94e588ba.so.2.5.4
7770e0f54000-7770e1023000 r--p 00000000 08:40 104184                     /usr/local/lib/python3.10/dist-packages/numpy.libs/libscipy_openblas64_-56d6093b.so
7770e1023000-7770e231e000 r-xp 000cf000 08:40 104184                     /usr/local/lib/python3.10/dist-packages/numpy.libs/libscipy_openblas64_-56d6093b.so
7770e231e000-7770e2506000 r--p 013ca000 08:40 104184                     /usr/local/lib/python3.10/dist-packages/numpy.libs/libscipy_openblas64_-56d6093b.so
7770e2506000-7770e2507000 ---p 015b2000 08:40 104184                     /usr/local/lib/python3.10/dist-packages/numpy.libs/libscipy_openblas64_-56d6093b.so
7770e2507000-7770e250f000 r--p 015b2000 08:40 104184                     /usr/local/lib/python3.10/dist-packages/numpy.libs/libscipy_openblas64_-56d6093b.so
7770e250f000-7770e251e000 rw-p 015ba000 08:40 104184                     /usr/local/lib/python3.10/dist-packages/numpy.libs/libscipy_openblas64_-56d6093b.so
7770e251e000-7770e2527000 rw-p 00000000 00:00 0 
7770e2527000-7770e252b000 ---p 015d3000 08:40 104184                     /usr/local/lib/python3.10/dist-packages/numpy.libs/libscipy_openblas64_-56d6093b.so
7770e252b000-7770e257a000 rw-p 016a6000 08:40 104184                     /usr/local/lib/python3.10/dist-packages/numpy.libs/libscipy_openblas64_-56d6093b.so
7770e257a000-7770e25b4000 rw-p 016f5000 08:40 104184                     /usr/local/lib/python3.10/dist-packages/numpy.libs/libscipy_openblas64_-56d6093b.so
7770e25b4000-7770e25ee000 rw-p 0172f000 08:40 104184                     /usr/local/lib/python3.10/dist-packages/numpy.libs/libscipy_openblas64_-56d6093b.so
7770e25ee000-7770e2628000 rw-p 01769000 08:40 104184                     /usr/local/lib/python3.10/dist-packages/numpy.libs/libscipy_openblas64_-56d6093b.so
7770e2628000-7770e2662000 rw-p 017a3000 08:40 104184                     /usr/local/lib/python3.10/dist-packages/numpy.libs/libscipy_openblas64_-56d6093b.so
7770e2662000-7770e268a000 r--p 00000000 08:40 103807                     /usr/local/lib/python3.10/dist-packages/numpy/_core/_multiarray_umath.cpython-310-x86_64-linux-gnu.so
7770e268a000-7770e2e25000 r-xp 00028000 08:40 103807                     /usr/local/lib/python3.10/dist-packages/numpy/_core/_multiarray_umath.cpython-310-x86_64-linux-gnu.so
7770e2e25000-7770e2fb6000 r--p 007c3000 08:40 103807                     /usr/local/lib/python3.10/dist-packages/numpy/_core/_multiarray_umath.cpython-310-x86_64-linux-gnu.so
7770e2fb6000-7770e2fb7000 ---p 00954000 08:40 103807                     /usr/local/lib/python3.10/dist-packages/numpy/_core/_multiarray_umath.cpython-310-x86_64-linux-gnu.so
7770e2fb7000-7770e2fba000 r--p 00954000 08:40 103807                     /usr/local/lib/python3.10/dist-packages/numpy/_core/_multiarray_umath.cpython-310-x86_64-linux-gnu.so
7770e2fba000-7770e2fdc000 rw-p 00957000 08:40 103807                     /usr/local/lib/python3.10/dist-packages/numpy/_core/_multiarray_umath.cpython-310-x86_64-linux-gnu.so
7770e2fdc000-7770e2ff4000 rw-p 00000000 00:00 0 
7770e2ff4000-7770e2ff9000 rw-p 009ee000 08:40 103807                     /usr/local/lib/python3.10/dist-packages/numpy/_core/_multiarray_umath.cpython-310-x86_64-linux-gnu.so
7770e2ff9000-7770e2ffe000 rw-p 009f3000 08:40 103807                     /usr/local/lib/python3.10/dist-packages/numpy/_core/_multiarray_umath.cpython-310-x86_64-linux-gnu.so
7770e2ffe000-7770e2fff000 ---p 00000000 00:00 0 
7770e2fff000-7770e37ff000 rw-p 00000000 00:00 0 
7770e37ff000-7770e3800000 ---p 00000000 00:00 0 
7770e3800000-7770e4000000 rw-p 00000000 00:00 0 
7770e4000000-7770e4021000 rw-p 00000000 00:00 0 
7770e4021000-7770e8000000 ---p 00000000 00:00 0 
7770e8000000-7770e8021000 rw-p 00000000 00:00 0 
7770e8021000-7770ec000000 ---p 00000000 00:00 0 
7770ec000000-7770ec033000 rw-p 00000000 00:00 0 
7770ec033000-7770f0000000 ---p 00000000 00:00 0 
7770f0000000-7770f0021000 rw-p 00000000 00:00 0 
7770f0021000-7770f4000000 ---p 00000000 00:00 0 
7770f4000000-7770f405d000 rw-p 00000000 00:00 0 
7770f405d000-7770f8000000 ---p 00000000 00:00 0 
7770f8000000-7770f8001000 rw-s a01e4c000 00:01 355                       /dev/zero (deleted)
7770f8001000-7770f8002000 ---p 00000000 00:00 0 
7770f8002000-7770f8003000 r--p 00000000 00:00 0 
7770f8003000-7770f8007000 r--p 00000000 08:40 103741                     /usr/local/lib/python3.10/dist-packages/numpy/random/_sfc64.cpython-310-x86_64-linux-gnu.so
7770f8007000-7770f8010000 r-xp 00004000 08:40 103741                     /usr/local/lib/python3.10/dist-packages/numpy/random/_sfc64.cpython-310-x86_64-linux-gnu.so
7770f8010000-7770f8014000 r--p 0000d000 08:40 103741                     /usr/local/lib/python3.10/dist-packages/numpy/random/_sfc64.cpython-310-x86_64-linux-gnu.so
7770f8014000-7770f8015000 r--p 00010000 08:40 103741                     /usr/local/lib/python3.10/dist-packages/numpy/random/_sfc64.cpython-310-x86_64-linux-gnu.so
7770f8015000-7770f8016000 rw-p 00011000 08:40 103741                     /usr/local/lib/python3.10/dist-packages/numpy/random/_sfc64.cpython-310-x86_64-linux-gnu.so
7770f8016000-7770f8025000 r--p 00000000 08:40 193773                     /usr/local/lib/python3.10/dist-packages/matplotlib/_path.cpython-310-x86_64-linux-gnu.so
7770f8025000-7770f8065000 r-xp 0000f000 08:40 193773                     /usr/local/lib/python3.10/dist-packages/matplotlib/_path.cpython-310-x86_64-linux-gnu.so
7770f8065000-7770f8075000 r--p 0004f000 08:40 193773                     /usr/local/lib/python3.10/dist-packages/matplotlib/_path.cpython-310-x86_64-linux-gnu.so
7770f8075000-7770f8076000 ---p 0005f000 08:40 193773                     /usr/local/lib/python3.10/dist-packages/matplotlib/_path.cpython-310-x86_64-linux-gnu.so
7770f8076000-7770f8077000 r--p 0005f000 08:40 193773                     /usr/local/lib/python3.10/dist-packages/matplotlib/_path.cpython-310-x86_64-linux-gnu.so
7770f8077000-7770f8078000 rw-p 00060000 08:40 193773                     /usr/local/lib/python3.10/dist-packages/matplotlib/_path.cpython-310-x86_64-linux-gnu.so
7770f8078000-7770f8079000 rw-p 00000000 00:00 0 
7770f8079000-7770f8086000 r--p 00000000 08:40 193753                     /usr/local/lib/python3.10/dist-packages/matplotlib/_c_internal_utils.cpython-310-x86_64-linux-gnu.so
7770f8086000-7770f80a0000 r-xp 0000d000 08:40 193753                     /usr/local/lib/python3.10/dist-packages/matplotlib/_c_internal_utils.cpython-310-x86_64-linux-gnu.so
7770f80a0000-7770f80a9000 r--p 00027000 08:40 193753                     /usr/local/lib/python3.10/dist-packages/matplotlib/_c_internal_utils.cpython-310-x86_64-linux-gnu.so
7770f80a9000-7770f80aa000 r--p 0002f000 08:40 193753                     /usr/local/lib/python3.10/dist-packages/matplotlib/_c_internal_utils.cpython-310-x86_64-linux-gnu.so
7770f80aa000-7770f80ab000 rw-p 00030000 08:40 193753                     /usr/local/lib/python3.10/dist-packages/matplotlib/_c_internal_utils.cpython-310-x86_64-linux-gnu.so
7770f80ab000-7770f85ab000 rw-p 00000000 00:00 0 
7770f85ab000-7770f85b3000 r--p 00000000 08:40 185592                     /usr/local/lib/python3.10/dist-packages/debugpy/_vendored/pydevd/_pydevd_bundle/pydevd_cython.cpython-310-x86_64-linux-gnu.so
7770f85b3000-7770f8644000 r-xp 00008000 08:40 185592                     /usr/local/lib/python3.10/dist-packages/debugpy/_vendored/pydevd/_pydevd_bundle/pydevd_cython.cpython-310-x86_64-linux-gnu.so
7770f8644000-7770f8650000 r--p 00099000 08:40 185592                     /usr/local/lib/python3.10/dist-packages/debugpy/_vendored/pydevd/_pydevd_bundle/pydevd_cython.cpython-310-x86_64-linux-gnu.so
7770f8650000-7770f8652000 r--p 000a4000 08:40 185592                     /usr/local/lib/python3.10/dist-packages/debugpy/_vendored/pydevd/_pydevd_bundle/pydevd_cython.cpython-310-x86_64-linux-gnu.so
7770f8652000-7770f8655000 rw-p 000a6000 08:40 185592                     /usr/local/lib/python3.10/dist-packages/debugpy/_vendored/pydevd/_pydevd_bundle/pydevd_cython.cpython-310-x86_64-linux-gnu.so
7770f8655000-7770f8757000 rw-p 00000000 00:00 0 
7770f8757000-7770f8758000 ---p 00000000 00:00 0 
7770f8758000-7770f8f58000 rw-p 00000000 00:00 0 
7770f8f58000-7770f8f59000 ---p 00000000 00:00 0 
7770f8f59000-7770f9759000 rw-p 00000000 00:00 0 
7770f9759000-7770f975a000 ---p 00000000 00:00 0 
7770f975a000-7770f9f5a000 rw-p 00000000 00:00 0 
7770f9f5a000-7770f9f5b000 ---p 00000000 00:00 0 
7770f9f5b000-7770fa75b000 rw-p 00000000 00:00 0 
7770fa75b000-7770fa75c000 ---p 00000000 00:00 0 
7770fa75c000-7770faf5c000 rw-p 00000000 00:00 0 
7770faf5c000-7770faf5d000 ---p 00000000 00:00 0 
7770faf5d000-7770fb75d000 rw-p 00000000 00:00 0 
7770fb75d000-7770fb75e000 ---p 00000000 00:00 0 
7770fb75e000-7770fbf5e000 rw-p 00000000 00:00 0 
7770fbf5e000-7770fbf5f000 ---p 00000000 00:00 0 
7770fbf5f000-7770fd25f000 rw-p 00000000 00:00 0 
7770fd25f000-7770fd27d000 r--p 00000000 08:40 96725                      /usr/lib/x86_64-linux-gnu/libsqlite3.so.0.8.6
7770fd27d000-7770fd369000 r-xp 0001e000 08:40 96725                      /usr/lib/x86_64-linux-gnu/libsqlite3.so.0.8.6
7770fd369000-7770fd3a4000 r--p 0010a000 08:40 96725                      /usr/lib/x86_64-linux-gnu/libsqlite3.so.0.8.6
7770fd3a4000-7770fd3a8000 r--p 00144000 08:40 96725                      /usr/lib/x86_64-linux-gnu/libsqlite3.so.0.8.6
7770fd3a8000-7770fd3ac000 rw-p 00148000 08:40 96725                      /usr/lib/x86_64-linux-gnu/libsqlite3.so.0.8.6
7770fd3ac000-7770fd4ac000 rw-p 00000000 00:00 0 
7770fd4ac000-7770fd4ae000 r--p 00000000 08:40 788668                     /usr/local/lib/python3.10/dist-packages/pandas/_libs/pandas_parser.cpython-310-x86_64-linux-gnu.so
7770fd4ae000-7770fd4b4000 r-xp 00002000 08:40 788668                     /usr/local/lib/python3.10/dist-packages/pandas/_libs/pandas_parser.cpython-310-x86_64-linux-gnu.so
7770fd4b4000-7770fd4b6000 r--p 00008000 08:40 788668                     /usr/local/lib/python3.10/dist-packages/pandas/_libs/pandas_parser.cpython-310-x86_64-linux-gnu.so
7770fd4b6000-7770fd4b7000 r--p 00009000 08:40 788668                     /usr/local/lib/python3.10/dist-packages/pandas/_libs/pandas_parser.cpython-310-x86_64-linux-gnu.so
7770fd4b7000-7770fd4b8000 rw-p 0000a000 08:40 788668                     /usr/local/lib/python3.10/dist-packages/pandas/_libs/pandas_parser.cpython-310-x86_64-linux-gnu.so
7770fd4b8000-7770fd4bc000 r--p 00000000 08:40 200828                     /usr/local/lib/python3.10/dist-packages/pillow.libs/liblzma-61b1002e.so.5.8.2
7770fd4bc000-7770fd4e9000 r-xp 00004000 08:40 200828                     /usr/local/lib/python3.10/dist-packages/pillow.libs/liblzma-61b1002e.so.5.8.2
7770fd4e9000-7770fd4f6000 r--p 00031000 08:40 200828                     /usr/local/lib/python3.10/dist-packages/pillow.libs/liblzma-61b1002e.so.5.8.2
7770fd4f6000-7770fd4f7000 r--p 0003e000 08:40 200828                     /usr/local/lib/python3.10/dist-packages/pillow.libs/liblzma-61b1002e.so.5.8.2
7770fd4f7000-7770fd4f8000 rw-p 0003f000 08:40 200828                     /usr/local/lib/python3.10/dist-packages/pillow.libs/liblzma-61b1002e.so.5.8.2
7770fd4f8000-7770fd4fa000 rw-p 00040000 08:40 200828                     /usr/local/lib/python3.10/dist-packages/pillow.libs/liblzma-61b1002e.so.5.8.2
7770fd4fa000-7770fd506000 r--p 00000000 08:40 200836                     /usr/local/lib/python3.10/dist-packages/pillow.libs/libxcb-64009ff3.so.1.1.0
7770fd506000-7770fd521000 r-xp 0000c000 08:40 200836                     /usr/local/lib/python3.10/dist-packages/pillow.libs/libxcb-64009ff3.so.1.1.0
7770fd521000-7770fd52b000 r--p 00027000 08:40 200836                     /usr/local/lib/python3.10/dist-packages/pillow.libs/libxcb-64009ff3.so.1.1.0
7770fd52b000-7770fd52c000 r--p 00030000 08:40 200836                     /usr/local/lib/python3.10/dist-packages/pillow.libs/libxcb-64009ff3.so.1.1.0
7770fd52c000-7770fd52d000 rw-p 00031000 08:40 200836                     /usr/local/lib/python3.10/dist-packages/pillow.libs/libxcb-64009ff3.so.1.1.0
7770fd52d000-7770fd533000 rw-p 00033000 08:40 200836                     /usr/local/lib/python3.10/dist-packages/pillow.libs/libxcb-64009ff3.so.1.1.0
7770fd533000-7770fd538000 rw-p 00039000 08:40 200836                     /usr/local/lib/python3.10/dist-packages/pillow.libs/libxcb-64009ff3.so.1.1.0
7770fd538000-7770fd549000 r--p 00000000 08:40 183428                     /usr/local/lib/python3.10/dist-packages/PIL/_imaging.cpython-310-x86_64-linux-gnu.so
7770fd549000-7770fd5cd000 r-xp 00011000 08:40 183428                     /usr/local/lib/python3.10/dist-packages/PIL/_imaging.cpython-310-x86_64-linux-gnu.so
7770fd5cd000-7770fd5de000 r--p 00095000 08:40 183428                     /usr/local/lib/python3.10/dist-packages/PIL/_imaging.cpython-310-x86_64-linux-gnu.so
7770fd5de000-7770fd5e2000 r--p 000a5000 08:40 183428                     /usr/local/lib/python3.10/dist-packages/PIL/_imaging.cpython-310-x86_64-linux-gnu.so
7770fd5e2000-7770fd5e6000 rw-p 000a9000 08:40 183428                     /usr/local/lib/python3.10/dist-packages/PIL/_imaging.cpython-310-x86_64-linux-gnu.so
7770fd5e6000-7770fd5ea000 rw-p 00325000 08:40 183428                     /usr/local/lib/python3.10/dist-packages/PIL/_imaging.cpython-310-x86_64-linux-gnu.so
7770fd5ea000-7770fd5ed000 rw-p 00329000 08:40 183428                     /usr/local/lib/python3.10/dist-packages/PIL/_imaging.cpython-310-x86_64-linux-gnu.so
7770fd5ed000-7770fd8ed000 rw-p 00000000 00:00 0 
7770fd8ed000-7770fd8ef000 r--p 00000000 08:40 93911                      /usr/lib/x86_64-linux-gnu/libuuid.so.1.3.0
7770fd8ef000-7770fd8f3000 r-xp 00002000 08:40 93911                      /usr/lib/x86_64-linux-gnu/libuuid.so.1.3.0
7770fd8f3000-7770fd8f4000 r--p 00006000 08:40 93911                      /usr/lib/x86_64-linux-gnu/libuuid.so.1.3.0
7770fd8f4000-7770fd8f5000 r--p 00006000 08:40 93911                      /usr/lib/x86_64-linux-gnu/libuuid.so.1.3.0
7770fd8f5000-7770fd8f6000 rw-p 00007000 08:40 93911                      /usr/lib/x86_64-linux-gnu/libuuid.so.1.3.0
7770fd8f6000-7770fd8f9000 r--p 00000000 08:40 93835                      /usr/lib/x86_64-linux-gnu/liblzma.so.5.2.5
7770fd8f9000-7770fd914000 r-xp 00003000 08:40 93835                      /usr/lib/x86_64-linux-gnu/liblzma.so.5.2.5
7770fd914000-7770fd91f000 r--p 0001e000 08:40 93835                      /usr/lib/x86_64-linux-gnu/liblzma.so.5.2.5
7770fd91f000-7770fd920000 r--p 00028000 08:40 93835                      /usr/lib/x86_64-linux-gnu/liblzma.so.5.2.5
7770fd920000-7770fd921000 rw-p 00029000 08:40 93835                      /usr/lib/x86_64-linux-gnu/liblzma.so.5.2.5
7770fd921000-7770fd923000 r--p 00000000 08:40 93783                      /usr/lib/x86_64-linux-gnu/libbz2.so.1.0.4
7770fd923000-7770fd930000 r-xp 00002000 08:40 93783                      /usr/lib/x86_64-linux-gnu/libbz2.so.1.0.4
7770fd930000-7770fd932000 r--p 0000f000 08:40 93783                      /usr/lib/x86_64-linux-gnu/libbz2.so.1.0.4
7770fd932000-7770fd933000 r--p 00010000 08:40 93783                      /usr/lib/x86_64-linux-gnu/libbz2.so.1.0.4
7770fd933000-7770fd934000 rw-p 00011000 08:40 93783                      /usr/lib/x86_64-linux-gnu/libbz2.so.1.0.4
7770fd934000-7770fda34000 rw-p 00000000 00:00 0 
7770fda34000-7770fda39000 r--p 00000000 08:40 173762                     /usr/lib/x86_64-linux-gnu/libmpdec.so.2.5.1
7770fda39000-7770fda5a000 r-xp 00005000 08:40 173762                     /usr/lib/x86_64-linux-gnu/libmpdec.so.2.5.1
7770fda5a000-7770fda61000 r--p 00026000 08:40 173762                     /usr/lib/x86_64-linux-gnu/libmpdec.so.2.5.1
7770fda61000-7770fda62000 r--p 0002c000 08:40 173762                     /usr/lib/x86_64-linux-gnu/libmpdec.so.2.5.1
7770fda62000-7770fda63000 rw-p 0002d000 08:40 173762                     /usr/lib/x86_64-linux-gnu/libmpdec.so.2.5.1
7770fda63000-7770fda6b000 r--p 00000000 08:40 172651                     /usr/lib/python3.10/lib-dynload/_decimal.cpython-310-x86_64-linux-gnu.so
7770fda6b000-7770fda80000 r-xp 00008000 08:40 172651                     /usr/lib/python3.10/lib-dynload/_decimal.cpython-310-x86_64-linux-gnu.so
7770fda80000-7770fda8c000 r--p 0001d000 08:40 172651                     /usr/lib/python3.10/lib-dynload/_decimal.cpython-310-x86_64-linux-gnu.so
7770fda8c000-7770fda8d000 r--p 00028000 08:40 172651                     /usr/lib/python3.10/lib-dynload/_decimal.cpython-310-x86_64-linux-gnu.so
7770fda8d000-7770fda90000 rw-p 00029000 08:40 172651                     /usr/lib/python3.10/lib-dynload/_decimal.cpython-310-x86_64-linux-gnu.so
7770fda90000-7770fdb90000 rw-p 00000000 00:00 0 
7770fdb90000-7770fdb9e000 r--p 00000000 08:40 93902                      /usr/lib/x86_64-linux-gnu/libtinfo.so.6.3
7770fdb9e000-7770fdbaf000 r-xp 0000e000 08:40 93902                      /usr/lib/x86_64-linux-gnu/libtinfo.so.6.3
7770fdbaf000-7770fdbbd000 r--p 0001f000 08:40 93902                      /usr/lib/x86_64-linux-gnu/libtinfo.so.6.3
7770fdbbd000-7770fdbc1000 r--p 0002c000 08:40 93902                      /usr/lib/x86_64-linux-gnu/libtinfo.so.6.3
7770fdbc1000-7770fdbc2000 rw-p 00030000 08:40 93902                      /usr/lib/x86_64-linux-gnu/libtinfo.so.6.3
7770fdbc2000-7770fdbca000 r--p 00000000 08:40 93848                      /usr/lib/x86_64-linux-gnu/libncursesw.so.6.3
7770fdbca000-7770fdbf3000 r-xp 00008000 08:40 93848                      /usr/lib/x86_64-linux-gnu/libncursesw.so.6.3
7770fdbf3000-7770fdbfb000 r--p 00031000 08:40 93848                      /usr/lib/x86_64-linux-gnu/libncursesw.so.6.3
7770fdbfb000-7770fdbfc000 ---p 00039000 08:40 93848                      /usr/lib/x86_64-linux-gnu/libncursesw.so.6.3
7770fdbfc000-7770fdbfd000 r--p 00039000 08:40 93848                      /usr/lib/x86_64-linux-gnu/libncursesw.so.6.3
7770fdbfd000-7770fdbfe000 rw-p 0003a000 08:40 93848                      /usr/lib/x86_64-linux-gnu/libncursesw.so.6.3
7770fdbfe000-7770fdcfe000 rw-p 00000000 00:00 0 
7770fdcfe000-7770fdd00000 r--p 00000000 08:40 172674                     /usr/lib/python3.10/lib-dynload/mmap.cpython-310-x86_64-linux-gnu.so
7770fdd00000-7770fdd03000 r-xp 00002000 08:40 172674                     /usr/lib/python3.10/lib-dynload/mmap.cpython-310-x86_64-linux-gnu.so
7770fdd03000-7770fdd05000 r--p 00005000 08:40 172674                     /usr/lib/python3.10/lib-dynload/mmap.cpython-310-x86_64-linux-gnu.so
7770fdd05000-7770fdd06000 r--p 00006000 08:40 172674                     /usr/lib/python3.10/lib-dynload/mmap.cpython-310-x86_64-linux-gnu.so
7770fdd06000-7770fdd07000 rw-p 00007000 08:40 172674                     /usr/lib/python3.10/lib-dynload/mmap.cpython-310-x86_64-linux-gnu.so
7770fdd07000-7770fdd0b000 r--p 00000000 08:40 103733                     /usr/local/lib/python3.10/dist-packages/numpy/random/_mt19937.cpython-310-x86_64-linux-gnu.so
7770fdd0b000-7770fdd1b000 r-xp 00004000 08:40 103733                     /usr/local/lib/python3.10/dist-packages/numpy/random/_mt19937.cpython-310-x86_64-linux-gnu.so
7770fdd1b000-7770fdd21000 r--p 00014000 08:40 103733                     /usr/local/lib/python3.10/dist-packages/numpy/random/_mt19937.cpython-310-x86_64-linux-gnu.so
7770fdd21000-7770fdd22000 r--p 00019000 08:40 103733                     /usr/local/lib/python3.10/dist-packages/numpy/random/_mt19937.cpython-310-x86_64-linux-gnu.so
7770fdd22000-7770fdd23000 rw-p 0001a000 08:40 103733                     /usr/local/lib/python3.10/dist-packages/numpy/random/_mt19937.cpython-310-x86_64-linux-gnu.so
7770fdd23000-7770fdd24000 rw-p 00000000 00:00 0 
7770fdd24000-7770fdd25000 r--p 00000000 08:40 173709                     /usr/lib/x86_64-linux-gnu/libdl.so.2
7770fdd25000-7770fdd26000 r-xp 00001000 08:40 173709                     /usr/lib/x86_64-linux-gnu/libdl.so.2
7770fdd26000-7770fdd27000 r--p 00002000 08:40 173709                     /usr/lib/x86_64-linux-gnu/libdl.so.2
7770fdd27000-7770fdd28000 r--p 00002000 08:40 173709                     /usr/lib/x86_64-linux-gnu/libdl.so.2
7770fdd28000-7770fdd29000 rw-p 00003000 08:40 173709                     /usr/lib/x86_64-linux-gnu/libdl.so.2
7770fdd29000-7770fdd2a000 r--p 00000000 08:40 107002                     /usr/local/lib/python3.10/dist-packages/charset_normalizer/cd.cpython-310-x86_64-linux-gnu.so
7770fdd2a000-7770fdd2b000 r-xp 00001000 08:40 107002                     /usr/local/lib/python3.10/dist-packages/charset_normalizer/cd.cpython-310-x86_64-linux-gnu.so
7770fdd2b000-7770fdd2c000 r--p 00002000 08:40 107002                     /usr/local/lib/python3.10/dist-packages/charset_normalizer/cd.cpython-310-x86_64-linux-gnu.so
7770fdd2c000-7770fdd2d000 r--p 00002000 08:40 107002                     /usr/local/lib/python3.10/dist-packages/charset_normalizer/cd.cpython-310-x86_64-linux-gnu.so
7770fdd2d000-7770fdd2e000 rw-p 00003000 08:40 107002                     /usr/local/lib/python3.10/dist-packages/charset_normalizer/cd.cpython-310-x86_64-linux-gnu.so
7770fdd2e000-7770fdd32000 r--p 00000000 08:40 103602                     /usr/local/lib/python3.10/dist-packages/numpy/linalg/_umath_linalg.cpython-310-x86_64-linux-gnu.so
7770fdd32000-7770fdd56000 r-xp 00004000 08:40 103602                     /usr/local/lib/python3.10/dist-packages/numpy/linalg/_umath_linalg.cpython-310-x86_64-linux-gnu.so
7770fdd56000-7770fdd5b000 r--p 00028000 08:40 103602                     /usr/local/lib/python3.10/dist-packages/numpy/linalg/_umath_linalg.cpython-310-x86_64-linux-gnu.so
7770fdd5b000-7770fdd5c000 ---p 0002d000 08:40 103602                     /usr/local/lib/python3.10/dist-packages/numpy/linalg/_umath_linalg.cpython-310-x86_64-linux-gnu.so
7770fdd5c000-7770fdd5d000 r--p 0002d000 08:40 103602                     /usr/local/lib/python3.10/dist-packages/numpy/linalg/_umath_linalg.cpython-310-x86_64-linux-gnu.so
7770fdd5d000-7770fdd5e000 rw-p 0002e000 08:40 103602                     /usr/local/lib/python3.10/dist-packages/numpy/linalg/_umath_linalg.cpython-310-x86_64-linux-gnu.so
7770fdd5e000-7770fdd60000 rw-p 00035000 08:40 103602                     /usr/local/lib/python3.10/dist-packages/numpy/linalg/_umath_linalg.cpython-310-x86_64-linux-gnu.so
7770fdd60000-7770fdd61000 rw-p 00037000 08:40 103602                     /usr/local/lib/python3.10/dist-packages/numpy/linalg/_umath_linalg.cpython-310-x86_64-linux-gnu.so
7770fdd61000-7770fdd64000 r--p 00000000 08:40 102566                     /usr/local/lib/python3.10/dist-packages/psutil/_psutil_linux.abi3.so
7770fdd64000-7770fdd67000 r-xp 00003000 08:40 102566                     /usr/local/lib/python3.10/dist-packages/psutil/_psutil_linux.abi3.so
7770fdd67000-7770fdd68000 r--p 00006000 08:40 102566                     /usr/local/lib/python3.10/dist-packages/psutil/_psutil_linux.abi3.so
7770fdd68000-7770fdd69000 r--p 00007000 08:40 102566                     /usr/local/lib/python3.10/dist-packages/psutil/_psutil_linux.abi3.so
7770fdd69000-7770fdd6a000 rw-p 00008000 08:40 102566                     /usr/local/lib/python3.10/dist-packages/psutil/_psutil_linux.abi3.so
7770fdd6a000-7770fdd6c000 r--p 00000000 08:40 172654                     /usr/lib/python3.10/lib-dynload/_lsprof.cpython-310-x86_64-linux-gnu.so
7770fdd6c000-7770fdd6f000 r-xp 00002000 08:40 172654                     /usr/lib/python3.10/lib-dynload/_lsprof.cpython-310-x86_64-linux-gnu.so
7770fdd6f000-7770fdd71000 r--p 00005000 08:40 172654                     /usr/lib/python3.10/lib-dynload/_lsprof.cpython-310-x86_64-linux-gnu.so
7770fdd71000-7770fdd72000 r--p 00006000 08:40 172654                     /usr/lib/python3.10/lib-dynload/_lsprof.cpython-310-x86_64-linux-gnu.so
7770fdd72000-7770fdd73000 rw-p 00007000 08:40 172654                     /usr/lib/python3.10/lib-dynload/_lsprof.cpython-310-x86_64-linux-gnu.so
7770fdd73000-7770fdd79000 r--p 00000000 08:40 172661                     /usr/lib/python3.10/lib-dynload/_sqlite3.cpython-310-x86_64-linux-gnu.so
7770fdd79000-7770fdd87000 r-xp 00006000 08:40 172661                     /usr/lib/python3.10/lib-dynload/_sqlite3.cpython-310-x86_64-linux-gnu.so
7770fdd87000-7770fdd8c000 r--p 00014000 08:40 172661                     /usr/lib/python3.10/lib-dynload/_sqlite3.cpython-310-x86_64-linux-gnu.so
7770fdd8c000-7770fdd8d000 r--p 00018000 08:40 172661                     /usr/lib/python3.10/lib-dynload/_sqlite3.cpython-310-x86_64-linux-gnu.so
7770fdd8d000-7770fdd8f000 rw-p 00019000 08:40 172661                     /usr/lib/python3.10/lib-dynload/_sqlite3.cpython-310-x86_64-linux-gnu.so
7770fdd8f000-7770fdd93000 r--p 00000000 08:40 172652                     /usr/lib/python3.10/lib-dynload/_hashlib.cpython-310-x86_64-linux-gnu.so
7770fdd93000-7770fdd99000 r-xp 00004000 08:40 172652                     /usr/lib/python3.10/lib-dynload/_hashlib.cpython-310-x86_64-linux-gnu.so
7770fdd99000-7770fdd9d000 r--p 0000a000 08:40 172652                     /usr/lib/python3.10/lib-dynload/_hashlib.cpython-310-x86_64-linux-gnu.so
7770fdd9d000-7770fdd9e000 r--p 0000d000 08:40 172652                     /usr/lib/python3.10/lib-dynload/_hashlib.cpython-310-x86_64-linux-gnu.so
7770fdd9e000-7770fdda0000 rw-p 0000e000 08:40 172652                     /usr/lib/python3.10/lib-dynload/_hashlib.cpython-310-x86_64-linux-gnu.so
7770fdda0000-7770fdea0000 rw-p 00000000 00:00 0 
7770fdea0000-7770fdea3000 r--p 00000000 08:40 357795                     /root/.local/lib/python3.10/site-packages/zmq/backend/cython/utils.cpython-310-x86_64-linux-gnu.so
7770fdea3000-7770fdea8000 r-xp 00003000 08:40 357795                     /root/.local/lib/python3.10/site-packages/zmq/backend/cython/utils.cpython-310-x86_64-linux-gnu.so
7770fdea8000-7770fdeaa000 r--p 00008000 08:40 357795                     /root/.local/lib/python3.10/site-packages/zmq/backend/cython/utils.cpython-310-x86_64-linux-gnu.so
7770fdeaa000-7770fdeab000 r--p 00009000 08:40 357795                     /root/.local/lib/python3.10/site-packages/zmq/backend/cython/utils.cpython-310-x86_64-linux-gnu.so
7770fdeab000-7770fdead000 rw-p 0000a000 08:40 357795                     /root/.local/lib/python3.10/site-packages/zmq/backend/cython/utils.cpython-310-x86_64-linux-gnu.so
7770fdead000-7770fdeae000 rw-p 0000c000 08:40 357795                     /root/.local/lib/python3.10/site-packages/zmq/backend/cython/utils.cpython-310-x86_64-linux-gnu.so
7770fdeae000-7770fdeaf000 rw-p 0000d000 08:40 357795                     /root/.local/lib/python3.10/site-packages/zmq/backend/cython/utils.cpython-310-x86_64-linux-gnu.so
7770fdeaf000-7770fdeb2000 r--p 00000000 08:40 357784                     /root/.local/lib/python3.10/site-packages/zmq/backend/cython/error.cpython-310-x86_64-linux-gnu.so
7770fdeb2000-7770fdeb5000 r-xp 00003000 08:40 357784                     /root/.local/lib/python3.10/site-packages/zmq/backend/cython/error.cpython-310-x86_64-linux-gnu.so
7770fdeb5000-7770fdeb6000 r--p 00006000 08:40 357784                     /root/.local/lib/python3.10/site-packages/zmq/backend/cython/error.cpython-310-x86_64-linux-gnu.so
7770fdeb6000-7770fdeb7000 ---p 00007000 08:40 357784                     /root/.local/lib/python3.10/site-packages/zmq/backend/cython/error.cpython-310-x86_64-linux-gnu.so
7770fdeb7000-7770fdeb8000 r--p 00007000 08:40 357784                     /root/.local/lib/python3.10/site-packages/zmq/backend/cython/error.cpython-310-x86_64-linux-gnu.so
7770fdeb8000-7770fdeb9000 rw-p 00008000 08:40 357784                     /root/.local/lib/python3.10/site-packages/zmq/backend/cython/error.cpython-310-x86_64-linux-gnu.so
7770fdeb9000-7770fdeba000 rw-p 0000a000 08:40 357784                     /root/.local/lib/python3.10/site-packages/zmq/backend/cython/error.cpython-310-x86_64-linux-gnu.so
7770fdeba000-7770fdebb000 rw-p 0000b000 08:40 357784                     /root/.local/lib/python3.10/site-packages/zmq/backend/cython/error.cpython-310-x86_64-linux-gnu.so
7770fdebb000-7770fdebd000 r--p 00000000 08:40 357797                     /root/.local/lib/python3.10/site-packages/zmq/backend/cython/_version.cpython-310-x86_64-linux-gnu.so
7770fdebd000-7770fdec0000 r-xp 00002000 08:40 357797                     /root/.local/lib/python3.10/site-packages/zmq/backend/cython/_version.cpython-310-x86_64-linux-gnu.so
7770fdec0000-7770fdec1000 r--p 00005000 08:40 357797                     /root/.local/lib/python3.10/site-packages/zmq/backend/cython/_version.cpython-310-x86_64-linux-gnu.so
7770fdec1000-7770fdec2000 r--p 00005000 08:40 357797                     /root/.local/lib/python3.10/site-packages/zmq/backend/cython/_version.cpython-310-x86_64-linux-gnu.so
7770fdec2000-7770fdec3000 rw-p 00006000 08:40 357797                     /root/.local/lib/python3.10/site-packages/zmq/backend/cython/_version.cpython-310-x86_64-linux-gnu.so
7770fdec3000-7770fdec4000 rw-p 00008000 08:40 357797                     /root/.local/lib/python3.10/site-packages/zmq/backend/cython/_version.cpython-310-x86_64-linux-gnu.so
7770fdec4000-7770fdec5000 rw-p 00009000 08:40 357797                     /root/.local/lib/python3.10/site-packages/zmq/backend/cython/_version.cpython-310-x86_64-linux-gnu.so
7770fdec5000-7770fdec8000 r--p 00000000 08:40 357793                     /root/.local/lib/python3.10/site-packages/zmq/backend/cython/_proxy_steerable.cpython-310-x86_64-linux-gnu.so
7770fdec8000-7770fdece000 r-xp 00003000 08:40 357793                     /root/.local/lib/python3.10/site-packages/zmq/backend/cython/_proxy_steerable.cpython-310-x86_64-linux-gnu.so
7770fdece000-7770fded0000 r--p 00009000 08:40 357793                     /root/.local/lib/python3.10/site-packages/zmq/backend/cython/_proxy_steerable.cpython-310-x86_64-linux-gnu.so
7770fded0000-7770fded1000 r--p 0000a000 08:40 357793                     /root/.local/lib/python3.10/site-packages/zmq/backend/cython/_proxy_steerable.cpython-310-x86_64-linux-gnu.so
7770fded1000-7770fded2000 rw-p 0000b000 08:40 357793                     /root/.local/lib/python3.10/site-packages/zmq/backend/cython/_proxy_steerable.cpython-310-x86_64-linux-gnu.so
7770fded2000-7770fded3000 rw-p 00000000 00:00 0 
7770fded3000-7770fded5000 rw-p 0000d000 08:40 357793                     /root/.local/lib/python3.10/site-packages/zmq/backend/cython/_proxy_steerable.cpython-310-x86_64-linux-gnu.so
7770fded5000-7770fded6000 rw-p 0000f000 08:40 357793                     /root/.local/lib/python3.10/site-packages/zmq/backend/cython/_proxy_steerable.cpython-310-x86_64-linux-gnu.so
7770fded6000-7770fdeda000 r--p 00000000 08:40 357786                     /root/.local/lib/python3.10/site-packages/zmq/backend/cython/_poll.cpython-310-x86_64-linux-gnu.so
7770fdeda000-7770fdee4000 r-xp 00004000 08:40 357786                     /root/.local/lib/python3.10/site-packages/zmq/backend/cython/_poll.cpython-310-x86_64-linux-gnu.so
7770fdee4000-7770fdee6000 r--p 0000e000 08:40 357786                     /root/.local/lib/python3.10/site-packages/zmq/backend/cython/_poll.cpython-310-x86_64-linux-gnu.so
7770fdee6000-7770fdee7000 r--p 0000f000 08:40 357786                     /root/.local/lib/python3.10/site-packages/zmq/backend/cython/_poll.cpython-310-x86_64-linux-gnu.so
7770fdee7000-7770fdee9000 rw-p 00010000 08:40 357786                     /root/.local/lib/python3.10/site-packages/zmq/backend/cython/_poll.cpython-310-x86_64-linux-gnu.so
7770fdee9000-7770fdeeb000 rw-p 00012000 08:40 357786                     /root/.local/lib/python3.10/site-packages/zmq/backend/cython/_poll.cpython-310-x86_64-linux-gnu.so
7770fdeeb000-7770fdeec000 rw-p 00014000 08:40 357786                     /root/.local/lib/python3.10/site-packages/zmq/backend/cython/_poll.cpython-310-x86_64-linux-gnu.so
7770fdeec000-7770fdef1000 r--p 00000000 08:40 357785                     /root/.local/lib/python3.10/site-packages/zmq/backend/cython/message.cpython-310-x86_64-linux-gnu.so
7770fdef1000-7770fdeff000 r-xp 00005000 08:40 357785                     /root/.local/lib/python3.10/site-packages/zmq/backend/cython/message.cpython-310-x86_64-linux-gnu.so
7770fdeff000-7770fdf02000 r--p 00013000 08:40 357785                     /root/.local/lib/python3.10/site-packages/zmq/backend/cython/message.cpython-310-x86_64-linux-gnu.so
7770fdf02000-7770fdf03000 r--p 00015000 08:40 357785                     /root/.local/lib/python3.10/site-packages/zmq/backend/cython/message.cpython-310-x86_64-linux-gnu.so
7770fdf03000-7770fdf06000 rw-p 00016000 08:40 357785                     /root/.local/lib/python3.10/site-packages/zmq/backend/cython/message.cpython-310-x86_64-linux-gnu.so
7770fdf06000-7770fdf07000 rw-p 00019000 08:40 357785                     /root/.local/lib/python3.10/site-packages/zmq/backend/cython/message.cpython-310-x86_64-linux-gnu.so
7770fdf07000-7770fdf09000 rw-p 0001a000 08:40 357785                     /root/.local/lib/python3.10/site-packages/zmq/backend/cython/message.cpython-310-x86_64-linux-gnu.so
7770fdf09000-7770fdf0f000 r--p 00000000 08:40 357794                     /root/.local/lib/python3.10/site-packages/zmq/backend/cython/socket.cpython-310-x86_64-linux-gnu.so
7770fdf0f000-7770fdf27000 r-xp 00006000 08:40 357794                     /root/.local/lib/python3.10/site-packages/zmq/backend/cython/socket.cpython-310-x86_64-linux-gnu.so
7770fdf27000-7770fdf2b000 r--p 0001e000 08:40 357794                     /root/.local/lib/python3.10/site-packages/zmq/backend/cython/socket.cpython-310-x86_64-linux-gnu.so
7770fdf2b000-7770fdf2c000 r--p 00021000 08:40 357794                     /root/.local/lib/python3.10/site-packages/zmq/backend/cython/socket.cpython-310-x86_64-linux-gnu.so
7770fdf2c000-7770fdf31000 rw-p 00022000 08:40 357794                     /root/.local/lib/python3.10/site-packages/zmq/backend/cython/socket.cpython-310-x86_64-linux-gnu.so
7770fdf31000-7770fdf33000 rw-p 00027000 08:40 357794                     /root/.local/lib/python3.10/site-packages/zmq/backend/cython/socket.cpython-310-x86_64-linux-gnu.so
7770fdf33000-7770fdf34000 rw-p 00029000 08:40 357794                     /root/.local/lib/python3.10/site-packages/zmq/backend/cython/socket.cpython-310-x86_64-linux-gnu.so
7770fdf34000-7770fdf38000 r--p 00000000 08:40 357796                     /root/.local/lib/python3.10/site-packages/zmq/backend/cython/context.cpython-310-x86_64-linux-gnu.so
7770fdf38000-7770fdf41000 r-xp 00004000 08:40 357796                     /root/.local/lib/python3.10/site-packages/zmq/backend/cython/context.cpython-310-x86_64-linux-gnu.so
7770fdf41000-7770fdf44000 r--p 0000d000 08:40 357796                     /root/.local/lib/python3.10/site-packages/zmq/backend/cython/context.cpython-310-x86_64-linux-gnu.so
7770fdf44000-7770fdf45000 r--p 0000f000 08:40 357796                     /root/.local/lib/python3.10/site-packages/zmq/backend/cython/context.cpython-310-x86_64-linux-gnu.so
7770fdf45000-7770fdf47000 rw-p 00010000 08:40 357796                     /root/.local/lib/python3.10/site-packages/zmq/backend/cython/context.cpython-310-x86_64-linux-gnu.so
7770fdf47000-7770fdf49000 rw-p 00013000 08:40 357796                     /root/.local/lib/python3.10/site-packages/zmq/backend/cython/context.cpython-310-x86_64-linux-gnu.so
7770fdf49000-7770fdf4a000 rw-p 00015000 08:40 357796                     /root/.local/lib/python3.10/site-packages/zmq/backend/cython/context.cpython-310-x86_64-linux-gnu.so
7770fdf4a000-7770fdf4d000 r--p 00000000 08:40 173731                     /usr/lib/x86_64-linux-gnu/libgcc_s.so.1
7770fdf4d000-7770fdf64000 r-xp 00003000 08:40 173731                     /usr/lib/x86_64-linux-gnu/libgcc_s.so.1
7770fdf64000-7770fdf68000 r--p 0001a000 08:40 173731                     /usr/lib/x86_64-linux-gnu/libgcc_s.so.1
7770fdf68000-7770fdf69000 r--p 0001d000 08:40 173731                     /usr/lib/x86_64-linux-gnu/libgcc_s.so.1
7770fdf69000-7770fdf6a000 rw-p 0001e000 08:40 173731                     /usr/lib/x86_64-linux-gnu/libgcc_s.so.1
7770fdf6a000-7770fe004000 r--p 00000000 08:40 173807                     /usr/lib/x86_64-linux-gnu/libstdc++.so.6.0.30
7770fe004000-7770fe115000 r-xp 0009a000 08:40 173807                     /usr/lib/x86_64-linux-gnu/libstdc++.so.6.0.30
7770fe115000-7770fe184000 r--p 001ab000 08:40 173807                     /usr/lib/x86_64-linux-gnu/libstdc++.so.6.0.30
7770fe184000-7770fe185000 ---p 0021a000 08:40 173807                     /usr/lib/x86_64-linux-gnu/libstdc++.so.6.0.30
7770fe185000-7770fe190000 r--p 0021a000 08:40 173807                     /usr/lib/x86_64-linux-gnu/libstdc++.so.6.0.30
7770fe190000-7770fe193000 rw-p 00225000 08:40 173807                     /usr/lib/x86_64-linux-gnu/libstdc++.so.6.0.30
7770fe193000-7770fe196000 rw-p 00000000 00:00 0 
7770fe196000-7770fe1a2000 r--p 00000000 08:40 357681                     /root/.local/lib/python3.10/site-packages/pyzmq.libs/libsodium-a0cd10d3.so.23.3.0
7770fe1a2000-7770fe2a3000 r-xp 0000c000 08:40 357681                     /root/.local/lib/python3.10/site-packages/pyzmq.libs/libsodium-a0cd10d3.so.23.3.0
7770fe2a3000-7770fe2b7000 r--p 0010d000 08:40 357681                     /root/.local/lib/python3.10/site-packages/pyzmq.libs/libsodium-a0cd10d3.so.23.3.0
7770fe2b7000-7770fe2b8000 ---p 00121000 08:40 357681                     /root/.local/lib/python3.10/site-packages/pyzmq.libs/libsodium-a0cd10d3.so.23.3.0
7770fe2b8000-7770fe2b9000 r--p 00121000 08:40 357681                     /root/.local/lib/python3.10/site-packages/pyzmq.libs/libsodium-a0cd10d3.so.23.3.0
7770fe2b9000-7770fe2ba000 rw-p 00122000 08:40 357681                     /root/.local/lib/python3.10/site-packages/pyzmq.libs/libsodium-a0cd10d3.so.23.3.0
7770fe2ba000-7770fe2c1000 rw-p 00123000 08:40 357681                     /root/.local/lib/python3.10/site-packages/pyzmq.libs/libsodium-a0cd10d3.so.23.3.0
7770fe2c1000-7770fe2c2000 r--p 00000000 08:40 173789                     /usr/lib/x86_64-linux-gnu/libpthread.so.0
7770fe2c2000-7770fe2c3000 r-xp 00001000 08:40 173789                     /usr/lib/x86_64-linux-gnu/libpthread.so.0
7770fe2c3000-7770fe2c4000 r--p 00002000 08:40 173789                     /usr/lib/x86_64-linux-gnu/libpthread.so.0
7770fe2c4000-7770fe2c5000 r--p 00002000 08:40 173789                     /usr/lib/x86_64-linux-gnu/libpthread.so.0
7770fe2c5000-7770fe2c6000 rw-p 00003000 08:40 173789                     /usr/lib/x86_64-linux-gnu/libpthread.so.0
7770fe2c6000-7770fe2c7000 r--p 00000000 08:40 173800                     /usr/lib/x86_64-linux-gnu/librt.so.1
7770fe2c7000-7770fe2c8000 r-xp 00001000 08:40 173800                     /usr/lib/x86_64-linux-gnu/librt.so.1
7770fe2c8000-7770fe2c9000 r--p 00002000 08:40 173800                     /usr/lib/x86_64-linux-gnu/librt.so.1
7770fe2c9000-7770fe2ca000 r--p 00002000 08:40 173800                     /usr/lib/x86_64-linux-gnu/librt.so.1
7770fe2ca000-7770fe2cb000 rw-p 00003000 08:40 173800                     /usr/lib/x86_64-linux-gnu/librt.so.1
7770fe2cb000-7770fe2e3000 r--p 00000000 08:40 357682                     /root/.local/lib/python3.10/site-packages/pyzmq.libs/libzmq-fc4fcd2d.so.5.2.4
7770fe2e3000-7770fe376000 r-xp 00018000 08:40 357682                     /root/.local/lib/python3.10/site-packages/pyzmq.libs/libzmq-fc4fcd2d.so.5.2.4
7770fe376000-7770fe3b1000 r--p 000ab000 08:40 357682                     /root/.local/lib/python3.10/site-packages/pyzmq.libs/libzmq-fc4fcd2d.so.5.2.4
7770fe3b1000-7770fe3b2000 ---p 000e6000 08:40 357682                     /root/.local/lib/python3.10/site-packages/pyzmq.libs/libzmq-fc4fcd2d.so.5.2.4
7770fe3b2000-7770fe3ba000 r--p 000e6000 08:40 357682                     /root/.local/lib/python3.10/site-packages/pyzmq.libs/libzmq-fc4fcd2d.so.5.2.4
7770fe3ba000-7770fe3bb000 rw-p 000ee000 08:40 357682                     /root/.local/lib/python3.10/site-packages/pyzmq.libs/libzmq-fc4fcd2d.so.5.2.4
7770fe3bb000-7770fe3bd000 rw-p 000f0000 08:40 357682                     /root/.local/lib/python3.10/site-packages/pyzmq.libs/libzmq-fc4fcd2d.so.5.2.4
7770fe3bd000-7770fe3bf000 rw-p 000f2000 08:40 357682                     /root/.local/lib/python3.10/site-packages/pyzmq.libs/libzmq-fc4fcd2d.so.5.2.4
7770fe3bf000-7770fe3c2000 r--p 00000000 08:40 357787                     /root/.local/lib/python3.10/site-packages/zmq/backend/cython/_device.cpython-310-x86_64-linux-gnu.so
7770fe3c2000-7770fe3c9000 r-xp 00003000 08:40 357787                     /root/.local/lib/python3.10/site-packages/zmq/backend/cython/_device.cpython-310-x86_64-linux-gnu.so
7770fe3c9000-7770fe3cb000 r--p 0000a000 08:40 357787                     /root/.local/lib/python3.10/site-packages/zmq/backend/cython/_device.cpython-310-x86_64-linux-gnu.so
7770fe3cb000-7770fe3cc000 r--p 0000b000 08:40 357787                     /root/.local/lib/python3.10/site-packages/zmq/backend/cython/_device.cpython-310-x86_64-linux-gnu.so
7770fe3cc000-7770fe3ce000 rw-p 0000c000 08:40 357787                     /root/.local/lib/python3.10/site-packages/zmq/backend/cython/_device.cpython-310-x86_64-linux-gnu.so
7770fe3ce000-7770fe3d0000 rw-p 0000e000 08:40 357787                     /root/.local/lib/python3.10/site-packages/zmq/backend/cython/_device.cpython-310-x86_64-linux-gnu.so
7770fe3d0000-7770fe3d1000 rw-p 00010000 08:40 357787                     /root/.local/lib/python3.10/site-packages/zmq/backend/cython/_device.cpython-310-x86_64-linux-gnu.so
7770fe3d1000-7770fe3d3000 r--p 00000000 08:40 93804                      /usr/lib/x86_64-linux-gnu/libffi.so.8.1.0
7770fe3d3000-7770fe3da000 r-xp 00002000 08:40 93804                      /usr/lib/x86_64-linux-gnu/libffi.so.8.1.0
7770fe3da000-7770fe3db000 r--p 00009000 08:40 93804                      /usr/lib/x86_64-linux-gnu/libffi.so.8.1.0
7770fe3db000-7770fe3dc000 ---p 0000a000 08:40 93804                      /usr/lib/x86_64-linux-gnu/libffi.so.8.1.0
7770fe3dc000-7770fe3dd000 r--p 0000a000 08:40 93804                      /usr/lib/x86_64-linux-gnu/libffi.so.8.1.0
7770fe3dd000-7770fe3de000 rw-p 0000b000 08:40 93804                      /usr/lib/x86_64-linux-gnu/libffi.so.8.1.0
7770fe3de000-7770fe3e4000 r--p 00000000 08:40 172646                     /usr/lib/python3.10/lib-dynload/_ctypes.cpython-310-x86_64-linux-gnu.so
7770fe3e4000-7770fe3f4000 r-xp 00006000 08:40 172646                     /usr/lib/python3.10/lib-dynload/_ctypes.cpython-310-x86_64-linux-gnu.so
7770fe3f4000-7770fe3fa000 r--p 00016000 08:40 172646                     /usr/lib/python3.10/lib-dynload/_ctypes.cpython-310-x86_64-linux-gnu.so
7770fe3fa000-7770fe3fb000 r--p 0001b000 08:40 172646                     /usr/lib/python3.10/lib-dynload/_ctypes.cpython-310-x86_64-linux-gnu.so
7770fe3fb000-7770fe3ff000 rw-p 0001c000 08:40 172646                     /usr/lib/python3.10/lib-dynload/_ctypes.cpython-310-x86_64-linux-gnu.so
7770fe3ff000-7770fe4ff000 rw-p 00000000 00:00 0 
7770fe4ff000-7770fe5b1000 r--p 00000000 08:40 93794                      /usr/lib/x86_64-linux-gnu/libcrypto.so.3
7770fe5b1000-7770fe80e000 r-xp 000b2000 08:40 93794                      /usr/lib/x86_64-linux-gnu/libcrypto.so.3
7770fe80e000-7770fe8e0000 r--p 0030f000 08:40 93794                      /usr/lib/x86_64-linux-gnu/libcrypto.so.3
7770fe8e0000-7770fe93b000 r--p 003e0000 08:40 93794                      /usr/lib/x86_64-linux-gnu/libcrypto.so.3
7770fe93b000-7770fe93e000 rw-p 0043b000 08:40 93794                      /usr/lib/x86_64-linux-gnu/libcrypto.so.3
7770fe93e000-7770fe941000 rw-p 00000000 00:00 0 
7770fe941000-7770fe95f000 r--p 00000000 08:40 93891                      /usr/lib/x86_64-linux-gnu/libssl.so.3
7770fe95f000-7770fe9ba000 r-xp 0001e000 08:40 93891                      /usr/lib/x86_64-linux-gnu/libssl.so.3
7770fe9ba000-7770fe9d7000 r--p 00079000 08:40 93891                      /usr/lib/x86_64-linux-gnu/libssl.so.3
7770fe9d7000-7770fe9e1000 r--p 00095000 08:40 93891                      /usr/lib/x86_64-linux-gnu/libssl.so.3
7770fe9e1000-7770fe9e5000 rw-p 0009f000 08:40 93891                      /usr/lib/x86_64-linux-gnu/libssl.so.3
7770fe9e5000-7770fe9f7000 r--p 00000000 08:40 172662                     /usr/lib/python3.10/lib-dynload/_ssl.cpython-310-x86_64-linux-gnu.so
7770fe9f7000-7770fea04000 r-xp 00012000 08:40 172662                     /usr/lib/python3.10/lib-dynload/_ssl.cpython-310-x86_64-linux-gnu.so
7770fea04000-7770fea12000 r--p 0001f000 08:40 172662                     /usr/lib/python3.10/lib-dynload/_ssl.cpython-310-x86_64-linux-gnu.so
7770fea12000-7770fea13000 ---p 0002d000 08:40 172662                     /usr/lib/python3.10/lib-dynload/_ssl.cpython-310-x86_64-linux-gnu.so
7770fea13000-7770fea14000 r--p 0002d000 08:40 172662                     /usr/lib/python3.10/lib-dynload/_ssl.cpython-310-x86_64-linux-gnu.so
7770fea14000-7770fea1d000 rw-p 0002e000 08:40 172662                     /usr/lib/python3.10/lib-dynload/_ssl.cpython-310-x86_64-linux-gnu.so
7770fea1d000-7770fec1d000 rw-p 00000000 00:00 0 
7770fec1d000-7770fec1f000 r--p 00000000 08:40 172678                     /usr/lib/python3.10/lib-dynload/resource.cpython-310-x86_64-linux-gnu.so
7770fec1f000-7770fec20000 r-xp 00002000 08:40 172678                     /usr/lib/python3.10/lib-dynload/resource.cpython-310-x86_64-linux-gnu.so
7770fec20000-7770fec21000 r--p 00003000 08:40 172678                     /usr/lib/python3.10/lib-dynload/resource.cpython-310-x86_64-linux-gnu.so
7770fec21000-7770fec22000 r--p 00003000 08:40 172678                     /usr/lib/python3.10/lib-dynload/resource.cpython-310-x86_64-linux-gnu.so
7770fec22000-7770fec23000 rw-p 00004000 08:40 172678                     /usr/lib/python3.10/lib-dynload/resource.cpython-310-x86_64-linux-gnu.so
7770fec23000-7770fec24000 r--p 00000000 08:40 172669                     /usr/lib/python3.10/lib-dynload/_uuid.cpython-310-x86_64-linux-gnu.so
7770fec24000-7770fec25000 r-xp 00001000 08:40 172669                     /usr/lib/python3.10/lib-dynload/_uuid.cpython-310-x86_64-linux-gnu.so
7770fec25000-7770fec26000 r--p 00002000 08:40 172669                     /usr/lib/python3.10/lib-dynload/_uuid.cpython-310-x86_64-linux-gnu.so
7770fec26000-7770fec27000 r--p 00002000 08:40 172669                     /usr/lib/python3.10/lib-dynload/_uuid.cpython-310-x86_64-linux-gnu.so
7770fec27000-7770fec28000 rw-p 00003000 08:40 172669                     /usr/lib/python3.10/lib-dynload/_uuid.cpython-310-x86_64-linux-gnu.so
7770fec28000-7770fec2b000 r--p 00000000 08:40 172655                     /usr/lib/python3.10/lib-dynload/_lzma.cpython-310-x86_64-linux-gnu.so
7770fec2b000-7770fec2f000 r-xp 00003000 08:40 172655                     /usr/lib/python3.10/lib-dynload/_lzma.cpython-310-x86_64-linux-gnu.so
7770fec2f000-7770fec32000 r--p 00007000 08:40 172655                     /usr/lib/python3.10/lib-dynload/_lzma.cpython-310-x86_64-linux-gnu.so
7770fec32000-7770fec33000 r--p 00009000 08:40 172655                     /usr/lib/python3.10/lib-dynload/_lzma.cpython-310-x86_64-linux-gnu.so
7770fec33000-7770fec34000 rw-p 0000a000 08:40 172655                     /usr/lib/python3.10/lib-dynload/_lzma.cpython-310-x86_64-linux-gnu.so
7770fec34000-7770fec36000 r--p 00000000 08:40 172637                     /usr/lib/python3.10/lib-dynload/_bz2.cpython-310-x86_64-linux-gnu.so
7770fec36000-7770fec39000 r-xp 00002000 08:40 172637                     /usr/lib/python3.10/lib-dynload/_bz2.cpython-310-x86_64-linux-gnu.so
7770fec39000-7770fec3b000 r--p 00005000 08:40 172637                     /usr/lib/python3.10/lib-dynload/_bz2.cpython-310-x86_64-linux-gnu.so
7770fec3b000-7770fec3c000 r--p 00006000 08:40 172637                     /usr/lib/python3.10/lib-dynload/_bz2.cpython-310-x86_64-linux-gnu.so
7770fec3c000-7770fec3d000 rw-p 00007000 08:40 172637                     /usr/lib/python3.10/lib-dynload/_bz2.cpython-310-x86_64-linux-gnu.so
7770fec3d000-7770fec40000 r--p 00000000 08:40 172679                     /usr/lib/python3.10/lib-dynload/termios.cpython-310-x86_64-linux-gnu.so
7770fec40000-7770fec41000 r-xp 00003000 08:40 172679                     /usr/lib/python3.10/lib-dynload/termios.cpython-310-x86_64-linux-gnu.so
7770fec41000-7770fec43000 r--p 00004000 08:40 172679                     /usr/lib/python3.10/lib-dynload/termios.cpython-310-x86_64-linux-gnu.so
7770fec43000-7770fec44000 r--p 00005000 08:40 172679                     /usr/lib/python3.10/lib-dynload/termios.cpython-310-x86_64-linux-gnu.so
7770fec44000-7770fec46000 rw-p 00006000 08:40 172679                     /usr/lib/python3.10/lib-dynload/termios.cpython-310-x86_64-linux-gnu.so
7770fec46000-7770fec4d000 r--p 00000000 08:40 172648                     /usr/lib/python3.10/lib-dynload/_curses.cpython-310-x86_64-linux-gnu.so
7770fec4d000-7770fec58000 r-xp 00007000 08:40 172648                     /usr/lib/python3.10/lib-dynload/_curses.cpython-310-x86_64-linux-gnu.so
7770fec58000-7770fec63000 r--p 00012000 08:40 172648                     /usr/lib/python3.10/lib-dynload/_curses.cpython-310-x86_64-linux-gnu.so
7770fec63000-7770fec64000 r--p 0001c000 08:40 172648                     /usr/lib/python3.10/lib-dynload/_curses.cpython-310-x86_64-linux-gnu.so
7770fec64000-7770fec66000 rw-p 0001d000 08:40 172648                     /usr/lib/python3.10/lib-dynload/_curses.cpython-310-x86_64-linux-gnu.so
7770fec66000-7770fec68000 r--p 00000000 08:40 172653                     /usr/lib/python3.10/lib-dynload/_json.cpython-310-x86_64-linux-gnu.so
7770fec68000-7770fec6f000 r-xp 00002000 08:40 172653                     /usr/lib/python3.10/lib-dynload/_json.cpython-310-x86_64-linux-gnu.so
7770fec6f000-7770fec71000 r--p 00009000 08:40 172653                     /usr/lib/python3.10/lib-dynload/_json.cpython-310-x86_64-linux-gnu.so
7770fec71000-7770fec72000 r--p 0000a000 08:40 172653                     /usr/lib/python3.10/lib-dynload/_json.cpython-310-x86_64-linux-gnu.so
7770fec72000-7770fec73000 rw-p 0000b000 08:40 172653                     /usr/lib/python3.10/lib-dynload/_json.cpython-310-x86_64-linux-gnu.so
7770fec73000-7770fee73000 rw-p 00000000 00:00 0 
7770fee73000-7770fee74000 r--p 00000000 08:40 234222                     /usr/local/lib/python3.10/dist-packages/tornado/speedups.abi3.so
7770fee74000-7770fee75000 r-xp 00001000 08:40 234222                     /usr/local/lib/python3.10/dist-packages/tornado/speedups.abi3.so
7770fee75000-7770fee76000 r--p 00002000 08:40 234222                     /usr/local/lib/python3.10/dist-packages/tornado/speedups.abi3.so
7770fee76000-7770fee77000 r--p 00002000 08:40 234222                     /usr/local/lib/python3.10/dist-packages/tornado/speedups.abi3.so
7770fee77000-7770fee78000 rw-p 00003000 08:40 234222                     /usr/local/lib/python3.10/dist-packages/tornado/speedups.abi3.so
7770fee78000-7770fee7a000 r--p 00000000 08:40 172660                     /usr/lib/python3.10/lib-dynload/_queue.cpython-310-x86_64-linux-gnu.so
7770fee7a000-7770fee7c000 r-xp 00002000 08:40 172660                     /usr/lib/python3.10/lib-dynload/_queue.cpython-310-x86_64-linux-gnu.so
7770fee7c000-7770fee7d000 r--p 00004000 08:40 172660                     /usr/lib/python3.10/lib-dynload/_queue.cpython-310-x86_64-linux-gnu.so
7770fee7d000-7770fee7e000 r--p 00004000 08:40 172660                     /usr/lib/python3.10/lib-dynload/_queue.cpython-310-x86_64-linux-gnu.so
7770fee7e000-7770fee7f000 rw-p 00005000 08:40 172660                     /usr/lib/python3.10/lib-dynload/_queue.cpython-310-x86_64-linux-gnu.so
7770fee7f000-7770fee83000 r--p 00000000 08:40 172636                     /usr/lib/python3.10/lib-dynload/_asyncio.cpython-310-x86_64-linux-gnu.so
7770fee83000-7770fee8b000 r-xp 00004000 08:40 172636                     /usr/lib/python3.10/lib-dynload/_asyncio.cpython-310-x86_64-linux-gnu.so
7770fee8b000-7770fee8f000 r--p 0000c000 08:40 172636                     /usr/lib/python3.10/lib-dynload/_asyncio.cpython-310-x86_64-linux-gnu.so
7770fee8f000-7770fee90000 ---p 00010000 08:40 172636                     /usr/lib/python3.10/lib-dynload/_asyncio.cpython-310-x86_64-linux-gnu.so
7770fee90000-7770fee91000 r--p 00010000 08:40 172636                     /usr/lib/python3.10/lib-dynload/_asyncio.cpython-310-x86_64-linux-gnu.so
7770fee91000-7770fee93000 rw-p 00011000 08:40 172636                     /usr/lib/python3.10/lib-dynload/_asyncio.cpython-310-x86_64-linux-gnu.so
7770fee93000-7770fee94000 r--p 00000000 08:40 172644                     /usr/lib/python3.10/lib-dynload/_contextvars.cpython-310-x86_64-linux-gnu.so
7770fee94000-7770fee95000 r-xp 00001000 08:40 172644                     /usr/lib/python3.10/lib-dynload/_contextvars.cpython-310-x86_64-linux-gnu.so
7770fee95000-7770fee96000 r--p 00002000 08:40 172644                     /usr/lib/python3.10/lib-dynload/_contextvars.cpython-310-x86_64-linux-gnu.so
7770fee96000-7770fee97000 r--p 00002000 08:40 172644                     /usr/lib/python3.10/lib-dynload/_contextvars.cpython-310-x86_64-linux-gnu.so
7770fee97000-7770fee98000 rw-p 00003000 08:40 172644                     /usr/lib/python3.10/lib-dynload/_contextvars.cpython-310-x86_64-linux-gnu.so
7770fee98000-7770ff0fa000 rw-p 00000000 00:00 0 
7770ff0fa000-7770ff101000 r--s 00000000 08:40 173496                     /usr/lib/x86_64-linux-gnu/gconv/gconv-modules.cache
7770ff101000-7770ff158000 r--p 00000000 08:40 93364                      /usr/lib/locale/C.utf8/LC_CTYPE
7770ff158000-7770ff15a000 rw-p 00000000 00:00 0 
7770ff15a000-7770ff182000 r--p 00000000 08:40 173688                     /usr/lib/x86_64-linux-gnu/libc.so.6
7770ff182000-7770ff317000 r-xp 00028000 08:40 173688                     /usr/lib/x86_64-linux-gnu/libc.so.6
7770ff317000-7770ff36f000 r--p 001bd000 08:40 173688                     /usr/lib/x86_64-linux-gnu/libc.so.6
7770ff36f000-7770ff370000 ---p 00215000 08:40 173688                     /usr/lib/x86_64-linux-gnu/libc.so.6
7770ff370000-7770ff374000 r--p 00215000 08:40 173688                     /usr/lib/x86_64-linux-gnu/libc.so.6
7770ff374000-7770ff376000 rw-p 00219000 08:40 173688                     /usr/lib/x86_64-linux-gnu/libc.so.6
7770ff376000-7770ff383000 rw-p 00000000 00:00 0 
7770ff383000-7770ff385000 r--p 00000000 08:40 93915                      /usr/lib/x86_64-linux-gnu/libz.so.1.2.11
7770ff385000-7770ff396000 r-xp 00002000 08:40 93915                      /usr/lib/x86_64-linux-gnu/libz.so.1.2.11
7770ff396000-7770ff39c000 r--p 00013000 08:40 93915                      /usr/lib/x86_64-linux-gnu/libz.so.1.2.11
7770ff39c000-7770ff39d000 ---p 00019000 08:40 93915                      /usr/lib/x86_64-linux-gnu/libz.so.1.2.11
7770ff39d000-7770ff39e000 r--p 00019000 08:40 93915                      /usr/lib/x86_64-linux-gnu/libz.so.1.2.11
7770ff39e000-7770ff39f000 rw-p 0001a000 08:40 93915                      /usr/lib/x86_64-linux-gnu/libz.so.1.2.11
7770ff39f000-7770ff3a3000 r--p 00000000 08:40 173715                     /usr/lib/x86_64-linux-gnu/libexpat.so.1.8.7
7770ff3a3000-7770ff3c2000 r-xp 00004000 08:40 173715                     /usr/lib/x86_64-linux-gnu/libexpat.so.1.8.7
7770ff3c2000-7770ff3cc000 r--p 00023000 08:40 173715                     /usr/lib/x86_64-linux-gnu/libexpat.so.1.8.7
7770ff3cc000-7770ff3cd000 ---p 0002d000 08:40 173715                     /usr/lib/x86_64-linux-gnu/libexpat.so.1.8.7
7770ff3cd000-7770ff3cf000 r--p 0002d000 08:40 173715                     /usr/lib/x86_64-linux-gnu/libexpat.so.1.8.7
7770ff3cf000-7770ff3d0000 rw-p 0002f000 08:40 173715                     /usr/lib/x86_64-linux-gnu/libexpat.so.1.8.7
7770ff3d0000-7770ff3de000 r--p 00000000 08:40 173753                     /usr/lib/x86_64-linux-gnu/libm.so.6
7770ff3de000-7770ff45a000 r-xp 0000e000 08:40 173753                     /usr/lib/x86_64-linux-gnu/libm.so.6
7770ff45a000-7770ff4b5000 r--p 0008a000 08:40 173753                     /usr/lib/x86_64-linux-gnu/libm.so.6
7770ff4b5000-7770ff4b6000 r--p 000e4000 08:40 173753                     /usr/lib/x86_64-linux-gnu/libm.so.6
7770ff4b6000-7770ff4b7000 rw-p 000e5000 08:40 173753                     /usr/lib/x86_64-linux-gnu/libm.so.6
7770ff4b7000-7770ff4b8000 r--p 00000000 08:40 172658                     /usr/lib/python3.10/lib-dynload/_opcode.cpython-310-x86_64-linux-gnu.so
7770ff4b8000-7770ff4b9000 r-xp 00001000 08:40 172658                     /usr/lib/python3.10/lib-dynload/_opcode.cpython-310-x86_64-linux-gnu.so
7770ff4b9000-7770ff4ba000 r--p 00002000 08:40 172658                     /usr/lib/python3.10/lib-dynload/_opcode.cpython-310-x86_64-linux-gnu.so
7770ff4ba000-7770ff4bb000 r--p 00002000 08:40 172658                     /usr/lib/python3.10/lib-dynload/_opcode.cpython-310-x86_64-linux-gnu.so
7770ff4bb000-7770ff4bc000 rw-p 00003000 08:40 172658                     /usr/lib/python3.10/lib-dynload/_opcode.cpython-310-x86_64-linux-gnu.so
7770ff4bc000-7770ff4be000 rw-p 00000000 00:00 0 
7770ff4be000-7770ff4c0000 r--p 00000000 08:40 173507                     /usr/lib/x86_64-linux-gnu/ld-linux-x86-64.so.2
7770ff4c0000-7770ff4ea000 r-xp 00002000 08:40 173507                     /usr/lib/x86_64-linux-gnu/ld-linux-x86-64.so.2
7770ff4ea000-7770ff4f5000 r--p 0002c000 08:40 173507                     /usr/lib/x86_64-linux-gnu/ld-linux-x86-64.so.2
7770ff4f5000-7770ff4f6000 r--p 00000000 00:00 0 
7770ff4f6000-7770ff4f8000 r--p 00037000 08:40 173507                     /usr/lib/x86_64-linux-gnu/ld-linux-x86-64.so.2
7770ff4f8000-7770ff4fa000 rw-p 00039000 08:40 173507                     /usr/lib/x86_64-linux-gnu/ld-linux-x86-64.so.2
7ffe7ba89000-7ffe7ba8d000 ---p 00000000 00:00 0 
7ffe7ba8d000-7ffe7bb89000 rw-p 00000000 00:00 0                          [stack]
7ffe7bbb0000-7ffe7bbb4000 r--p 00000000 00:00 0                          [vvar]
7ffe7bbb4000-7ffe7bbb6000 r-xp 00000000 00:00 0                          [vdso]


VM Arguments:
jvm_args: -Dfile.encoding=UTF8 -ea -Xmx1024m 
java_command: <unknown>
java_class_path (initial): /usr/local/lib/python3.10/dist-packages/konlpy/java:/usr/local/lib/python3.10/dist-packages/konlpy/java/bin:/usr/local/lib/python3.10/dist-packages/konlpy/java/open-korean-text-2.1.0.jar:/usr/local/lib/python3.10/dist-packages/konlpy/java/shineware-common-1.0.jar:/usr/local/lib/python3.10/dist-packages/konlpy/java/jhannanum-0.8.4.jar:/usr/local/lib/python3.10/dist-packages/konlpy/java/shineware-ds-1.0.jar:/usr/local/lib/python3.10/dist-packages/konlpy/java/twitter-text-1.14.7.jar:/usr/local/lib/python3.10/dist-packages/konlpy/java/kkma-2.0.jar:/usr/local/lib/python3.10/dist-packages/konlpy/java/aho-corasick.jar:/usr/local/lib/python3.10/dist-packages/konlpy/java/scala-library-2.12.3.jar:/usr/local/lib/python3.10/dist-packages/konlpy/java/snakeyaml-1.12.jar:/usr/local/lib/python3.10/dist-packages/konlpy/java/komoran-3.0.jar:/usr/local/lib/python3.10/dist-packages/konlpy/java/jhannanum-0.8.4.jar:/usr/local/lib/python3.10/dist-packages/konlpy/java/kkma-2.0.jar:/usr/local/lib/python3.10/dist-packages/konlpy/java/aho-corasick.jar:/usr/local/lib/python3.10/dist-packages/konlpy/java/shineware-common-1.0.jar:/usr/local/lib/python3.10/dist-packages/konlpy/java/shineware-ds-1.0.jar:/usr/local/lib/python3.10/dist-packages/konlpy/java/komoran-3.0.jar:/usr/local/lib/python3.10/dist-packages/konlpy/java/snakeyaml-1.12.jar:/usr/local/lib/python3.10/dist-packages/konlpy/java/scala-library-2.12.3.jar:/usr/local/lib/python3.10/dist-packages/konlpy/java/open-korean-text-2.1.0.jar:/usr/local/lib/python3.10/dist-packages/konlpy/java/twitter-text-1.14.7.jar:/usr/local/lib/python3.10/dist-packages/konlpy/java/open-korean-text-2.1.0.jar:/usr/local/lib/python3.10/dist-packages/konlpy/java/shineware-common-1.0.jar:/usr/local/lib/python3.10/dist-packages/konlpy/java/jhannanum-0.8.4.jar:/usr/local/lib/python3.10/dist-packages/konlpy/java/shineware-ds-1.0.jar:/usr/local/lib/python3.10/dist-packages/konlpy/java/twitter-text-1.14.7.jar:/usr/local/lib/python3.10/dist-p
Launcher Type: generic

[Global flags]
     intx CICompilerCount                          = 12                                        {product} {ergonomic}
     uint ConcGCThreads                            = 4                                         {product} {ergonomic}
     uint G1ConcRefinementThreads                  = 15                                        {product} {ergonomic}
   size_t G1HeapRegionSize                         = 1048576                                   {product} {ergonomic}
    uintx GCDrainStackTargetSize                   = 64                                        {product} {ergonomic}
   size_t InitialHeapSize                          = 524288000                                 {product} {ergonomic}
   size_t MarkStackSize                            = 4194304                                   {product} {ergonomic}
   size_t MaxHeapSize                              = 1073741824                                {product} {command line}
   size_t MaxNewSize                               = 643825664                                 {product} {ergonomic}
   size_t MinHeapDeltaBytes                        = 1048576                                   {product} {ergonomic}
    uintx NonNMethodCodeHeapSize                   = 7594288                                {pd product} {ergonomic}
    uintx NonProfiledCodeHeapSize                  = 122031976                              {pd product} {ergonomic}
    uintx ProfiledCodeHeapSize                     = 122031976                              {pd product} {ergonomic}
    uintx ReservedCodeCacheSize                    = 251658240                              {pd product} {ergonomic}
     bool SegmentedCodeCache                       = true                                      {product} {ergonomic}
     bool UseCompressedClassPointers               = true                                 {lp64_product} {ergonomic}
     bool UseCompressedOops                        = true                                 {lp64_product} {ergonomic}
     bool UseG1GC                                  = true                                      {product} {ergonomic}

Logging:
Log output configuration:
 #0: stdout all=warning uptime,level,tags
 #1: stderr all=off uptime,level,tags

Environment Variables:
PATH=/usr/bin:/root/.local/bin:/usr/local/nvidia/bin:/usr/local/cuda/bin:/usr/local/sbin:/usr/local/bin:/usr/sbin:/usr/bin:/sbin:/bin:/usr/local/nvidia/bin:/usr/local/cuda/bin:/usr/local/sbin:/usr/local/bin:/usr/sbin:/usr/bin:/sbin:/bin
LD_LIBRARY_PATH=/usr/local/nvidia/lib:/usr/local/nvidia/lib64
SHELL=/bin/bash
DISPLAY=:29
LC_CTYPE=C.UTF-8
TERM=xterm-color

Signal Handlers:
SIGSEGV: [libjvm.so+0xebb590], sa_mask[0]=11111111011111111101111111111110, sa_flags=SA_RESTART|SA_SIGINFO
SIGBUS: [libjvm.so+0xebb590], sa_mask[0]=11111111011111111101111111111110, sa_flags=SA_RESTART|SA_SIGINFO
SIGFPE: [libjvm.so+0xebb590], sa_mask[0]=11111111011111111101111111111110, sa_flags=SA_RESTART|SA_SIGINFO
SIGPIPE: [libjvm.so+0xbfe530], sa_mask[0]=11111111011111111101111111111110, sa_flags=SA_RESTART|SA_SIGINFO
SIGXFSZ: [libjvm.so+0xbfe530], sa_mask[0]=11111111011111111101111111111110, sa_flags=SA_RESTART|SA_SIGINFO
SIGILL: [libjvm.so+0xebb590], sa_mask[0]=11111111011111111101111111111110, sa_flags=SA_RESTART|SA_SIGINFO
SIGUSR2: [libjvm.so+0xbfe3d0], sa_mask[0]=00000000000000000000000000000000, sa_flags=SA_RESTART|SA_SIGINFO
SIGHUP: [libjvm.so+0xbfebc0], sa_mask[0]=11111111011111111101111111111110, sa_flags=SA_RESTART|SA_SIGINFO
SIGINT: SIG_IGN, sa_mask[0]=00000000000000000000000000000000, sa_flags=SA_ONSTACK
SIGTERM: [libjvm.so+0xbfebc0], sa_mask[0]=11111111011111111101111111111110, sa_flags=SA_RESTART|SA_SIGINFO
SIGQUIT: [libjvm.so+0xbfebc0], sa_mask[0]=11111111011111111101111111111110, sa_flags=SA_RESTART|SA_SIGINFO


---------------  S Y S T E M  ---------------

OS:DISTRIB_ID=Ubuntu
DISTRIB_RELEASE=22.04
DISTRIB_CODENAME=jammy
DISTRIB_DESCRIPTION="Ubuntu 22.04.3 LTS"
uname:Linux 6.6.87.2-microsoft-standard-WSL2 #1 SMP PREEMPT_DYNAMIC Thu Jun  5 18:30:46 UTC 2025 x86_64
OS uptime: 0 days 23:26 hours
libc:glibc 2.35 NPTL 2.35 
rlimit (soft/hard): STACK 8192k/infinity , CORE 0k/infinity , NPROC infinity/infinity , NOFILE 1048576/1048576 , AS infinity/infinity , CPU infinity/infinity , DATA infinity/infinity , FSIZE infinity/infinity , MEMLOCK infinity/infinity
load average:0.61 0.70 0.33

/proc/meminfo:
MemTotal:       32728224 kB
MemFree:        16529304 kB
MemAvailable:   19396168 kB
Buffers:           37736 kB
Cached:          2451992 kB
SwapCached:            0 kB
Active:           892908 kB
Inactive:       13617668 kB
Active(anon):       3072 kB
Inactive(anon): 12168728 kB
Active(file):     889836 kB
Inactive(file):  1448940 kB
Unevictable:          64 kB
Mlocked:              64 kB
SwapTotal:       8388608 kB
SwapFree:        8388608 kB
Dirty:                56 kB
Writeback:           180 kB
AnonPages:      12020604 kB
Mapped:          2004356 kB
Shmem:            150972 kB
KReclaimable:     906744 kB
Slab:            1137592 kB
SReclaimable:     906744 kB
SUnreclaim:       230848 kB
KernelStack:       21484 kB
PageTables:       217628 kB
SecPageTables:         0 kB
NFS_Unstable:          0 kB
Bounce:                0 kB
WritebackTmp:          0 kB
CommitLimit:    24752720 kB
Committed_AS:   16707680 kB
VmallocTotal:   34359738367 kB
VmallocUsed:       51076 kB
VmallocChunk:          0 kB
Percpu:            13152 kB
HardwareCorrupted:     0 kB
AnonHugePages:      6144 kB
ShmemHugePages:        0 kB
ShmemPmdMapped:        0 kB
FileHugePages:         0 kB
FilePmdMapped:         0 kB
Unaccepted:            0 kB
HugePages_Total:       0
HugePages_Free:        0
HugePages_Rsvd:        0
HugePages_Surp:        0
Hugepagesize:       2048 kB
Hugetlb:               0 kB
DirectMap4k:      103424 kB
DirectMap2M:    10242048 kB
DirectMap1G:    31457280 kB

/sys/kernel/mm/transparent_hugepage/enabled:
always [madvise] never
/sys/kernel/mm/transparent_hugepage/defrag (defrag/compaction efforts parameter):
always defer defer+madvise [madvise] never

Process Memory:
Virtual Size: 87215788K (peak: 87880696K)
Resident Set Size: 2535268K (peak: 2548204K) (anon: 1823784K, file: 635964K, shmem: 75520K)
Swapped out: 0K
C-Heap outstanding allocations: 1156072K, retained: 250751K
glibc malloc tunables: (default)

/proc/sys/kernel/threads-max (system-wide limit on the number of threads):
255610
/proc/sys/vm/max_map_count (maximum number of memory map areas a process may have):
1048576
/proc/sys/kernel/pid_max (system-wide limit on number of process identifiers):
4194304

container (cgroup) information:
container_type: cgroupv2
cpu_cpuset_cpus: not supported
cpu_memory_nodes: not supported
active_processor_count: 20
cpu_quota: no quota
cpu_period: 100000
cpu_shares: no shares
memory_limit_in_bytes: unlimited
memory_and_swap_limit_in_bytes: unlimited
memory_soft_limit_in_bytes: unlimited
memory_usage_in_bytes: 12657832 k
memory_max_usage_in_bytes: not supported
rss_usage_in_bytes: not supported
cache_usage_in_bytes: not supported
memory_swap_current_in_bytes: unlimited
memory_swap_max_limit_in_bytes: unlimited
maximum number of tasks: unlimited
current number of tasks: 641

Hyper-V virtualization detected
Steal ticks since vm start: 0
Steal ticks percentage since vm start:  0.000

CPU:total 20 (initial active 20) (16 cores per cpu, 2 threads per core) family 6 model 191 stepping 2 microcode 0xffffffff, cmov, cx8, fxsr, mmx, sse, sse2, sse3, ssse3, sse4.1, sse4.2, popcnt, avx, avx2, aes, clmul, erms, 3dnowpref, lzcnt, ht, tsc, bmi1, bmi2, adx, sha, fma
CPU Model and flags from /proc/cpuinfo:
model name	: 13th Gen Intel(R) Core(TM) i5-13500T
flags		: fpu vme de pse tsc msr pae mce cx8 apic sep mtrr pge mca cmov pat pse36 clflush mmx fxsr sse sse2 ss ht syscall nx pdpe1gb rdtscp lm constant_tsc rep_good nopl xtopology cpuid tsc_known_freq pni pclmulqdq ssse3 fma cx16 pcid sse4_1 sse4_2 movbe popcnt aes xsave avx f16c rdrand hypervisor lahf_lm abm 3dnowprefetch ssbd ibrs ibpb stibp ibrs_enhanced fsgsbase bmi1 avx2 smep bmi2 erms invpcid rdseed adx smap clflushopt clwb sha_ni xsaveopt xsavec xgetbv1 xsaves umip gfni vaes vpclmulqdq rdpid fsrm md_clear flush_l1d arch_capabilities
Online cpus:
0-19
Offline cpus:

BIOS frequency limitation:
<Not Available>
Frequency switch latency (ns):
<Not Available>
Available cpu frequencies:
<Not Available>
Current governor:
<Not Available>
Core performance/turbo boost:
<Not Available>

Memory: 4k page, physical 32728224k(16529304k free), swap 8388608k(8388608k free)

vm_info: OpenJDK 64-Bit Server VM (11.0.30+7-post-Ubuntu-1ubuntu122.04) for linux-amd64 JRE (11.0.30+7-post-Ubuntu-1ubuntu122.04), built on Jan 23 2026 02:24:53 by "unknown" with gcc 11.4.0

END.
